speciesName	status	fbSpecCode	validName	class	order	family	genus	commonName
Capros aper	accepted name	54	Capros aper	Actinopteri	Acanthuriformes	Caproidae	Capros	Boarfish
Perca brunnich	synonym	54	Capros aper	Actinopteri	Acanthuriformes	Caproidae	Capros	Boarfish
Perca pusilla	synonym	54	Capros aper	Actinopteri	Acanthuriformes	Caproidae	Capros	Boarfish
Zeus aper	synonym	54	Capros aper	Actinopteri	Acanthuriformes	Caproidae	Capros	Boarfish
Acipenser baerii	accepted name	4683	Acipenser baerii	Actinopteri	Acipenseriformes	Acipenseridae	Acipenser	Siberian sturgeon
Acipenser baeri	synonym	4683	Acipenser baerii	Actinopteri	Acipenseriformes	Acipenseridae	Acipenser	Siberian sturgeon
Acipenser baeri baicalensis	synonym	4683	Acipenser baerii	Actinopteri	Acipenseriformes	Acipenseridae	Acipenser	Siberian sturgeon
Acipenser baeri stenorrhynchus	synonym	4683	Acipenser baerii	Actinopteri	Acipenseriformes	Acipenseridae	Acipenser	Siberian sturgeon
Acipenser baerii baerii	synonym	4683	Acipenser baerii	Actinopteri	Acipenseriformes	Acipenseridae	Acipenser	Siberian sturgeon
Acipenser baerii baicalensis	synonym	4683	Acipenser baerii	Actinopteri	Acipenseriformes	Acipenseridae	Acipenser	Siberian sturgeon
Acipenser baerii baikalensis	synonym	4683	Acipenser baerii	Actinopteri	Acipenseriformes	Acipenseridae	Acipenser	Siberian sturgeon
Acipenser baerii stenorrhynchus	synonym	4683	Acipenser baerii	Actinopteri	Acipenseriformes	Acipenseridae	Acipenser	Siberian sturgeon
Acipenser baieri	synonym	4683	Acipenser baerii	Actinopteri	Acipenseriformes	Acipenseridae	Acipenser	Siberian sturgeon
Acipenser stenorrhynchus	synonym	4683	Acipenser baerii	Actinopteri	Acipenseriformes	Acipenseridae	Acipenser	Siberian sturgeon
Acipenser stenorrhynchus baicalensis	synonym	4683	Acipenser baerii	Actinopteri	Acipenseriformes	Acipenseridae	Acipenser	Siberian sturgeon
Acipenser gueldenstaedtii	accepted name	4712	Acipenser gueldenstaedtii	Actinopteri	Acipenseriformes	Acipenseridae	Acipenser	Danube sturgeon
Acipenser aculeatus	synonym	4712	Acipenser gueldenstaedtii	Actinopteri	Acipenseriformes	Acipenseridae	Acipenser	Danube sturgeon
Acipenser gueldenstadti	synonym	4712	Acipenser gueldenstaedtii	Actinopteri	Acipenseriformes	Acipenseridae	Acipenser	Danube sturgeon
Acipenser gueldenstadtii	synonym	4712	Acipenser gueldenstaedtii	Actinopteri	Acipenseriformes	Acipenseridae	Acipenser	Danube sturgeon
Acipenser gueldenstaedti	synonym	4712	Acipenser gueldenstaedtii	Actinopteri	Acipenseriformes	Acipenseridae	Acipenser	Danube sturgeon
Acipenser gueldenstaedti acutirostris	synonym	4712	Acipenser gueldenstaedtii	Actinopteri	Acipenseriformes	Acipenseridae	Acipenser	Danube sturgeon
Acipenser gueldenstaedti golis	synonym	4712	Acipenser gueldenstaedtii	Actinopteri	Acipenseriformes	Acipenseridae	Acipenser	Danube sturgeon
Acipenser gueldenstaedti longirostris	synonym	4712	Acipenser gueldenstaedtii	Actinopteri	Acipenseriformes	Acipenseridae	Acipenser	Danube sturgeon
Acipenser gueldenstaedti scaber	synonym	4712	Acipenser gueldenstaedtii	Actinopteri	Acipenseriformes	Acipenseridae	Acipenser	Danube sturgeon
Acipenser gueldenstaedti tanaica	synonym	4712	Acipenser gueldenstaedtii	Actinopteri	Acipenseriformes	Acipenseridae	Acipenser	Danube sturgeon
Acipenser gueldenstaedtii scobar	synonym	4712	Acipenser gueldenstaedtii	Actinopteri	Acipenseriformes	Acipenseridae	Acipenser	Danube sturgeon
Acipenser guldenstadti	synonym	4712	Acipenser gueldenstaedtii	Actinopteri	Acipenseriformes	Acipenseridae	Acipenser	Danube sturgeon
Acipenser guldenstaedti	synonym	4712	Acipenser gueldenstaedtii	Actinopteri	Acipenseriformes	Acipenseridae	Acipenser	Danube sturgeon
Acipenser macrophthalmus	synonym	4712	Acipenser gueldenstaedtii	Actinopteri	Acipenseriformes	Acipenseridae	Acipenser	Danube sturgeon
Acipenser medius	synonym	4712	Acipenser gueldenstaedtii	Actinopteri	Acipenseriformes	Acipenseridae	Acipenser	Danube sturgeon
Acipenser tuecka	synonym	4712	Acipenser gueldenstaedtii	Actinopteri	Acipenseriformes	Acipenseridae	Acipenser	Danube sturgeon
Acipenser oxyrinchus	accepted name	2593	Acipenser oxyrinchus	Actinopteri	Acipenseriformes	Acipenseridae	Acipenser	Atlantic sturgeon
Acipenser bairdii	synonym	2593	Acipenser oxyrinchus	Actinopteri	Acipenseriformes	Acipenseridae	Acipenser	Atlantic sturgeon
Acipenser girardi	synonym	2593	Acipenser oxyrinchus	Actinopteri	Acipenseriformes	Acipenseridae	Acipenser	Atlantic sturgeon
Acipenser hallowellii	synonym	2593	Acipenser oxyrinchus	Actinopteri	Acipenseriformes	Acipenseridae	Acipenser	Atlantic sturgeon
Acipenser holbrookii	synonym	2593	Acipenser oxyrinchus	Actinopteri	Acipenseriformes	Acipenseridae	Acipenser	Atlantic sturgeon
Acipenser kennicottii	synonym	2593	Acipenser oxyrinchus	Actinopteri	Acipenseriformes	Acipenseridae	Acipenser	Atlantic sturgeon
Acipenser lecontei	synonym	2593	Acipenser oxyrinchus	Actinopteri	Acipenseriformes	Acipenseridae	Acipenser	Atlantic sturgeon
Acipenser lichtensteinii	synonym	2593	Acipenser oxyrinchus	Actinopteri	Acipenseriformes	Acipenseridae	Acipenser	Atlantic sturgeon
Acipenser macrorhinus	synonym	2593	Acipenser oxyrinchus	Actinopteri	Acipenseriformes	Acipenseridae	Acipenser	Atlantic sturgeon
Acipenser oxyrhynchus	synonym	2593	Acipenser oxyrinchus	Actinopteri	Acipenseriformes	Acipenseridae	Acipenser	Atlantic sturgeon
Acipenser oxyrhynchus desotoi	synonym	2593	Acipenser oxyrinchus	Actinopteri	Acipenseriformes	Acipenseridae	Acipenser	Atlantic sturgeon
Acipenser oxyrhynchus oxyrhynchus	synonym	2593	Acipenser oxyrinchus	Actinopteri	Acipenseriformes	Acipenseridae	Acipenser	Atlantic sturgeon
Acipenser oxyrinchus de sotoi	synonym	2593	Acipenser oxyrinchus	Actinopteri	Acipenseriformes	Acipenseridae	Acipenser	Atlantic sturgeon
Acipenser oxyrinchus desotoi	synonym	2593	Acipenser oxyrinchus	Actinopteri	Acipenseriformes	Acipenseridae	Acipenser	Atlantic sturgeon
Acipenser oxyrinchus oxyrinchus	synonym	2593	Acipenser oxyrinchus	Actinopteri	Acipenseriformes	Acipenseridae	Acipenser	Atlantic sturgeon
Sturio accipenser	synonym	2593	Acipenser oxyrinchus	Actinopteri	Acipenseriformes	Acipenseridae	Acipenser	Atlantic sturgeon
Acipenser ruthenus	accepted name	4604	Acipenser ruthenus	Actinopteri	Acipenseriformes	Acipenseridae	Acipenser	Sterlet sturgeon
Acipenser dubius	synonym	4604	Acipenser ruthenus	Actinopteri	Acipenseriformes	Acipenseridae	Acipenser	Sterlet sturgeon
Acipenser gmelini	synonym	4604	Acipenser ruthenus	Actinopteri	Acipenseriformes	Acipenseridae	Acipenser	Sterlet sturgeon
Acipenser jeniscensis	synonym	4604	Acipenser ruthenus	Actinopteri	Acipenseriformes	Acipenseridae	Acipenser	Sterlet sturgeon
Acipenser jenisensis	synonym	4604	Acipenser ruthenus	Actinopteri	Acipenseriformes	Acipenseridae	Acipenser	Sterlet sturgeon
Acipenser kamensis	synonym	4604	Acipenser ruthenus	Actinopteri	Acipenseriformes	Acipenseridae	Acipenser	Sterlet sturgeon
Acipenser kankreni	synonym	4604	Acipenser ruthenus	Actinopteri	Acipenseriformes	Acipenseridae	Acipenser	Sterlet sturgeon
Acipenser koster	synonym	4604	Acipenser ruthenus	Actinopteri	Acipenseriformes	Acipenseridae	Acipenser	Sterlet sturgeon
Acipenser kostera	synonym	4604	Acipenser ruthenus	Actinopteri	Acipenseriformes	Acipenseridae	Acipenser	Sterlet sturgeon
Acipenser lovetzkyi	synonym	4604	Acipenser ruthenus	Actinopteri	Acipenseriformes	Acipenseridae	Acipenser	Sterlet sturgeon
Acipenser marsiglii	synonym	4604	Acipenser ruthenus	Actinopteri	Acipenseriformes	Acipenseridae	Acipenser	Sterlet sturgeon
Acipenser pygmaeus	synonym	4604	Acipenser ruthenus	Actinopteri	Acipenseriformes	Acipenseridae	Acipenser	Sterlet sturgeon
Acipenser ruthenicus	synonym	4604	Acipenser ruthenus	Actinopteri	Acipenseriformes	Acipenseridae	Acipenser	Sterlet sturgeon
Acipenser ruthensis	synonym	4604	Acipenser ruthenus	Actinopteri	Acipenseriformes	Acipenseridae	Acipenser	Sterlet sturgeon
Acipenser ruthenus grisescens	synonym	4604	Acipenser ruthenus	Actinopteri	Acipenseriformes	Acipenseridae	Acipenser	Sterlet sturgeon
Acipenser ruthenus leucotica	synonym	4604	Acipenser ruthenus	Actinopteri	Acipenseriformes	Acipenseridae	Acipenser	Sterlet sturgeon
Acipenser ruthenus rutzskyi	synonym	4604	Acipenser ruthenus	Actinopteri	Acipenseriformes	Acipenseridae	Acipenser	Sterlet sturgeon
Acipenser ruthenus ruzskyi	synonym	4604	Acipenser ruthenus	Actinopteri	Acipenseriformes	Acipenseridae	Acipenser	Sterlet sturgeon
Acipenser sterlet	synonym	4604	Acipenser ruthenus	Actinopteri	Acipenseriformes	Acipenseridae	Acipenser	Sterlet sturgeon
Sterledus ruthenus sibiricus	synonym	4604	Acipenser ruthenus	Actinopteri	Acipenseriformes	Acipenseridae	Acipenser	Sterlet sturgeon
Acipenser stellatus	accepted name	2065	Acipenser stellatus	Actinopteri	Acipenseriformes	Acipenseridae	Acipenser	Starry sturgeon
Acipenser helops	synonym	2065	Acipenser stellatus	Actinopteri	Acipenseriformes	Acipenseridae	Acipenser	Starry sturgeon
Acipenser ratzeburgii	synonym	2065	Acipenser stellatus	Actinopteri	Acipenseriformes	Acipenseridae	Acipenser	Starry sturgeon
Acipenser rostratus	synonym	2065	Acipenser stellatus	Actinopteri	Acipenseriformes	Acipenseridae	Acipenser	Starry sturgeon
Acipenser seuruga	synonym	2065	Acipenser stellatus	Actinopteri	Acipenseriformes	Acipenseridae	Acipenser	Starry sturgeon
Acipenser stellatus danubialis	synonym	2065	Acipenser stellatus	Actinopteri	Acipenseriformes	Acipenseridae	Acipenser	Starry sturgeon
Acipenser stellatus donensis	synonym	2065	Acipenser stellatus	Actinopteri	Acipenseriformes	Acipenseridae	Acipenser	Starry sturgeon
Acipenser stellatus illyricus	synonym	2065	Acipenser stellatus	Actinopteri	Acipenseriformes	Acipenseridae	Acipenser	Starry sturgeon
Acipenser sturio	accepted name	2066	Acipenser sturio	Actinopteri	Acipenseriformes	Acipenseridae	Acipenser	Sturgeon
Accipenser attilus	synonym	2066	Acipenser sturio	Actinopteri	Acipenseriformes	Acipenseridae	Acipenser	Sturgeon
Accipenser sturio	synonym	2066	Acipenser sturio	Actinopteri	Acipenseriformes	Acipenseridae	Acipenser	Sturgeon
Acipenser attilus	synonym	2066	Acipenser sturio	Actinopteri	Acipenseriformes	Acipenseridae	Acipenser	Sturgeon
Acipenser ducissae	synonym	2066	Acipenser sturio	Actinopteri	Acipenseriformes	Acipenseridae	Acipenser	Sturgeon
Acipenser europaeus	synonym	2066	Acipenser sturio	Actinopteri	Acipenseriformes	Acipenseridae	Acipenser	Sturgeon
Acipenser fitzingeri	synonym	2066	Acipenser sturio	Actinopteri	Acipenseriformes	Acipenseridae	Acipenser	Sturgeon
Acipenser fitzingerii	synonym	2066	Acipenser sturio	Actinopteri	Acipenseriformes	Acipenseridae	Acipenser	Sturgeon
Acipenser hospitus	synonym	2066	Acipenser sturio	Actinopteri	Acipenseriformes	Acipenseridae	Acipenser	Sturgeon
Acipenser laevissimus	synonym	2066	Acipenser sturio	Actinopteri	Acipenseriformes	Acipenseridae	Acipenser	Sturgeon
Acipenser latirostris	synonym	2066	Acipenser sturio	Actinopteri	Acipenseriformes	Acipenseridae	Acipenser	Sturgeon
Acipenser milberti	synonym	2066	Acipenser sturio	Actinopteri	Acipenseriformes	Acipenseridae	Acipenser	Sturgeon
Acipenser nehelae	synonym	2066	Acipenser sturio	Actinopteri	Acipenseriformes	Acipenseridae	Acipenser	Sturgeon
Acipenser podapos	synonym	2066	Acipenser sturio	Actinopteri	Acipenseriformes	Acipenseridae	Acipenser	Sturgeon
Acipenser stureio	synonym	2066	Acipenser sturio	Actinopteri	Acipenseriformes	Acipenseridae	Acipenser	Sturgeon
Acipenser sturioides	synonym	2066	Acipenser sturio	Actinopteri	Acipenseriformes	Acipenseridae	Acipenser	Sturgeon
Acipenser thompsonii	synonym	2066	Acipenser sturio	Actinopteri	Acipenseriformes	Acipenseridae	Acipenser	Sturgeon
Acipenser valenciennii	synonym	2066	Acipenser sturio	Actinopteri	Acipenseriformes	Acipenseridae	Acipenser	Sturgeon
Acipenser yarrellii	synonym	2066	Acipenser sturio	Actinopteri	Acipenseriformes	Acipenseridae	Acipenser	Sturgeon
Arcipenser sturio	synonym	2066	Acipenser sturio	Actinopteri	Acipenseriformes	Acipenseridae	Acipenser	Sturgeon
Sturio vulgaris	synonym	2066	Acipenser sturio	Actinopteri	Acipenseriformes	Acipenseridae	Acipenser	Sturgeon
Huso huso	accepted name	2067	Huso huso	Actinopteri	Acipenseriformes	Acipenseridae	Huso	Beluga
Acipenser albula	synonym	2067	Huso huso	Actinopteri	Acipenseriformes	Acipenseridae	Huso	Beluga
Acipenser beluga	synonym	2067	Huso huso	Actinopteri	Acipenseriformes	Acipenseridae	Huso	Beluga
Acipenser huso	synonym	2067	Huso huso	Actinopteri	Acipenseriformes	Acipenseridae	Huso	Beluga
Acipenser schypa	synonym	2067	Huso huso	Actinopteri	Acipenseriformes	Acipenseridae	Huso	Beluga
Acipenser shyp	synonym	2067	Huso huso	Actinopteri	Acipenseriformes	Acipenseridae	Huso	Beluga
Acipenser vallisnerii	synonym	2067	Huso huso	Actinopteri	Acipenseriformes	Acipenseridae	Huso	Beluga
Huso huso caspicus	synonym	2067	Huso huso	Actinopteri	Acipenseriformes	Acipenseridae	Huso	Beluga
Huso huso maeoticus	synonym	2067	Huso huso	Actinopteri	Acipenseriformes	Acipenseridae	Huso	Beluga
Huso huso orientalis	synonym	2067	Huso huso	Actinopteri	Acipenseriformes	Acipenseridae	Huso	Beluga
Huso huso ponticus	synonym	2067	Huso huso	Actinopteri	Acipenseriformes	Acipenseridae	Huso	Beluga
Huso ichthyocolla	synonym	2067	Huso huso	Actinopteri	Acipenseriformes	Acipenseridae	Huso	Beluga
Polyprion americanus	accepted name	349	Polyprion americanus	Actinopteri	Acropomatiformes	Polyprionidae	Polyprion	Wreckfish
Amphiprion americanus	synonym	349	Polyprion americanus	Actinopteri	Acropomatiformes	Polyprionidae	Polyprion	Wreckfish
Polyprion americanum	synonym	349	Polyprion americanus	Actinopteri	Acropomatiformes	Polyprionidae	Polyprion	Wreckfish
Polyprion cernium	synonym	349	Polyprion americanus	Actinopteri	Acropomatiformes	Polyprionidae	Polyprion	Wreckfish
Polyprion massiliense	synonym	349	Polyprion americanus	Actinopteri	Acropomatiformes	Polyprionidae	Polyprion	Wreckfish
Polyprion moeone	synonym	349	Polyprion americanus	Actinopteri	Acropomatiformes	Polyprionidae	Polyprion	Wreckfish
Sparus cernua	synonym	349	Polyprion americanus	Actinopteri	Acropomatiformes	Polyprionidae	Polyprion	Wreckfish
Anguilla anguilla	accepted name	35	Anguilla anguilla	Actinopteri	Anguilliformes	Anguillidae	Anguilla	European eel
Angill angill	synonym	35	Anguilla anguilla	Actinopteri	Anguilliformes	Anguillidae	Anguilla	European eel
Anguilla acutirostris	synonym	35	Anguilla anguilla	Actinopteri	Anguilliformes	Anguillidae	Anguilla	European eel
Anguilla aegyptiaca	synonym	35	Anguilla anguilla	Actinopteri	Anguilliformes	Anguillidae	Anguilla	European eel
Anguilla altirostris	synonym	35	Anguilla anguilla	Actinopteri	Anguilliformes	Anguillidae	Anguilla	European eel
Anguilla ancidda	synonym	35	Anguilla anguilla	Actinopteri	Anguilliformes	Anguillidae	Anguilla	European eel
Anguilla anguilla oxycephala	synonym	35	Anguilla anguilla	Actinopteri	Anguilliformes	Anguillidae	Anguilla	European eel
Anguilla anguillai	synonym	35	Anguilla anguilla	Actinopteri	Anguilliformes	Anguillidae	Anguilla	European eel
Anguilla anguillia	synonym	35	Anguilla anguilla	Actinopteri	Anguilliformes	Anguillidae	Anguilla	European eel
Anguilla bibroni	synonym	35	Anguilla anguilla	Actinopteri	Anguilliformes	Anguillidae	Anguilla	European eel
Anguilla brevirostris	synonym	35	Anguilla anguilla	Actinopteri	Anguilliformes	Anguillidae	Anguilla	European eel
Anguilla callensis	synonym	35	Anguilla anguilla	Actinopteri	Anguilliformes	Anguillidae	Anguilla	European eel
Anguilla canariensis	synonym	35	Anguilla anguilla	Actinopteri	Anguilliformes	Anguillidae	Anguilla	European eel
Anguilla capitone	synonym	35	Anguilla anguilla	Actinopteri	Anguilliformes	Anguillidae	Anguilla	European eel
Anguilla cloacina	synonym	35	Anguilla anguilla	Actinopteri	Anguilliformes	Anguillidae	Anguilla	European eel
Anguilla cuvieri	synonym	35	Anguilla anguilla	Actinopteri	Anguilliformes	Anguillidae	Anguilla	European eel
Anguilla eurystoma	synonym	35	Anguilla anguilla	Actinopteri	Anguilliformes	Anguillidae	Anguilla	European eel
Anguilla fluviatilis	synonym	35	Anguilla anguilla	Actinopteri	Anguilliformes	Anguillidae	Anguilla	European eel
Anguilla hibernica	synonym	35	Anguilla anguilla	Actinopteri	Anguilliformes	Anguillidae	Anguilla	European eel
Anguilla kieneri	synonym	35	Anguilla anguilla	Actinopteri	Anguilliformes	Anguillidae	Anguilla	European eel
Anguilla latirostris	synonym	35	Anguilla anguilla	Actinopteri	Anguilliformes	Anguillidae	Anguilla	European eel
Anguilla linnei	synonym	35	Anguilla anguilla	Actinopteri	Anguilliformes	Anguillidae	Anguilla	European eel
Anguilla marginata	synonym	35	Anguilla anguilla	Actinopteri	Anguilliformes	Anguillidae	Anguilla	European eel
Anguilla marina	synonym	35	Anguilla anguilla	Actinopteri	Anguilliformes	Anguillidae	Anguilla	European eel
Anguilla mediorostris	synonym	35	Anguilla anguilla	Actinopteri	Anguilliformes	Anguillidae	Anguilla	European eel
Anguilla melanochir	synonym	35	Anguilla anguilla	Actinopteri	Anguilliformes	Anguillidae	Anguilla	European eel
Anguilla microptera	synonym	35	Anguilla anguilla	Actinopteri	Anguilliformes	Anguillidae	Anguilla	European eel
Anguilla migratoria	synonym	35	Anguilla anguilla	Actinopteri	Anguilliformes	Anguillidae	Anguilla	European eel
Anguilla morena	synonym	35	Anguilla anguilla	Actinopteri	Anguilliformes	Anguillidae	Anguilla	European eel
Anguilla nilotica	synonym	35	Anguilla anguilla	Actinopteri	Anguilliformes	Anguillidae	Anguilla	European eel
Anguilla oblongirostris	synonym	35	Anguilla anguilla	Actinopteri	Anguilliformes	Anguillidae	Anguilla	European eel
Anguilla platycephala	synonym	35	Anguilla anguilla	Actinopteri	Anguilliformes	Anguillidae	Anguilla	European eel
Anguilla platyrhynchus	synonym	35	Anguilla anguilla	Actinopteri	Anguilliformes	Anguillidae	Anguilla	European eel
Anguilla savignyi	synonym	35	Anguilla anguilla	Actinopteri	Anguilliformes	Anguillidae	Anguilla	European eel
Anguilla septembrina	synonym	35	Anguilla anguilla	Actinopteri	Anguilliformes	Anguillidae	Anguilla	European eel
Anguilla vulgaris	synonym	35	Anguilla anguilla	Actinopteri	Anguilliformes	Anguillidae	Anguilla	European eel
Anguilla vulgaris fluviatilis	synonym	35	Anguilla anguilla	Actinopteri	Anguilliformes	Anguillidae	Anguilla	European eel
Anguilla vulgaris lacustus	synonym	35	Anguilla anguilla	Actinopteri	Anguilliformes	Anguillidae	Anguilla	European eel
Anguilla vulgaris macrocephala	synonym	35	Anguilla anguilla	Actinopteri	Anguilliformes	Anguillidae	Anguilla	European eel
Anguilla vulgaris marina	synonym	35	Anguilla anguilla	Actinopteri	Anguilliformes	Anguillidae	Anguilla	European eel
Anguilla vulgaris ornithorhincha	synonym	35	Anguilla anguilla	Actinopteri	Anguilliformes	Anguillidae	Anguilla	European eel
Anguilla vulgaris platyura	synonym	35	Anguilla anguilla	Actinopteri	Anguilliformes	Anguillidae	Anguilla	European eel
Leptocephalus brevirostris	synonym	35	Anguilla anguilla	Actinopteri	Anguilliformes	Anguillidae	Anguilla	European eel
Muraena anguilla	synonym	35	Anguilla anguilla	Actinopteri	Anguilliformes	Anguillidae	Anguilla	European eel
Muraena anguilla maculata	synonym	35	Anguilla anguilla	Actinopteri	Anguilliformes	Anguillidae	Anguilla	European eel
Muraena anguilla marina	synonym	35	Anguilla anguilla	Actinopteri	Anguilliformes	Anguillidae	Anguilla	European eel
Muraena oxyrhina	synonym	35	Anguilla anguilla	Actinopteri	Anguilliformes	Anguillidae	Anguilla	European eel
Muraena platyrhina	synonym	35	Anguilla anguilla	Actinopteri	Anguilliformes	Anguillidae	Anguilla	European eel
Conger conger	accepted name	301	Conger conger	Actinopteri	Anguilliformes	Congridae	Conger	European conger
Anguilla conger	synonym	301	Conger conger	Actinopteri	Anguilliformes	Congridae	Conger	European conger
Anguilla obtusa	synonym	301	Conger conger	Actinopteri	Anguilliformes	Congridae	Conger	European conger
Conger communis	synonym	301	Conger conger	Actinopteri	Anguilliformes	Congridae	Conger	European conger
Conger niger	synonym	301	Conger conger	Actinopteri	Anguilliformes	Congridae	Conger	European conger
Conger rubescens	synonym	301	Conger conger	Actinopteri	Anguilliformes	Congridae	Conger	European conger
Conger verus	synonym	301	Conger conger	Actinopteri	Anguilliformes	Congridae	Conger	European conger
Conger vulgaris	synonym	301	Conger conger	Actinopteri	Anguilliformes	Congridae	Conger	European conger
Leptocephalus candidissimus	synonym	301	Conger conger	Actinopteri	Anguilliformes	Congridae	Conger	European conger
Leptocephalus conger	synonym	301	Conger conger	Actinopteri	Anguilliformes	Congridae	Conger	European conger
Leptocephalus gussoni	synonym	301	Conger conger	Actinopteri	Anguilliformes	Congridae	Conger	European conger
Leptocephalus inaequalis	synonym	301	Conger conger	Actinopteri	Anguilliformes	Congridae	Conger	European conger
Leptocephalus lineatus	synonym	301	Conger conger	Actinopteri	Anguilliformes	Congridae	Conger	European conger
Leptocephalus morrisii	synonym	301	Conger conger	Actinopteri	Anguilliformes	Congridae	Conger	European conger
Leptocephalus pellucidus	synonym	301	Conger conger	Actinopteri	Anguilliformes	Congridae	Conger	European conger
Leptocephalus spallanzani	synonym	301	Conger conger	Actinopteri	Anguilliformes	Congridae	Conger	European conger
Leptocephalus stenops	synonym	301	Conger conger	Actinopteri	Anguilliformes	Congridae	Conger	European conger
Leptocephalus vitreus	synonym	301	Conger conger	Actinopteri	Anguilliformes	Congridae	Conger	European conger
Muraena conger	synonym	301	Conger conger	Actinopteri	Anguilliformes	Congridae	Conger	European conger
Muraena nigra	synonym	301	Conger conger	Actinopteri	Anguilliformes	Congridae	Conger	European conger
Ophidium pellucidum	synonym	301	Conger conger	Actinopteri	Anguilliformes	Congridae	Conger	European conger
Ophisoma obtusa	synonym	301	Conger conger	Actinopteri	Anguilliformes	Congridae	Conger	European conger
Argentina silus	accepted name	2700	Argentina silus	Actinopteri	Argentiniformes	Argentinidae	Argentina	Greater argentine
Salmo silus	synonym	2700	Argentina silus	Actinopteri	Argentiniformes	Argentinidae	Argentina	Greater argentine
Argentina sphyraena	accepted name	20	Argentina sphyraena	Actinopteri	Argentiniformes	Argentinidae	Argentina	Argentine
Argentina cuvieri	synonym	20	Argentina sphyraena	Actinopteri	Argentiniformes	Argentinidae	Argentina	Argentine
Argentina hebridica	synonym	20	Argentina sphyraena	Actinopteri	Argentiniformes	Argentinidae	Argentina	Argentine
Argentina silus junior	synonym	20	Argentina sphyraena	Actinopteri	Argentiniformes	Argentinidae	Argentina	Argentine
Argentina yarrelli	synonym	20	Argentina sphyraena	Actinopteri	Argentiniformes	Argentinidae	Argentina	Argentine
Goniosoma argentinum	synonym	20	Argentina sphyraena	Actinopteri	Argentiniformes	Argentinidae	Argentina	Argentine
Osmerus hebridicus	synonym	20	Argentina sphyraena	Actinopteri	Argentiniformes	Argentinidae	Argentina	Argentine
Atherina presbyter	accepted name	45	Atherina presbyter	Actinopteri	Atheriniformes	Atherinidae	Atherina	Sand smelt
Hepsetia presbyter	synonym	45	Atherina presbyter	Actinopteri	Atheriniformes	Atherinidae	Atherina	Sand smelt
Arctozenus risso	accepted name	6977	Arctozenus risso	Actinopteri	Aulopiformes	Paralepididae	Arctozenus	Spotted barracudina
Arctozenus coruscans	synonym	6977	Arctozenus risso	Actinopteri	Aulopiformes	Paralepididae	Arctozenus	Spotted barracudina
Arctozenus rissoi	synonym	6977	Arctozenus risso	Actinopteri	Aulopiformes	Paralepididae	Arctozenus	Spotted barracudina
Notolepis coruscans	synonym	6977	Arctozenus risso	Actinopteri	Aulopiformes	Paralepididae	Arctozenus	Spotted barracudina
Notolepis risso	synonym	6977	Arctozenus risso	Actinopteri	Aulopiformes	Paralepididae	Arctozenus	Spotted barracudina
Notolepis rissoi	synonym	6977	Arctozenus risso	Actinopteri	Aulopiformes	Paralepididae	Arctozenus	Spotted barracudina
Notolepis rissoi rissoi	synonym	6977	Arctozenus risso	Actinopteri	Aulopiformes	Paralepididae	Arctozenus	Spotted barracudina
Paralepis coruscans	synonym	6977	Arctozenus risso	Actinopteri	Aulopiformes	Paralepididae	Arctozenus	Spotted barracudina
Paralepis kroyeri	synonym	6977	Arctozenus risso	Actinopteri	Aulopiformes	Paralepididae	Arctozenus	Spotted barracudina
Paralepis risso	synonym	6977	Arctozenus risso	Actinopteri	Aulopiformes	Paralepididae	Arctozenus	Spotted barracudina
Paralepis rissoi rissoi	synonym	6977	Arctozenus risso	Actinopteri	Aulopiformes	Paralepididae	Arctozenus	Spotted barracudina
Sudis rissoi	synonym	6977	Arctozenus risso	Actinopteri	Aulopiformes	Paralepididae	Arctozenus	Spotted barracudina
Magnisudis atlantica	accepted name	2727	Magnisudis atlantica	Actinopteri	Aulopiformes	Paralepididae	Magnisudis	Duckbill barracudina
Magnisudis barysoma	synonym	2727	Magnisudis atlantica	Actinopteri	Aulopiformes	Paralepididae	Magnisudis	Duckbill barracudina
Paralepis atlantica	synonym	2727	Magnisudis atlantica	Actinopteri	Aulopiformes	Paralepididae	Magnisudis	Duckbill barracudina
Paralepis atlantica atlantica	synonym	2727	Magnisudis atlantica	Actinopteri	Aulopiformes	Paralepididae	Magnisudis	Duckbill barracudina
Paralepis atlanticus	synonym	2727	Magnisudis atlantica	Actinopteri	Aulopiformes	Paralepididae	Magnisudis	Duckbill barracudina
Paralepis brevis	synonym	2727	Magnisudis atlantica	Actinopteri	Aulopiformes	Paralepididae	Magnisudis	Duckbill barracudina
Paralepis bronsoni	synonym	2727	Magnisudis atlantica	Actinopteri	Aulopiformes	Paralepididae	Magnisudis	Duckbill barracudina
Sudis bronsoni	synonym	2727	Magnisudis atlantica	Actinopteri	Aulopiformes	Paralepididae	Magnisudis	Duckbill barracudina
Halobatrachus didactylus	accepted name	5429	Halobatrachus didactylus	Actinopteri	Batrachoidiformes	Batrachoididae	Halobatrachus	Lusitanian toadfish
Batrachoides didactylus	synonym	5429	Halobatrachus didactylus	Actinopteri	Batrachoidiformes	Batrachoididae	Halobatrachus	Lusitanian toadfish
Batrachoides planifrons	synonym	5429	Halobatrachus didactylus	Actinopteri	Batrachoidiformes	Batrachoididae	Halobatrachus	Lusitanian toadfish
Batrachus algeriensis	synonym	5429	Halobatrachus didactylus	Actinopteri	Batrachoidiformes	Batrachoididae	Halobatrachus	Lusitanian toadfish
Batrachus borealis	synonym	5429	Halobatrachus didactylus	Actinopteri	Batrachoidiformes	Batrachoididae	Halobatrachus	Lusitanian toadfish
Batrachus conspicillum	synonym	5429	Halobatrachus didactylus	Actinopteri	Batrachoidiformes	Batrachoididae	Halobatrachus	Lusitanian toadfish
Batrachus didactylus	synonym	5429	Halobatrachus didactylus	Actinopteri	Batrachoidiformes	Batrachoididae	Halobatrachus	Lusitanian toadfish
Batrachus guentheri	synonym	5429	Halobatrachus didactylus	Actinopteri	Batrachoidiformes	Batrachoididae	Halobatrachus	Lusitanian toadfish
Batrachus planifrons	synonym	5429	Halobatrachus didactylus	Actinopteri	Batrachoidiformes	Batrachoididae	Halobatrachus	Lusitanian toadfish
Batrachus punctatus	synonym	5429	Halobatrachus didactylus	Actinopteri	Batrachoidiformes	Batrachoididae	Halobatrachus	Lusitanian toadfish
Batrachus punctulatus	synonym	5429	Halobatrachus didactylus	Actinopteri	Batrachoidiformes	Batrachoididae	Halobatrachus	Lusitanian toadfish
Belone belone	accepted name	47	Belone belone	Actinopteri	Beloniformes	Belonidae	Belone	Garfish
Belone acus	synonym	47	Belone belone	Actinopteri	Beloniformes	Belonidae	Belone	Garfish
Belone bellone	synonym	47	Belone belone	Actinopteri	Beloniformes	Belonidae	Belone	Garfish
Belone belone belone	synonym	47	Belone belone	Actinopteri	Beloniformes	Belonidae	Belone	Garfish
Belone belone gracilis	synonym	47	Belone belone	Actinopteri	Beloniformes	Belonidae	Belone	Garfish
Belone cornidii	synonym	47	Belone belone	Actinopteri	Beloniformes	Belonidae	Belone	Garfish
Belone gracilis	synonym	47	Belone belone	Actinopteri	Beloniformes	Belonidae	Belone	Garfish
Belone linnei	synonym	47	Belone belone	Actinopteri	Beloniformes	Belonidae	Belone	Garfish
Belone longirostris	synonym	47	Belone belone	Actinopteri	Beloniformes	Belonidae	Belone	Garfish
Belone rostrata	synonym	47	Belone belone	Actinopteri	Beloniformes	Belonidae	Belone	Garfish
Belone undecimradiata	synonym	47	Belone belone	Actinopteri	Beloniformes	Belonidae	Belone	Garfish
Belone vulgaris	synonym	47	Belone belone	Actinopteri	Beloniformes	Belonidae	Belone	Garfish
Esox belone	synonym	47	Belone belone	Actinopteri	Beloniformes	Belonidae	Belone	Garfish
Hemiramphus balticus	synonym	47	Belone belone	Actinopteri	Beloniformes	Belonidae	Belone	Garfish
Hemiramphus behnii	synonym	47	Belone belone	Actinopteri	Beloniformes	Belonidae	Belone	Garfish
Hemiramphus europaeus	synonym	47	Belone belone	Actinopteri	Beloniformes	Belonidae	Belone	Garfish
Hemiramphus obtusus	synonym	47	Belone belone	Actinopteri	Beloniformes	Belonidae	Belone	Garfish
Macrognathus scolopax	synonym	47	Belone belone	Actinopteri	Beloniformes	Belonidae	Belone	Garfish
Cheilopogon heterurus	accepted name	1029	Cheilopogon heterurus	Actinopteri	Beloniformes	Exocoetidae	Cheilopogon	Mediterranean flyingfish
Cheilopogon heterurus heterurus	synonym	1029	Cheilopogon heterurus	Actinopteri	Beloniformes	Exocoetidae	Cheilopogon	Mediterranean flyingfish
Cypselurus heterurus	synonym	1029	Cheilopogon heterurus	Actinopteri	Beloniformes	Exocoetidae	Cheilopogon	Mediterranean flyingfish
Exocetus procne	synonym	1029	Cheilopogon heterurus	Actinopteri	Beloniformes	Exocoetidae	Cheilopogon	Mediterranean flyingfish
Exocoetus heterurus	synonym	1029	Cheilopogon heterurus	Actinopteri	Beloniformes	Exocoetidae	Cheilopogon	Mediterranean flyingfish
Exocoetus maculipinnis	synonym	1029	Cheilopogon heterurus	Actinopteri	Beloniformes	Exocoetidae	Cheilopogon	Mediterranean flyingfish
Exocoetus procne	synonym	1029	Cheilopogon heterurus	Actinopteri	Beloniformes	Exocoetidae	Cheilopogon	Mediterranean flyingfish
Scomberesox saurus	accepted name	1084	Scomberesox saurus	Actinopteri	Beloniformes	Scomberesocidae	Scomberesox	Atlantic saury
Belone saurus	synonym	1084	Scomberesox saurus	Actinopteri	Beloniformes	Scomberesocidae	Scomberesox	Atlantic saury
Esox saurus	synonym	1084	Scomberesox saurus	Actinopteri	Beloniformes	Scomberesocidae	Scomberesox	Atlantic saury
Grammiconotus bicolor	synonym	1084	Scomberesox saurus	Actinopteri	Beloniformes	Scomberesocidae	Scomberesox	Atlantic saury
Sayris bimaculatus	synonym	1084	Scomberesox saurus	Actinopteri	Beloniformes	Scomberesocidae	Scomberesox	Atlantic saury
Sayris hians	synonym	1084	Scomberesox saurus	Actinopteri	Beloniformes	Scomberesocidae	Scomberesox	Atlantic saury
Sayris maculata	synonym	1084	Scomberesox saurus	Actinopteri	Beloniformes	Scomberesocidae	Scomberesox	Atlantic saury
Sayris recurvirostra	synonym	1084	Scomberesox saurus	Actinopteri	Beloniformes	Scomberesocidae	Scomberesox	Atlantic saury
Sayris serrata	synonym	1084	Scomberesox saurus	Actinopteri	Beloniformes	Scomberesocidae	Scomberesox	Atlantic saury
Scomberesox camperi	synonym	1084	Scomberesox saurus	Actinopteri	Beloniformes	Scomberesocidae	Scomberesox	Atlantic saury
Scomberesox camperii	synonym	1084	Scomberesox saurus	Actinopteri	Beloniformes	Scomberesocidae	Scomberesox	Atlantic saury
Scomberesox equirostrum	synonym	1084	Scomberesox saurus	Actinopteri	Beloniformes	Scomberesocidae	Scomberesox	Atlantic saury
Scomberesox saurus saurus	synonym	1084	Scomberesox saurus	Actinopteri	Beloniformes	Scomberesocidae	Scomberesox	Atlantic saury
Scomberesox scutellatum	synonym	1084	Scomberesox saurus	Actinopteri	Beloniformes	Scomberesocidae	Scomberesox	Atlantic saury
Scomberesox storeri	synonym	1084	Scomberesox saurus	Actinopteri	Beloniformes	Scomberesocidae	Scomberesox	Atlantic saury
Scombeserox saurus	synonym	1084	Scomberesox saurus	Actinopteri	Beloniformes	Scomberesocidae	Scomberesox	Atlantic saury
Scombresox rondeleti	synonym	1084	Scomberesox saurus	Actinopteri	Beloniformes	Scomberesocidae	Scomberesox	Atlantic saury
Scombresox rondeletii	synonym	1084	Scomberesox saurus	Actinopteri	Beloniformes	Scomberesocidae	Scomberesox	Atlantic saury
Scombresox saurus	synonym	1084	Scomberesox saurus	Actinopteri	Beloniformes	Scomberesocidae	Scomberesox	Atlantic saury
Beryx decadactylus	accepted name	1319	Beryx decadactylus	Actinopteri	Beryciformes	Berycidae	Beryx	Alfonsino
Actinoberyx jugeati	synonym	1319	Beryx decadactylus	Actinopteri	Beryciformes	Berycidae	Beryx	Alfonsino
Actinoberyx longipinnis	synonym	1319	Beryx decadactylus	Actinopteri	Beryciformes	Berycidae	Beryx	Alfonsino
Actinoberyx pozzi	synonym	1319	Beryx decadactylus	Actinopteri	Beryciformes	Berycidae	Beryx	Alfonsino
Beryx borealis	synonym	1319	Beryx decadactylus	Actinopteri	Beryciformes	Berycidae	Beryx	Alfonsino
Beryx delphini	synonym	1319	Beryx decadactylus	Actinopteri	Beryciformes	Berycidae	Beryx	Alfonsino
Beryx dodecadactylus	synonym	1319	Beryx decadactylus	Actinopteri	Beryciformes	Berycidae	Beryx	Alfonsino
Beryx longipinnis	synonym	1319	Beryx decadactylus	Actinopteri	Beryciformes	Berycidae	Beryx	Alfonsino
Callionymus lyra	accepted name	23	Callionymus lyra	Actinopteri	Callionymiformes	Callionymidae	Callionymus	Dragonet
Callionymus dracunculus	synonym	23	Callionymus lyra	Actinopteri	Callionymiformes	Callionymidae	Callionymus	Dragonet
Callionymus elegans	synonym	23	Callionymus lyra	Actinopteri	Callionymiformes	Callionymidae	Callionymus	Dragonet
Callionymus sueurii	synonym	23	Callionymus lyra	Actinopteri	Callionymiformes	Callionymidae	Callionymus	Dragonet
Uranoscopus micropterygius	synonym	23	Callionymus lyra	Actinopteri	Callionymiformes	Callionymidae	Callionymus	Dragonet
Callionymus maculatus	accepted name	1807	Callionymus maculatus	Actinopteri	Callionymiformes	Callionymidae	Callionymus	NA
Callionymus cithara	synonym	1807	Callionymus maculatus	Actinopteri	Callionymiformes	Callionymidae	Callionymus	NA
Callionymus maculates	synonym	1807	Callionymus maculatus	Actinopteri	Callionymiformes	Callionymidae	Callionymus	NA
Callionymus maculatus atlantica	synonym	1807	Callionymus maculatus	Actinopteri	Callionymiformes	Callionymidae	Callionymus	NA
Callyonimus maculatus	synonym	1807	Callionymus maculatus	Actinopteri	Callionymiformes	Callionymidae	Callionymus	NA
Trachinotus ovatus	accepted name	1773	Trachinotus ovatus	Actinopteri	Carangiformes	Carangidae	Trachinotus	Pompano
Caesiomorus glauca	synonym	1773	Trachinotus ovatus	Actinopteri	Carangiformes	Carangidae	Trachinotus	Pompano
Caesiomorus glaucus	synonym	1773	Trachinotus ovatus	Actinopteri	Carangiformes	Carangidae	Trachinotus	Pompano
Caranx glaucus	synonym	1773	Trachinotus ovatus	Actinopteri	Carangiformes	Carangidae	Trachinotus	Pompano
Centronotus binotatus	synonym	1773	Trachinotus ovatus	Actinopteri	Carangiformes	Carangidae	Trachinotus	Pompano
Centronotus ovalis	synonym	1773	Trachinotus ovatus	Actinopteri	Carangiformes	Carangidae	Trachinotus	Pompano
Gasterosteus ovatus	synonym	1773	Trachinotus ovatus	Actinopteri	Carangiformes	Carangidae	Trachinotus	Pompano
Glaucus rondeletii	synonym	1773	Trachinotus ovatus	Actinopteri	Carangiformes	Carangidae	Trachinotus	Pompano
Lichia glauca	synonym	1773	Trachinotus ovatus	Actinopteri	Carangiformes	Carangidae	Trachinotus	Pompano
Lichia glaucus	synonym	1773	Trachinotus ovatus	Actinopteri	Carangiformes	Carangidae	Trachinotus	Pompano
Lichia tetracantha	synonym	1773	Trachinotus ovatus	Actinopteri	Carangiformes	Carangidae	Trachinotus	Pompano
Scomber glaucus	synonym	1773	Trachinotus ovatus	Actinopteri	Carangiformes	Carangidae	Trachinotus	Pompano
Trachinotus glauous	synonym	1773	Trachinotus ovatus	Actinopteri	Carangiformes	Carangidae	Trachinotus	Pompano
Trachinotus madeirensis	synonym	1773	Trachinotus ovatus	Actinopteri	Carangiformes	Carangidae	Trachinotus	Pompano
Trachynotus glaucus	synonym	1773	Trachinotus ovatus	Actinopteri	Carangiformes	Carangidae	Trachinotus	Pompano
Trachynotus ovatus	synonym	1773	Trachinotus ovatus	Actinopteri	Carangiformes	Carangidae	Trachinotus	Pompano
Trachurus trachurus	accepted name	1365	Trachurus trachurus	Actinopteri	Carangiformes	Carangidae	Trachurus	Atlantic horse mackerel
Caranx trachurus	synonym	1365	Trachurus trachurus	Actinopteri	Carangiformes	Carangidae	Trachurus	Atlantic horse mackerel
Scomber trachurus	synonym	1365	Trachurus trachurus	Actinopteri	Carangiformes	Carangidae	Trachurus	Atlantic horse mackerel
Trachurus europaeus	synonym	1365	Trachurus trachurus	Actinopteri	Carangiformes	Carangidae	Trachurus	Atlantic horse mackerel
Trachurus vulgaris	synonym	1365	Trachurus trachurus	Actinopteri	Carangiformes	Carangidae	Trachurus	Atlantic horse mackerel
Remora remora	accepted name	1751	Remora remora	Actinopteri	Carangiformes	Echeneidae	Remora	Shark sucker
Echeneis borboniensis	synonym	1751	Remora remora	Actinopteri	Carangiformes	Echeneidae	Remora	Shark sucker
Echeneis bourboniensis	synonym	1751	Remora remora	Actinopteri	Carangiformes	Echeneidae	Remora	Shark sucker
Echeneis nubifera	synonym	1751	Remora remora	Actinopteri	Carangiformes	Echeneidae	Remora	Shark sucker
Echeneis parva	synonym	1751	Remora remora	Actinopteri	Carangiformes	Echeneidae	Remora	Shark sucker
Echeneis postica	synonym	1751	Remora remora	Actinopteri	Carangiformes	Echeneidae	Remora	Shark sucker
Echeneis remeligo	synonym	1751	Remora remora	Actinopteri	Carangiformes	Echeneidae	Remora	Shark sucker
Echeneis remiligo	synonym	1751	Remora remora	Actinopteri	Carangiformes	Echeneidae	Remora	Shark sucker
Echeneis remora	synonym	1751	Remora remora	Actinopteri	Carangiformes	Echeneidae	Remora	Shark sucker
Echeneis remoroides	synonym	1751	Remora remora	Actinopteri	Carangiformes	Echeneidae	Remora	Shark sucker
Echeneis squalipeta	synonym	1751	Remora remora	Actinopteri	Carangiformes	Echeneidae	Remora	Shark sucker
Xiphias gladius	accepted name	226	Xiphias gladius	Actinopteri	Carangiformes	Xiphiidae	Xiphias	Swordfish
Phaethonichthys tuberculatus	synonym	226	Xiphias gladius	Actinopteri	Carangiformes	Xiphiidae	Xiphias	Swordfish
Tetrapterus imperator	synonym	226	Xiphias gladius	Actinopteri	Carangiformes	Xiphiidae	Xiphias	Swordfish
Xiphasia gladius	synonym	226	Xiphias gladius	Actinopteri	Carangiformes	Xiphiidae	Xiphias	Swordfish
Xiphias estara	synonym	226	Xiphias gladius	Actinopteri	Carangiformes	Xiphiidae	Xiphias	Swordfish
Xiphias gladius estara	synonym	226	Xiphias gladius	Actinopteri	Carangiformes	Xiphiidae	Xiphias	Swordfish
Xiphias imperator	synonym	226	Xiphias gladius	Actinopteri	Carangiformes	Xiphiidae	Xiphias	Swordfish
Xiphias rondeletii	synonym	226	Xiphias gladius	Actinopteri	Carangiformes	Xiphiidae	Xiphias	Swordfish
Xiphias rondeletti	synonym	226	Xiphias gladius	Actinopteri	Carangiformes	Xiphiidae	Xiphias	Swordfish
Xiphias thermaicus	synonym	226	Xiphias gladius	Actinopteri	Carangiformes	Xiphiidae	Xiphias	Swordfish
Xyphias gladius	synonym	226	Xiphias gladius	Actinopteri	Carangiformes	Xiphiidae	Xiphias	Swordfish
Astronotus ocellatus	accepted name	3612	Astronotus ocellatus	Actinopteri	Cichliformes	Cichlidae	Astronotus	Oscar
Acara compressus	synonym	3612	Astronotus ocellatus	Actinopteri	Cichliformes	Cichlidae	Astronotus	Oscar
Acara hyposticta	synonym	3612	Astronotus ocellatus	Actinopteri	Cichliformes	Cichlidae	Astronotus	Oscar
Astronotus ocellatus ocellatus	synonym	3612	Astronotus ocellatus	Actinopteri	Cichliformes	Cichlidae	Astronotus	Oscar
Astronotus ocellatus zebra	synonym	3612	Astronotus ocellatus	Actinopteri	Cichliformes	Cichlidae	Astronotus	Oscar
Astronotus orbiculatus	synonym	3612	Astronotus ocellatus	Actinopteri	Cichliformes	Cichlidae	Astronotus	Oscar
Cychla rubroocellata	synonym	3612	Astronotus ocellatus	Actinopteri	Cichliformes	Cichlidae	Astronotus	Oscar
Lobotes ocellatus	synonym	3612	Astronotus ocellatus	Actinopteri	Cichliformes	Cichlidae	Astronotus	Oscar
Alosa alosa	accepted name	101	Alosa alosa	Actinopteri	Clupeiformes	Clupeidae	Alosa	Allis shad
Alausa vulgaris	synonym	101	Alosa alosa	Actinopteri	Clupeiformes	Clupeidae	Alosa	Allis shad
Alosa alosa alosa	synonym	101	Alosa alosa	Actinopteri	Clupeiformes	Clupeidae	Alosa	Allis shad
Alosa communis	synonym	101	Alosa alosa	Actinopteri	Clupeiformes	Clupeidae	Alosa	Allis shad
Alosa cuvieri	synonym	101	Alosa alosa	Actinopteri	Clupeiformes	Clupeidae	Alosa	Allis shad
Alosa cuvierii	synonym	101	Alosa alosa	Actinopteri	Clupeiformes	Clupeidae	Alosa	Allis shad
Alosa rusa	synonym	101	Alosa alosa	Actinopteri	Clupeiformes	Clupeidae	Alosa	Allis shad
Alosa vulgaris	synonym	101	Alosa alosa	Actinopteri	Clupeiformes	Clupeidae	Alosa	Allis shad
Clupea alosa	synonym	101	Alosa alosa	Actinopteri	Clupeiformes	Clupeidae	Alosa	Allis shad
Alosa fallax	accepted name	5355	Alosa fallax	Actinopteri	Clupeiformes	Clupeidae	Alosa	Twaite shad
Alosa fallax balticus	synonym	5355	Alosa fallax	Actinopteri	Clupeiformes	Clupeidae	Alosa	Twaite shad
Alosa fallax fallax	synonym	5355	Alosa fallax	Actinopteri	Clupeiformes	Clupeidae	Alosa	Twaite shad
Alosa fallax nilotica	synonym	5355	Alosa fallax	Actinopteri	Clupeiformes	Clupeidae	Alosa	Twaite shad
Alosa fallax rhodanensis	synonym	5355	Alosa fallax	Actinopteri	Clupeiformes	Clupeidae	Alosa	Twaite shad
Alosa ficta	synonym	5355	Alosa fallax	Actinopteri	Clupeiformes	Clupeidae	Alosa	Twaite shad
Alosa finta	synonym	5355	Alosa fallax	Actinopteri	Clupeiformes	Clupeidae	Alosa	Twaite shad
Alosa finta nilotica	synonym	5355	Alosa fallax	Actinopteri	Clupeiformes	Clupeidae	Alosa	Twaite shad
Alosa finta rhodanensis	synonym	5355	Alosa fallax	Actinopteri	Clupeiformes	Clupeidae	Alosa	Twaite shad
Alosa minor	synonym	5355	Alosa fallax	Actinopteri	Clupeiformes	Clupeidae	Alosa	Twaite shad
Alosa squamopinnata	synonym	5355	Alosa fallax	Actinopteri	Clupeiformes	Clupeidae	Alosa	Twaite shad
Clupea fallax	synonym	5355	Alosa fallax	Actinopteri	Clupeiformes	Clupeidae	Alosa	Twaite shad
Clupea finta	synonym	5355	Alosa fallax	Actinopteri	Clupeiformes	Clupeidae	Alosa	Twaite shad
Clupea nilotica	synonym	5355	Alosa fallax	Actinopteri	Clupeiformes	Clupeidae	Alosa	Twaite shad
Clupea rufa	synonym	5355	Alosa fallax	Actinopteri	Clupeiformes	Clupeidae	Alosa	Twaite shad
Clupea sardinella	synonym	5355	Alosa fallax	Actinopteri	Clupeiformes	Clupeidae	Alosa	Twaite shad
Clupea harengus	accepted name	24	Clupea harengus	Actinopteri	Clupeiformes	Clupeidae	Clupea	Atlantic herring
Clupea alba	synonym	24	Clupea harengus	Actinopteri	Clupeiformes	Clupeidae	Clupea	Atlantic herring
Clupea atlanticus	synonym	24	Clupea harengus	Actinopteri	Clupeiformes	Clupeidae	Clupea	Atlantic herring
Clupea borealis	synonym	24	Clupea harengus	Actinopteri	Clupeiformes	Clupeidae	Clupea	Atlantic herring
Clupea britannicus	synonym	24	Clupea harengus	Actinopteri	Clupeiformes	Clupeidae	Clupea	Atlantic herring
Clupea caledonicus	synonym	24	Clupea harengus	Actinopteri	Clupeiformes	Clupeidae	Clupea	Atlantic herring
Clupea cimbricus	synonym	24	Clupea harengus	Actinopteri	Clupeiformes	Clupeidae	Clupea	Atlantic herring
Clupea elongata	synonym	24	Clupea harengus	Actinopteri	Clupeiformes	Clupeidae	Clupea	Atlantic herring
Clupea frisius	synonym	24	Clupea harengus	Actinopteri	Clupeiformes	Clupeidae	Clupea	Atlantic herring
Clupea halec	synonym	24	Clupea harengus	Actinopteri	Clupeiformes	Clupeidae	Clupea	Atlantic herring
Clupea harengula	synonym	24	Clupea harengus	Actinopteri	Clupeiformes	Clupeidae	Clupea	Atlantic herring
Clupea harengus atlanticus	synonym	24	Clupea harengus	Actinopteri	Clupeiformes	Clupeidae	Clupea	Atlantic herring
Clupea harengus borealis	synonym	24	Clupea harengus	Actinopteri	Clupeiformes	Clupeidae	Clupea	Atlantic herring
Clupea harengus britannicus	synonym	24	Clupea harengus	Actinopteri	Clupeiformes	Clupeidae	Clupea	Atlantic herring
Clupea harengus caledonicus	synonym	24	Clupea harengus	Actinopteri	Clupeiformes	Clupeidae	Clupea	Atlantic herring
Clupea harengus cimbricus	synonym	24	Clupea harengus	Actinopteri	Clupeiformes	Clupeidae	Clupea	Atlantic herring
Clupea harengus frisius	synonym	24	Clupea harengus	Actinopteri	Clupeiformes	Clupeidae	Clupea	Atlantic herring
Clupea harengus harengus	synonym	24	Clupea harengus	Actinopteri	Clupeiformes	Clupeidae	Clupea	Atlantic herring
Clupea harengus islandicus	synonym	24	Clupea harengus	Actinopteri	Clupeiformes	Clupeidae	Clupea	Atlantic herring
Clupea harengus ivernicus	synonym	24	Clupea harengus	Actinopteri	Clupeiformes	Clupeidae	Clupea	Atlantic herring
Clupea harengus membras	synonym	24	Clupea harengus	Actinopteri	Clupeiformes	Clupeidae	Clupea	Atlantic herring
Clupea harengus norvegicus	synonym	24	Clupea harengus	Actinopteri	Clupeiformes	Clupeidae	Clupea	Atlantic herring
Clupea harengus scandicus	synonym	24	Clupea harengus	Actinopteri	Clupeiformes	Clupeidae	Clupea	Atlantic herring
Clupea harengus scoticus	synonym	24	Clupea harengus	Actinopteri	Clupeiformes	Clupeidae	Clupea	Atlantic herring
Clupea harengus septemtrionalis	synonym	24	Clupea harengus	Actinopteri	Clupeiformes	Clupeidae	Clupea	Atlantic herring
Clupea islandicus	synonym	24	Clupea harengus	Actinopteri	Clupeiformes	Clupeidae	Clupea	Atlantic herring
Clupea ivernicus	synonym	24	Clupea harengus	Actinopteri	Clupeiformes	Clupeidae	Clupea	Atlantic herring
Clupea leachii	synonym	24	Clupea harengus	Actinopteri	Clupeiformes	Clupeidae	Clupea	Atlantic herring
Clupea membras	synonym	24	Clupea harengus	Actinopteri	Clupeiformes	Clupeidae	Clupea	Atlantic herring
Clupea minima	synonym	24	Clupea harengus	Actinopteri	Clupeiformes	Clupeidae	Clupea	Atlantic herring
Clupea norvegivus	synonym	24	Clupea harengus	Actinopteri	Clupeiformes	Clupeidae	Clupea	Atlantic herring
Clupea scandicus	synonym	24	Clupea harengus	Actinopteri	Clupeiformes	Clupeidae	Clupea	Atlantic herring
Clupea scoticus	synonym	24	Clupea harengus	Actinopteri	Clupeiformes	Clupeidae	Clupea	Atlantic herring
Clupea septemtrionalis	synonym	24	Clupea harengus	Actinopteri	Clupeiformes	Clupeidae	Clupea	Atlantic herring
Cyprinus esca	synonym	24	Clupea harengus	Actinopteri	Clupeiformes	Clupeidae	Clupea	Atlantic herring
Rogenia alba	synonym	24	Clupea harengus	Actinopteri	Clupeiformes	Clupeidae	Clupea	Atlantic herring
Sardina pilchardus	accepted name	1350	Sardina pilchardus	Actinopteri	Clupeiformes	Clupeidae	Sardina	European pilchard
Alosa pilchardus	synonym	1350	Sardina pilchardus	Actinopteri	Clupeiformes	Clupeidae	Sardina	European pilchard
Arengus minor	synonym	1350	Sardina pilchardus	Actinopteri	Clupeiformes	Clupeidae	Sardina	European pilchard
Clupanodon sardina	synonym	1350	Sardina pilchardus	Actinopteri	Clupeiformes	Clupeidae	Sardina	European pilchard
Clupea harengus pilchardus	synonym	1350	Sardina pilchardus	Actinopteri	Clupeiformes	Clupeidae	Sardina	European pilchard
Clupea laticosta	synonym	1350	Sardina pilchardus	Actinopteri	Clupeiformes	Clupeidae	Sardina	European pilchard
Clupea pilchardus	synonym	1350	Sardina pilchardus	Actinopteri	Clupeiformes	Clupeidae	Sardina	European pilchard
Clupea pilchardus sardinia	synonym	1350	Sardina pilchardus	Actinopteri	Clupeiformes	Clupeidae	Sardina	European pilchard
Clupea sardina	synonym	1350	Sardina pilchardus	Actinopteri	Clupeiformes	Clupeidae	Sardina	European pilchard
Clupea sardinia	synonym	1350	Sardina pilchardus	Actinopteri	Clupeiformes	Clupeidae	Sardina	European pilchard
Sardina dobrogica	synonym	1350	Sardina pilchardus	Actinopteri	Clupeiformes	Clupeidae	Sardina	European pilchard
Sardina pilchardus sardina	synonym	1350	Sardina pilchardus	Actinopteri	Clupeiformes	Clupeidae	Sardina	European pilchard
Sprattus sprattus	accepted name	1357	Sprattus sprattus	Actinopteri	Clupeiformes	Clupeidae	Sprattus	European sprat
Clupanodon phalerica	synonym	1357	Sprattus sprattus	Actinopteri	Clupeiformes	Clupeidae	Sprattus	European sprat
Clupea latulus	synonym	1357	Sprattus sprattus	Actinopteri	Clupeiformes	Clupeidae	Sprattus	European sprat
Clupea papalina	synonym	1357	Sprattus sprattus	Actinopteri	Clupeiformes	Clupeidae	Sprattus	European sprat
Clupea schoneveldii	synonym	1357	Sprattus sprattus	Actinopteri	Clupeiformes	Clupeidae	Sprattus	European sprat
Clupea spratttus	synonym	1357	Sprattus sprattus	Actinopteri	Clupeiformes	Clupeidae	Sprattus	European sprat
Clupea sprattus	synonym	1357	Sprattus sprattus	Actinopteri	Clupeiformes	Clupeidae	Sprattus	European sprat
Clupea sprattus balticus	synonym	1357	Sprattus sprattus	Actinopteri	Clupeiformes	Clupeidae	Sprattus	European sprat
Clupea sulinae	synonym	1357	Sprattus sprattus	Actinopteri	Clupeiformes	Clupeidae	Sprattus	European sprat
Meletta vulgaris	synonym	1357	Sprattus sprattus	Actinopteri	Clupeiformes	Clupeidae	Sprattus	European sprat
Spratella pumila	synonym	1357	Sprattus sprattus	Actinopteri	Clupeiformes	Clupeidae	Sprattus	European sprat
Spratella serdinka	synonym	1357	Sprattus sprattus	Actinopteri	Clupeiformes	Clupeidae	Sprattus	European sprat
Spratella sprattus baltica	synonym	1357	Sprattus sprattus	Actinopteri	Clupeiformes	Clupeidae	Sprattus	European sprat
Sprattus sprattus balticus	synonym	1357	Sprattus sprattus	Actinopteri	Clupeiformes	Clupeidae	Sprattus	European sprat
Sprattus sprattus phalearicus	synonym	1357	Sprattus sprattus	Actinopteri	Clupeiformes	Clupeidae	Sprattus	European sprat
Sprattus sprattus phalerica	synonym	1357	Sprattus sprattus	Actinopteri	Clupeiformes	Clupeidae	Sprattus	European sprat
Sprattus sprattus phalericus	synonym	1357	Sprattus sprattus	Actinopteri	Clupeiformes	Clupeidae	Sprattus	European sprat
Sprattus sprattus sprattus	synonym	1357	Sprattus sprattus	Actinopteri	Clupeiformes	Clupeidae	Sprattus	European sprat
Spratus spratus	synonym	1357	Sprattus sprattus	Actinopteri	Clupeiformes	Clupeidae	Sprattus	European sprat
Engraulis encrasicolus	accepted name	66	Engraulis encrasicolus	Actinopteri	Clupeiformes	Engraulidae	Engraulis	European anchovy
Anchoa guineensis	synonym	66	Engraulis encrasicolus	Actinopteri	Clupeiformes	Engraulidae	Engraulis	European anchovy
Anchoviella guineensis	synonym	66	Engraulis encrasicolus	Actinopteri	Clupeiformes	Engraulidae	Engraulis	European anchovy
Clupea encrasicolus	synonym	66	Engraulis encrasicolus	Actinopteri	Clupeiformes	Engraulidae	Engraulis	European anchovy
Engraulis amara	synonym	66	Engraulis encrasicolus	Actinopteri	Clupeiformes	Engraulidae	Engraulis	European anchovy
Engraulis argyrophanus	synonym	66	Engraulis encrasicolus	Actinopteri	Clupeiformes	Engraulidae	Engraulis	European anchovy
Engraulis capensis	synonym	66	Engraulis encrasicolus	Actinopteri	Clupeiformes	Engraulidae	Engraulis	European anchovy
Engraulis encrasicholus	synonym	66	Engraulis encrasicolus	Actinopteri	Clupeiformes	Engraulidae	Engraulis	European anchovy
Engraulis encrasicholus ponticus	synonym	66	Engraulis encrasicolus	Actinopteri	Clupeiformes	Engraulidae	Engraulis	European anchovy
Engraulis encrasicolis	synonym	66	Engraulis encrasicolus	Actinopteri	Clupeiformes	Engraulidae	Engraulis	European anchovy
Engraulis encrasicolus russoi	synonym	66	Engraulis encrasicolus	Actinopteri	Clupeiformes	Engraulidae	Engraulis	European anchovy
Engraulis encrassicolus	synonym	66	Engraulis encrasicolus	Actinopteri	Clupeiformes	Engraulidae	Engraulis	European anchovy
Engraulis engrasicholus	synonym	66	Engraulis encrasicolus	Actinopteri	Clupeiformes	Engraulidae	Engraulis	European anchovy
Engraulis engrasicolus	synonym	66	Engraulis encrasicolus	Actinopteri	Clupeiformes	Engraulidae	Engraulis	European anchovy
Engraulis guineensis	synonym	66	Engraulis encrasicolus	Actinopteri	Clupeiformes	Engraulidae	Engraulis	European anchovy
Engraulis meletta	synonym	66	Engraulis encrasicolus	Actinopteri	Clupeiformes	Engraulidae	Engraulis	European anchovy
Engraulis russoi	synonym	66	Engraulis encrasicolus	Actinopteri	Clupeiformes	Engraulidae	Engraulis	European anchovy
Engraulis vulgaris	synonym	66	Engraulis encrasicolus	Actinopteri	Clupeiformes	Engraulidae	Engraulis	European anchovy
Engraulus encrasicholus	synonym	66	Engraulis encrasicolus	Actinopteri	Clupeiformes	Engraulidae	Engraulis	European anchovy
Rhodeus sericeus	accepted name	2948	Rhodeus sericeus	Actinopteri	Cypriniformes	Acheilognathidae	Rhodeus	Bitterling
Cyprinus sericeus	synonym	2948	Rhodeus sericeus	Actinopteri	Cypriniformes	Acheilognathidae	Rhodeus	Bitterling
Rhodeus amarus sericeus	synonym	2948	Rhodeus sericeus	Actinopteri	Cypriniformes	Acheilognathidae	Rhodeus	Bitterling
Rhodeus mantschuricus	synonym	2948	Rhodeus sericeus	Actinopteri	Cypriniformes	Acheilognathidae	Rhodeus	Bitterling
Rhodeus sericeus sericeus	synonym	2948	Rhodeus sericeus	Actinopteri	Cypriniformes	Acheilognathidae	Rhodeus	Bitterling
Rhodeus sericeus sinensis	synonym	2948	Rhodeus sericeus	Actinopteri	Cypriniformes	Acheilognathidae	Rhodeus	Bitterling
Catostomus catostomus	accepted name	2962	Catostomus catostomus	Actinopteri	Cypriniformes	Catostomidae	Catostomus	Longnose sucker
Catostomus aurora	synonym	2962	Catostomus catostomus	Actinopteri	Cypriniformes	Catostomidae	Catostomus	Longnose sucker
Catostomus catostomus catostomus	synonym	2962	Catostomus catostomus	Actinopteri	Cypriniformes	Catostomidae	Catostomus	Longnose sucker
Catostomus catostomus lacustris	synonym	2962	Catostomus catostomus	Actinopteri	Cypriniformes	Catostomidae	Catostomus	Longnose sucker
Catostomus catostomus rostratus	synonym	2962	Catostomus catostomus	Actinopteri	Cypriniformes	Catostomidae	Catostomus	Longnose sucker
Catostomus communis	synonym	2962	Catostomus catostomus	Actinopteri	Cypriniformes	Catostomidae	Catostomus	Longnose sucker
Catostomus forsterianus	synonym	2962	Catostomus catostomus	Actinopteri	Cypriniformes	Catostomidae	Catostomus	Longnose sucker
Catostomus griseus	synonym	2962	Catostomus catostomus	Actinopteri	Cypriniformes	Catostomidae	Catostomus	Longnose sucker
Catostomus hudsonius	synonym	2962	Catostomus catostomus	Actinopteri	Cypriniformes	Catostomidae	Catostomus	Longnose sucker
Catostomus longirostris	synonym	2962	Catostomus catostomus	Actinopteri	Cypriniformes	Catostomidae	Catostomus	Longnose sucker
Catostomus longirostrum	synonym	2962	Catostomus catostomus	Actinopteri	Cypriniformes	Catostomidae	Catostomus	Longnose sucker
Catostomus nanomyzon	synonym	2962	Catostomus catostomus	Actinopteri	Cypriniformes	Catostomidae	Catostomus	Longnose sucker
Cyprinus castostomus	synonym	2962	Catostomus catostomus	Actinopteri	Cypriniformes	Catostomidae	Catostomus	Longnose sucker
Cyprinus catostomus	synonym	2962	Catostomus catostomus	Actinopteri	Cypriniformes	Catostomidae	Catostomus	Longnose sucker
Cyprinus hudsonius	synonym	2962	Catostomus catostomus	Actinopteri	Cypriniformes	Catostomidae	Catostomus	Longnose sucker
Cyprinus rostratus	synonym	2962	Catostomus catostomus	Actinopteri	Cypriniformes	Catostomidae	Catostomus	Longnose sucker
Cobitis taenia	accepted name	6378	Cobitis taenia	Actinopteri	Cypriniformes	Cobitidae	Cobitis	Spined loach
Cobitinula anatoliae	synonym	6378	Cobitis taenia	Actinopteri	Cypriniformes	Cobitidae	Cobitis	Spined loach
Cobitis spilura	synonym	6378	Cobitis taenia	Actinopteri	Cypriniformes	Cobitidae	Cobitis	Spined loach
Cobitis taenia danubialis	synonym	6378	Cobitis taenia	Actinopteri	Cypriniformes	Cobitidae	Cobitis	Spined loach
Cobitis taenia taenia	synonym	6378	Cobitis taenia	Actinopteri	Cypriniformes	Cobitidae	Cobitis	Spined loach
Cobitis taenia tanaitica	synonym	6378	Cobitis taenia	Actinopteri	Cypriniformes	Cobitidae	Cobitis	Spined loach
Cobitis taenioides	synonym	6378	Cobitis taenia	Actinopteri	Cypriniformes	Cobitidae	Cobitis	Spined loach
Misgurnus fossilis	accepted name	4790	Misgurnus fossilis	Actinopteri	Cypriniformes	Cobitidae	Misgurnus	Weatherfish
Cobitis fossilis	synonym	4790	Misgurnus fossilis	Actinopteri	Cypriniformes	Cobitidae	Misgurnus	Weatherfish
Petromizon variegatus	synonym	4790	Misgurnus fossilis	Actinopteri	Cypriniformes	Cobitidae	Misgurnus	Weatherfish
Sabanejewia aurata	accepted name	22911	Sabanejewia aurata	Actinopteri	Cypriniformes	Cobitidae	Sabanejewia	Golden spined loach
Cobitis aralensis	synonym	22911	Sabanejewia aurata	Actinopteri	Cypriniformes	Cobitidae	Sabanejewia	Golden spined loach
Cobitis aurata	synonym	22911	Sabanejewia aurata	Actinopteri	Cypriniformes	Cobitidae	Sabanejewia	Golden spined loach
Cobitis aurata aralensis	synonym	22911	Sabanejewia aurata	Actinopteri	Cypriniformes	Cobitidae	Sabanejewia	Golden spined loach
Cobitis hohenackeri	synonym	22911	Sabanejewia aurata	Actinopteri	Cypriniformes	Cobitidae	Sabanejewia	Golden spined loach
Sabanejewia aurata aralensis	synonym	22911	Sabanejewia aurata	Actinopteri	Cypriniformes	Cobitidae	Sabanejewia	Golden spined loach
Sabanejewia aurata aurata	synonym	22911	Sabanejewia aurata	Actinopteri	Cypriniformes	Cobitidae	Sabanejewia	Golden spined loach
Barbus barbus	accepted name	4472	Barbus barbus	Actinopteri	Cypriniformes	Cyprinidae	Barbus	Barbel
Barbus barbus barbus	synonym	4472	Barbus barbus	Actinopteri	Cypriniformes	Cyprinidae	Barbus	Barbel
Barbus barbus borysthenicus	synonym	4472	Barbus barbus	Actinopteri	Cypriniformes	Cyprinidae	Barbus	Barbel
Barbus barbus gallicus	synonym	4472	Barbus barbus	Actinopteri	Cypriniformes	Cyprinidae	Barbus	Barbel
Barbus communis	synonym	4472	Barbus barbus	Actinopteri	Cypriniformes	Cyprinidae	Barbus	Barbel
Barbus fluviatilis	synonym	4472	Barbus barbus	Actinopteri	Cypriniformes	Cyprinidae	Barbus	Barbel
Barbus fluviatilis alba	synonym	4472	Barbus barbus	Actinopteri	Cypriniformes	Cyprinidae	Barbus	Barbel
Barbus fluviatilis aurata	synonym	4472	Barbus barbus	Actinopteri	Cypriniformes	Cyprinidae	Barbus	Barbel
Barbus fluviatilis tyrasensis	synonym	4472	Barbus barbus	Actinopteri	Cypriniformes	Cyprinidae	Barbus	Barbel
Barbus mayori	synonym	4472	Barbus barbus	Actinopteri	Cypriniformes	Cyprinidae	Barbus	Barbel
Barbus microphthalmus	synonym	4472	Barbus barbus	Actinopteri	Cypriniformes	Cyprinidae	Barbus	Barbel
Barbus vulgaris	synonym	4472	Barbus barbus	Actinopteri	Cypriniformes	Cyprinidae	Barbus	Barbel
Cyprinus barba	synonym	4472	Barbus barbus	Actinopteri	Cypriniformes	Cyprinidae	Barbus	Barbel
Cyprinus barbus	synonym	4472	Barbus barbus	Actinopteri	Cypriniformes	Cyprinidae	Barbus	Barbel
Carassius carassius	accepted name	270	Carassius carassius	Actinopteri	Cypriniformes	Cyprinidae	Carassius	Crucian carp
Carassius carassius carassius	synonym	270	Carassius carassius	Actinopteri	Cypriniformes	Cyprinidae	Carassius	Crucian carp
Carassius carassius jacuticus	synonym	270	Carassius carassius	Actinopteri	Cypriniformes	Cyprinidae	Carassius	Crucian carp
Carassius charax	synonym	270	Carassius carassius	Actinopteri	Cypriniformes	Cyprinidae	Carassius	Crucian carp
Carassius gibelio minutus	synonym	270	Carassius carassius	Actinopteri	Cypriniformes	Cyprinidae	Carassius	Crucian carp
Carassius humilis	synonym	270	Carassius carassius	Actinopteri	Cypriniformes	Cyprinidae	Carassius	Crucian carp
Carassius linnaei	synonym	270	Carassius carassius	Actinopteri	Cypriniformes	Cyprinidae	Carassius	Crucian carp
Carassius linnei	synonym	270	Carassius carassius	Actinopteri	Cypriniformes	Cyprinidae	Carassius	Crucian carp
Carassius linnei lacustrus	synonym	270	Carassius carassius	Actinopteri	Cypriniformes	Cyprinidae	Carassius	Crucian carp
Carassius linnei piscinarum	synonym	270	Carassius carassius	Actinopteri	Cypriniformes	Cyprinidae	Carassius	Crucian carp
Carassius moles	synonym	270	Carassius carassius	Actinopteri	Cypriniformes	Cyprinidae	Carassius	Crucian carp
Carassius oblongus	synonym	270	Carassius carassius	Actinopteri	Cypriniformes	Cyprinidae	Carassius	Crucian carp
Carassius vulgaris	synonym	270	Carassius carassius	Actinopteri	Cypriniformes	Cyprinidae	Carassius	Crucian carp
Carassius vulgaris gibbosus	synonym	270	Carassius carassius	Actinopteri	Cypriniformes	Cyprinidae	Carassius	Crucian carp
Carassius vulgaris subventrosus	synonym	270	Carassius carassius	Actinopteri	Cypriniformes	Cyprinidae	Carassius	Crucian carp
Cyprinus carassius	synonym	270	Carassius carassius	Actinopteri	Cypriniformes	Cyprinidae	Carassius	Crucian carp
Cyprinus charax	synonym	270	Carassius carassius	Actinopteri	Cypriniformes	Cyprinidae	Carassius	Crucian carp
Cyprinus gibelio minutus	synonym	270	Carassius carassius	Actinopteri	Cypriniformes	Cyprinidae	Carassius	Crucian carp
Cyprinus moles	synonym	270	Carassius carassius	Actinopteri	Cypriniformes	Cyprinidae	Carassius	Crucian carp
Carassius gibelio	accepted name	6376	Carassius gibelio	Actinopteri	Cypriniformes	Cyprinidae	Carassius	Prussian carp
Carassius auratus gibelio	synonym	6376	Carassius gibelio	Actinopteri	Cypriniformes	Cyprinidae	Carassius	Prussian carp
Carassius bucephalus	synonym	6376	Carassius gibelio	Actinopteri	Cypriniformes	Cyprinidae	Carassius	Prussian carp
Carassius ellipticus	synonym	6376	Carassius gibelio	Actinopteri	Cypriniformes	Cyprinidae	Carassius	Prussian carp
Carassius vulgaris kolenty	synonym	6376	Carassius gibelio	Actinopteri	Cypriniformes	Cyprinidae	Carassius	Prussian carp
Carassius vulgaris ventrosus	synonym	6376	Carassius gibelio	Actinopteri	Cypriniformes	Cyprinidae	Carassius	Prussian carp
Cyprinus gibelio	synonym	6376	Carassius gibelio	Actinopteri	Cypriniformes	Cyprinidae	Carassius	Prussian carp
Cyprinus carpio	accepted name	1450	Cyprinus carpio	Actinopteri	Cypriniformes	Cyprinidae	Cyprinus	Common carp
Carpio carpio gibbosus	synonym	1450	Cyprinus carpio	Actinopteri	Cypriniformes	Cyprinidae	Cyprinus	Common carp
Carpio vulgaris	synonym	1450	Cyprinus carpio	Actinopteri	Cypriniformes	Cyprinidae	Cyprinus	Common carp
Cyprinus acuminatus	synonym	1450	Cyprinus carpio	Actinopteri	Cypriniformes	Cyprinidae	Cyprinus	Common carp
Cyprinus alepidotus	synonym	1450	Cyprinus carpio	Actinopteri	Cypriniformes	Cyprinidae	Cyprinus	Common carp
Cyprinus angulatus	synonym	1450	Cyprinus carpio	Actinopteri	Cypriniformes	Cyprinidae	Cyprinus	Common carp
Cyprinus atrovirens	synonym	1450	Cyprinus carpio	Actinopteri	Cypriniformes	Cyprinidae	Cyprinus	Common carp
Cyprinus bithynicus	synonym	1450	Cyprinus carpio	Actinopteri	Cypriniformes	Cyprinidae	Cyprinus	Common carp
Cyprinus carpio anatolicus	synonym	1450	Cyprinus carpio	Actinopteri	Cypriniformes	Cyprinidae	Cyprinus	Common carp
Cyprinus carpio aralensis	synonym	1450	Cyprinus carpio	Actinopteri	Cypriniformes	Cyprinidae	Cyprinus	Common carp
Cyprinus carpio brevicirri	synonym	1450	Cyprinus carpio	Actinopteri	Cypriniformes	Cyprinidae	Cyprinus	Common carp
Cyprinus carpio carpio	synonym	1450	Cyprinus carpio	Actinopteri	Cypriniformes	Cyprinidae	Cyprinus	Common carp
Cyprinus carpio caspicus	synonym	1450	Cyprinus carpio	Actinopteri	Cypriniformes	Cyprinidae	Cyprinus	Common carp
Cyprinus carpio communis	synonym	1450	Cyprinus carpio	Actinopteri	Cypriniformes	Cyprinidae	Cyprinus	Common carp
Cyprinus carpio elongatus	synonym	1450	Cyprinus carpio	Actinopteri	Cypriniformes	Cyprinidae	Cyprinus	Common carp
Cyprinus carpio fluviatilis	synonym	1450	Cyprinus carpio	Actinopteri	Cypriniformes	Cyprinidae	Cyprinus	Common carp
Cyprinus carpio haematopterus	synonym	1450	Cyprinus carpio	Actinopteri	Cypriniformes	Cyprinidae	Cyprinus	Common carp
Cyprinus carpio lacustris	synonym	1450	Cyprinus carpio	Actinopteri	Cypriniformes	Cyprinidae	Cyprinus	Common carp
Cyprinus carpio longicirri	synonym	1450	Cyprinus carpio	Actinopteri	Cypriniformes	Cyprinidae	Cyprinus	Common carp
Cyprinus carpio monstrosus	synonym	1450	Cyprinus carpio	Actinopteri	Cypriniformes	Cyprinidae	Cyprinus	Common carp
Cyprinus carpio oblongus	synonym	1450	Cyprinus carpio	Actinopteri	Cypriniformes	Cyprinidae	Cyprinus	Common carp
Cyprinus carpio specularis	synonym	1450	Cyprinus carpio	Actinopteri	Cypriniformes	Cyprinidae	Cyprinus	Common carp
Cyprinus cirrosus	synonym	1450	Cyprinus carpio	Actinopteri	Cypriniformes	Cyprinidae	Cyprinus	Common carp
Cyprinus conirostris	synonym	1450	Cyprinus carpio	Actinopteri	Cypriniformes	Cyprinidae	Cyprinus	Common carp
Cyprinus coriaceus	synonym	1450	Cyprinus carpio	Actinopteri	Cypriniformes	Cyprinidae	Cyprinus	Common carp
Cyprinus elatus	synonym	1450	Cyprinus carpio	Actinopteri	Cypriniformes	Cyprinidae	Cyprinus	Common carp
Cyprinus festetitsii	synonym	1450	Cyprinus carpio	Actinopteri	Cypriniformes	Cyprinidae	Cyprinus	Common carp
Cyprinus hungaricus	synonym	1450	Cyprinus carpio	Actinopteri	Cypriniformes	Cyprinidae	Cyprinus	Common carp
Cyprinus macrolepidotus	synonym	1450	Cyprinus carpio	Actinopteri	Cypriniformes	Cyprinidae	Cyprinus	Common carp
Cyprinus mahuensis	synonym	1450	Cyprinus carpio	Actinopteri	Cypriniformes	Cyprinidae	Cyprinus	Common carp
Cyprinus melanotus	synonym	1450	Cyprinus carpio	Actinopteri	Cypriniformes	Cyprinidae	Cyprinus	Common carp
Cyprinus nordmannii	synonym	1450	Cyprinus carpio	Actinopteri	Cypriniformes	Cyprinidae	Cyprinus	Common carp
Cyprinus nudus	synonym	1450	Cyprinus carpio	Actinopteri	Cypriniformes	Cyprinidae	Cyprinus	Common carp
Cyprinus regina	synonym	1450	Cyprinus carpio	Actinopteri	Cypriniformes	Cyprinidae	Cyprinus	Common carp
Cyprinus regius	synonym	1450	Cyprinus carpio	Actinopteri	Cypriniformes	Cyprinidae	Cyprinus	Common carp
Cyprinus rex	synonym	1450	Cyprinus carpio	Actinopteri	Cypriniformes	Cyprinidae	Cyprinus	Common carp
Cyprinus rexcyprinorum	synonym	1450	Cyprinus carpio	Actinopteri	Cypriniformes	Cyprinidae	Cyprinus	Common carp
Cyprinus rondeletii	synonym	1450	Cyprinus carpio	Actinopteri	Cypriniformes	Cyprinidae	Cyprinus	Common carp
Cyprinus specularis	synonym	1450	Cyprinus carpio	Actinopteri	Cypriniformes	Cyprinidae	Cyprinus	Common carp
Cyprinus thermalis	synonym	1450	Cyprinus carpio	Actinopteri	Cypriniformes	Cyprinidae	Cyprinus	Common carp
Cyprinus tossicole	synonym	1450	Cyprinus carpio	Actinopteri	Cypriniformes	Cyprinidae	Cyprinus	Common carp
Cyprinus viridescens	synonym	1450	Cyprinus carpio	Actinopteri	Cypriniformes	Cyprinidae	Cyprinus	Common carp
Cyprinus vittatus	synonym	1450	Cyprinus carpio	Actinopteri	Cypriniformes	Cyprinidae	Cyprinus	Common carp
Gobio gobio	accepted name	4478	Gobio gobio	Actinopteri	Cypriniformes	Gobionidae	Gobio	Gudgeon
Bungia nigrescens	synonym	4478	Gobio gobio	Actinopteri	Cypriniformes	Gobionidae	Gobio	Gudgeon
Cobitis fundulus	synonym	4478	Gobio gobio	Actinopteri	Cypriniformes	Gobionidae	Gobio	Gudgeon
Cyprinus gobio	synonym	4478	Gobio gobio	Actinopteri	Cypriniformes	Gobionidae	Gobio	Gudgeon
Gobio fluviatilis	synonym	4478	Gobio gobio	Actinopteri	Cypriniformes	Gobionidae	Gobio	Gudgeon
Gobio fluviatilis lepidolaemus	synonym	4478	Gobio gobio	Actinopteri	Cypriniformes	Gobionidae	Gobio	Gudgeon
Gobio gobio albanicus	synonym	4478	Gobio gobio	Actinopteri	Cypriniformes	Gobionidae	Gobio	Gudgeon
Gobio gobio balcanicus	synonym	4478	Gobio gobio	Actinopteri	Cypriniformes	Gobionidae	Gobio	Gudgeon
Gobio gobio gobio	synonym	4478	Gobio gobio	Actinopteri	Cypriniformes	Gobionidae	Gobio	Gudgeon
Gobio gobio katopyga	synonym	4478	Gobio gobio	Actinopteri	Cypriniformes	Gobionidae	Gobio	Gudgeon
Gobio gobio lepidolaemus	synonym	4478	Gobio gobio	Actinopteri	Cypriniformes	Gobionidae	Gobio	Gudgeon
Gobio gobio longicirris	synonym	4478	Gobio gobio	Actinopteri	Cypriniformes	Gobionidae	Gobio	Gudgeon
Gobio gobio magnicapitata	synonym	4478	Gobio gobio	Actinopteri	Cypriniformes	Gobionidae	Gobio	Gudgeon
Gobio gobio muresia	synonym	4478	Gobio gobio	Actinopteri	Cypriniformes	Gobionidae	Gobio	Gudgeon
Gobio gobio nikolskyi	synonym	4478	Gobio gobio	Actinopteri	Cypriniformes	Gobionidae	Gobio	Gudgeon
Gobio gobio prosopyga	synonym	4478	Gobio gobio	Actinopteri	Cypriniformes	Gobionidae	Gobio	Gudgeon
Gobio gobio saramaticus	synonym	4478	Gobio gobio	Actinopteri	Cypriniformes	Gobionidae	Gobio	Gudgeon
Gobio latus	synonym	4478	Gobio gobio	Actinopteri	Cypriniformes	Gobionidae	Gobio	Gudgeon
Gobio lepidolaemus	synonym	4478	Gobio gobio	Actinopteri	Cypriniformes	Gobionidae	Gobio	Gudgeon
Gobio phoxinoides	synonym	4478	Gobio gobio	Actinopteri	Cypriniformes	Gobionidae	Gobio	Gudgeon
Gobio saxatilis	synonym	4478	Gobio gobio	Actinopteri	Cypriniformes	Gobionidae	Gobio	Gudgeon
Gobio vulgaris	synonym	4478	Gobio gobio	Actinopteri	Cypriniformes	Gobionidae	Gobio	Gudgeon
Leuciscus gobio	synonym	4478	Gobio gobio	Actinopteri	Cypriniformes	Gobionidae	Gobio	Gudgeon
Romanogobio albipinnatus	accepted name	25894	Romanogobio albipinnatus	Actinopteri	Cypriniformes	Gobionidae	Romanogobio	White-finned gudgeon
Gobio albipinnatus	synonym	25894	Romanogobio albipinnatus	Actinopteri	Cypriniformes	Gobionidae	Romanogobio	White-finned gudgeon
Abramis brama	accepted name	268	Abramis brama	Actinopteri	Cypriniformes	Leuciscidae	Abramis	Freshwater bream
Abramis argyreus	synonym	268	Abramis brama	Actinopteri	Cypriniformes	Leuciscidae	Abramis	Freshwater bream
Abramis brama bergi	synonym	268	Abramis brama	Actinopteri	Cypriniformes	Leuciscidae	Abramis	Freshwater bream
Abramis brama danubii	synonym	268	Abramis brama	Actinopteri	Cypriniformes	Leuciscidae	Abramis	Freshwater bream
Abramis brama orientalis	synonym	268	Abramis brama	Actinopteri	Cypriniformes	Leuciscidae	Abramis	Freshwater bream
Abramis brama sinegorensis	synonym	268	Abramis brama	Actinopteri	Cypriniformes	Leuciscidae	Abramis	Freshwater bream
Abramis gehini	synonym	268	Abramis brama	Actinopteri	Cypriniformes	Leuciscidae	Abramis	Freshwater bream
Abramis media	synonym	268	Abramis brama	Actinopteri	Cypriniformes	Leuciscidae	Abramis	Freshwater bream
Abramis melaenus	synonym	268	Abramis brama	Actinopteri	Cypriniformes	Leuciscidae	Abramis	Freshwater bream
Abramis microlepidotus	synonym	268	Abramis brama	Actinopteri	Cypriniformes	Leuciscidae	Abramis	Freshwater bream
Abramis vetula	synonym	268	Abramis brama	Actinopteri	Cypriniformes	Leuciscidae	Abramis	Freshwater bream
Abramis vulgaris	synonym	268	Abramis brama	Actinopteri	Cypriniformes	Leuciscidae	Abramis	Freshwater bream
Cyprinus brama	synonym	268	Abramis brama	Actinopteri	Cypriniformes	Leuciscidae	Abramis	Freshwater bream
Alburnoides bipunctatus	accepted name	4875	Alburnoides bipunctatus	Actinopteri	Cypriniformes	Leuciscidae	Alburnoides	Schneider
Abramis bipunctatus	synonym	4875	Alburnoides bipunctatus	Actinopteri	Cypriniformes	Leuciscidae	Alburnoides	Schneider
Alburnoides bipunctatus smyrnaea	synonym	4875	Alburnoides bipunctatus	Actinopteri	Cypriniformes	Leuciscidae	Alburnoides	Schneider
Alburnoides bipunctatus tzanevi	synonym	4875	Alburnoides bipunctatus	Actinopteri	Cypriniformes	Leuciscidae	Alburnoides	Schneider
Alburnoides tzanevi	synonym	4875	Alburnoides bipunctatus	Actinopteri	Cypriniformes	Leuciscidae	Alburnoides	Schneider
Alburnus bipunctatus	synonym	4875	Alburnoides bipunctatus	Actinopteri	Cypriniformes	Leuciscidae	Alburnoides	Schneider
Aspius bipunctatus	synonym	4875	Alburnoides bipunctatus	Actinopteri	Cypriniformes	Leuciscidae	Alburnoides	Schneider
Cyprinus annoni	synonym	4875	Alburnoides bipunctatus	Actinopteri	Cypriniformes	Leuciscidae	Alburnoides	Schneider
Cyprinus bipunctatus	synonym	4875	Alburnoides bipunctatus	Actinopteri	Cypriniformes	Leuciscidae	Alburnoides	Schneider
Cyprinus blockii	synonym	4875	Alburnoides bipunctatus	Actinopteri	Cypriniformes	Leuciscidae	Alburnoides	Schneider
Cyprinus gronovii	synonym	4875	Alburnoides bipunctatus	Actinopteri	Cypriniformes	Leuciscidae	Alburnoides	Schneider
Cyprinus punctatus	synonym	4875	Alburnoides bipunctatus	Actinopteri	Cypriniformes	Leuciscidae	Alburnoides	Schneider
Cyprinus riemling	synonym	4875	Alburnoides bipunctatus	Actinopteri	Cypriniformes	Leuciscidae	Alburnoides	Schneider
Cyprinus sanderi	synonym	4875	Alburnoides bipunctatus	Actinopteri	Cypriniformes	Leuciscidae	Alburnoides	Schneider
Cyprinus spirlin	synonym	4875	Alburnoides bipunctatus	Actinopteri	Cypriniformes	Leuciscidae	Alburnoides	Schneider
Cyprinus tinca notha	synonym	4875	Alburnoides bipunctatus	Actinopteri	Cypriniformes	Leuciscidae	Alburnoides	Schneider
Leuciscus baldneri	synonym	4875	Alburnoides bipunctatus	Actinopteri	Cypriniformes	Leuciscidae	Alburnoides	Schneider
Leuciscus bipunctatus	synonym	4875	Alburnoides bipunctatus	Actinopteri	Cypriniformes	Leuciscidae	Alburnoides	Schneider
Spirlinus bipunctatus	synonym	4875	Alburnoides bipunctatus	Actinopteri	Cypriniformes	Leuciscidae	Alburnoides	Schneider
Alburnus alburnus	accepted name	4730	Alburnus alburnus	Actinopteri	Cypriniformes	Leuciscidae	Alburnus	Bleak
Abramis alburnus	synonym	4730	Alburnus alburnus	Actinopteri	Cypriniformes	Leuciscidae	Alburnus	Bleak
Alburnis alborella maxima	synonym	4730	Alburnus alburnus	Actinopteri	Cypriniformes	Leuciscidae	Alburnus	Bleak
Alburnus alborella lateristriga	synonym	4730	Alburnus alburnus	Actinopteri	Cypriniformes	Leuciscidae	Alburnus	Bleak
Alburnus alborellus maximus	synonym	4730	Alburnus alburnus	Actinopteri	Cypriniformes	Leuciscidae	Alburnus	Bleak
Alburnus alburnus alburnus	synonym	4730	Alburnus alburnus	Actinopteri	Cypriniformes	Leuciscidae	Alburnus	Bleak
Alburnus alburnus strumicae	synonym	4730	Alburnus alburnus	Actinopteri	Cypriniformes	Leuciscidae	Alburnus	Bleak
Alburnus alburnus thessalicus	synonym	4730	Alburnus alburnus	Actinopteri	Cypriniformes	Leuciscidae	Alburnus	Bleak
Alburnus arquatus	synonym	4730	Alburnus alburnus	Actinopteri	Cypriniformes	Leuciscidae	Alburnus	Bleak
Alburnus ausonii	synonym	4730	Alburnus alburnus	Actinopteri	Cypriniformes	Leuciscidae	Alburnus	Bleak
Alburnus avola	synonym	4730	Alburnus alburnus	Actinopteri	Cypriniformes	Leuciscidae	Alburnus	Bleak
Alburnus breviceps	synonym	4730	Alburnus alburnus	Actinopteri	Cypriniformes	Leuciscidae	Alburnus	Bleak
Alburnus charusini	synonym	4730	Alburnus alburnus	Actinopteri	Cypriniformes	Leuciscidae	Alburnus	Bleak
Alburnus fabraei	synonym	4730	Alburnus alburnus	Actinopteri	Cypriniformes	Leuciscidae	Alburnus	Bleak
Alburnus fracchia	synonym	4730	Alburnus alburnus	Actinopteri	Cypriniformes	Leuciscidae	Alburnus	Bleak
Alburnus gracilis	synonym	4730	Alburnus alburnus	Actinopteri	Cypriniformes	Leuciscidae	Alburnus	Bleak
Alburnus linnei	synonym	4730	Alburnus alburnus	Actinopteri	Cypriniformes	Leuciscidae	Alburnus	Bleak
Alburnus lucidus	synonym	4730	Alburnus alburnus	Actinopteri	Cypriniformes	Leuciscidae	Alburnus	Bleak
Alburnus lucidus angustior	synonym	4730	Alburnus alburnus	Actinopteri	Cypriniformes	Leuciscidae	Alburnus	Bleak
Alburnus lucidus colobocephala	synonym	4730	Alburnus alburnus	Actinopteri	Cypriniformes	Leuciscidae	Alburnus	Bleak
Alburnus lucidus elata	synonym	4730	Alburnus alburnus	Actinopteri	Cypriniformes	Leuciscidae	Alburnus	Bleak
Alburnus lucidus elongata	synonym	4730	Alburnus alburnus	Actinopteri	Cypriniformes	Leuciscidae	Alburnus	Bleak
Alburnus lucidus ilmenensis	synonym	4730	Alburnus alburnus	Actinopteri	Cypriniformes	Leuciscidae	Alburnus	Bleak
Alburnus lucidus lacustris	synonym	4730	Alburnus alburnus	Actinopteri	Cypriniformes	Leuciscidae	Alburnus	Bleak
Alburnus lucidus latior	synonym	4730	Alburnus alburnus	Actinopteri	Cypriniformes	Leuciscidae	Alburnus	Bleak
Alburnus lucidus macropterus	synonym	4730	Alburnus alburnus	Actinopteri	Cypriniformes	Leuciscidae	Alburnus	Bleak
Alburnus lucidus oxycephala	synonym	4730	Alburnus alburnus	Actinopteri	Cypriniformes	Leuciscidae	Alburnus	Bleak
Alburnus mirandella	synonym	4730	Alburnus alburnus	Actinopteri	Cypriniformes	Leuciscidae	Alburnus	Bleak
Alburnus obtusus	synonym	4730	Alburnus alburnus	Actinopteri	Cypriniformes	Leuciscidae	Alburnus	Bleak
Alburnus scoranzoides	synonym	4730	Alburnus alburnus	Actinopteri	Cypriniformes	Leuciscidae	Alburnus	Bleak
Alburnus striatus	synonym	4730	Alburnus alburnus	Actinopteri	Cypriniformes	Leuciscidae	Alburnus	Bleak
Alburnus strigio	synonym	4730	Alburnus alburnus	Actinopteri	Cypriniformes	Leuciscidae	Alburnus	Bleak
Aspius alburnoides	synonym	4730	Alburnus alburnus	Actinopteri	Cypriniformes	Leuciscidae	Alburnus	Bleak
Aspius ochrodon	synonym	4730	Alburnus alburnus	Actinopteri	Cypriniformes	Leuciscidae	Alburnus	Bleak
Cyprinus alburnus	synonym	4730	Alburnus alburnus	Actinopteri	Cypriniformes	Leuciscidae	Alburnus	Bleak
Leuciscus alburnus	synonym	4730	Alburnus alburnus	Actinopteri	Cypriniformes	Leuciscidae	Alburnus	Bleak
Leuciscus dolabratus	synonym	4730	Alburnus alburnus	Actinopteri	Cypriniformes	Leuciscidae	Alburnus	Bleak
Leuciscus lucidus ilmenensis	synonym	4730	Alburnus alburnus	Actinopteri	Cypriniformes	Leuciscidae	Alburnus	Bleak
Ballerus ballerus	accepted name	6374	Ballerus ballerus	Actinopteri	Cypriniformes	Leuciscidae	Ballerus	Zope
Abramis ballerus	synonym	6374	Ballerus ballerus	Actinopteri	Cypriniformes	Leuciscidae	Ballerus	Zope
Cyprinus ballerus	synonym	6374	Ballerus ballerus	Actinopteri	Cypriniformes	Leuciscidae	Ballerus	Zope
Cyprinus farenus	synonym	6374	Ballerus ballerus	Actinopteri	Cypriniformes	Leuciscidae	Ballerus	Zope
Blicca bjoerkna	accepted name	4471	Blicca bjoerkna	Actinopteri	Cypriniformes	Leuciscidae	Blicca	White bream
Abramis bjoerkna	synonym	4471	Blicca bjoerkna	Actinopteri	Cypriniformes	Leuciscidae	Blicca	White bream
Abramis blicca	synonym	4471	Blicca bjoerkna	Actinopteri	Cypriniformes	Leuciscidae	Blicca	White bream
Abramis erythropterus	synonym	4471	Blicca bjoerkna	Actinopteri	Cypriniformes	Leuciscidae	Blicca	White bream
Abramis micropteryx	synonym	4471	Blicca bjoerkna	Actinopteri	Cypriniformes	Leuciscidae	Blicca	White bream
Blicca argyroleuca	synonym	4471	Blicca bjoerkna	Actinopteri	Cypriniformes	Leuciscidae	Blicca	White bream
Blicca bjoekna	synonym	4471	Blicca bjoerkna	Actinopteri	Cypriniformes	Leuciscidae	Blicca	White bream
Blicca bjoerkna bjoerkna	synonym	4471	Blicca bjoerkna	Actinopteri	Cypriniformes	Leuciscidae	Blicca	White bream
Blicca bjoerkna derjavini	synonym	4471	Blicca bjoerkna	Actinopteri	Cypriniformes	Leuciscidae	Blicca	White bream
Blicca bjoerkna transcaucasica	synonym	4471	Blicca bjoerkna	Actinopteri	Cypriniformes	Leuciscidae	Blicca	White bream
Blicca bjorkna	synonym	4471	Blicca bjoerkna	Actinopteri	Cypriniformes	Leuciscidae	Blicca	White bream
Blicca intermedia	synonym	4471	Blicca bjoerkna	Actinopteri	Cypriniformes	Leuciscidae	Blicca	White bream
Cyprinus bjoerkna	synonym	4471	Blicca bjoerkna	Actinopteri	Cypriniformes	Leuciscidae	Blicca	White bream
Cyprinus blicca	synonym	4471	Blicca bjoerkna	Actinopteri	Cypriniformes	Leuciscidae	Blicca	White bream
Cyprinus gibbosus	synonym	4471	Blicca bjoerkna	Actinopteri	Cypriniformes	Leuciscidae	Blicca	White bream
Cyprinus gieben	synonym	4471	Blicca bjoerkna	Actinopteri	Cypriniformes	Leuciscidae	Blicca	White bream
Cyprinus laskyr	synonym	4471	Blicca bjoerkna	Actinopteri	Cypriniformes	Leuciscidae	Blicca	White bream
Cyprinus latus	synonym	4471	Blicca bjoerkna	Actinopteri	Cypriniformes	Leuciscidae	Blicca	White bream
Cyprinus meckel	synonym	4471	Blicca bjoerkna	Actinopteri	Cypriniformes	Leuciscidae	Blicca	White bream
Cyprinus plestya	synonym	4471	Blicca bjoerkna	Actinopteri	Cypriniformes	Leuciscidae	Blicca	White bream
Chondrostoma nasus	accepted name	4878	Chondrostoma nasus	Actinopteri	Cypriniformes	Leuciscidae	Chondrostoma	Common nase
Chondrostoma caerulescens	synonym	4878	Chondrostoma nasus	Actinopteri	Cypriniformes	Leuciscidae	Chondrostoma	Common nase
Chondrostoma nasus borysthenicum	synonym	4878	Chondrostoma nasus	Actinopteri	Cypriniformes	Leuciscidae	Chondrostoma	Common nase
Chondrostoma nasus hernadiensis	synonym	4878	Chondrostoma nasus	Actinopteri	Cypriniformes	Leuciscidae	Chondrostoma	Common nase
Chondrostoma nasus lumi	synonym	4878	Chondrostoma nasus	Actinopteri	Cypriniformes	Leuciscidae	Chondrostoma	Common nase
Chondrostoma nasus nasus	synonym	4878	Chondrostoma nasus	Actinopteri	Cypriniformes	Leuciscidae	Chondrostoma	Common nase
Chondrostoma nasus ohridanum	synonym	4878	Chondrostoma nasus	Actinopteri	Cypriniformes	Leuciscidae	Chondrostoma	Common nase
Chondrostoma nasus ohridanus	synonym	4878	Chondrostoma nasus	Actinopteri	Cypriniformes	Leuciscidae	Chondrostoma	Common nase
Chondrostoma nasus taeniata	synonym	4878	Chondrostoma nasus	Actinopteri	Cypriniformes	Leuciscidae	Chondrostoma	Common nase
Chondrostoma ohridanum	synonym	4878	Chondrostoma nasus	Actinopteri	Cypriniformes	Leuciscidae	Chondrostoma	Common nase
Chondrostomus nasus auratus	synonym	4878	Chondrostoma nasus	Actinopteri	Cypriniformes	Leuciscidae	Chondrostoma	Common nase
Cyprinus nasus	synonym	4878	Chondrostoma nasus	Actinopteri	Cypriniformes	Leuciscidae	Chondrostoma	Common nase
Leucaspius delineatus	accepted name	4782	Leucaspius delineatus	Actinopteri	Cypriniformes	Leuciscidae	Leucaspius	Belica
Aspius ovsianka	synonym	4782	Leucaspius delineatus	Actinopteri	Cypriniformes	Leuciscidae	Leucaspius	Belica
Aspius owsianka	synonym	4782	Leucaspius delineatus	Actinopteri	Cypriniformes	Leuciscidae	Leucaspius	Belica
Cyprinus fischeri	synonym	4782	Leucaspius delineatus	Actinopteri	Cypriniformes	Leuciscidae	Leucaspius	Belica
Cyprinus pallasii	synonym	4782	Leucaspius delineatus	Actinopteri	Cypriniformes	Leuciscidae	Leucaspius	Belica
Leucaspius abruptus	synonym	4782	Leucaspius delineatus	Actinopteri	Cypriniformes	Leuciscidae	Leucaspius	Belica
Leucaspius delineates	synonym	4782	Leucaspius delineatus	Actinopteri	Cypriniformes	Leuciscidae	Leucaspius	Belica
Leucaspius delineatus caucasicus	synonym	4782	Leucaspius delineatus	Actinopteri	Cypriniformes	Leuciscidae	Leucaspius	Belica
Leucaspius delineatus delineatus	synonym	4782	Leucaspius delineatus	Actinopteri	Cypriniformes	Leuciscidae	Leucaspius	Belica
Leucaspius delineatus dimorphus	synonym	4782	Leucaspius delineatus	Actinopteri	Cypriniformes	Leuciscidae	Leucaspius	Belica
Leucaspius relictus	synonym	4782	Leucaspius delineatus	Actinopteri	Cypriniformes	Leuciscidae	Leucaspius	Belica
Leuciscus pigmeus	synonym	4782	Leucaspius delineatus	Actinopteri	Cypriniformes	Leuciscidae	Leucaspius	Belica
Owsianka czernayi	synonym	4782	Leucaspius delineatus	Actinopteri	Cypriniformes	Leuciscidae	Leucaspius	Belica
Phoxinellus thracicus	synonym	4782	Leucaspius delineatus	Actinopteri	Cypriniformes	Leuciscidae	Leucaspius	Belica
Squalius delineatus	synonym	4782	Leucaspius delineatus	Actinopteri	Cypriniformes	Leuciscidae	Leucaspius	Belica
Leuciscus aspius	accepted name	4783	Leuciscus aspius	Actinopteri	Cypriniformes	Leuciscidae	Leuciscus	Asp
Alburnus iblioides	synonym	4783	Leuciscus aspius	Actinopteri	Cypriniformes	Leuciscidae	Leuciscus	Asp
Aspius aspius	synonym	4783	Leuciscus aspius	Actinopteri	Cypriniformes	Leuciscidae	Leuciscus	Asp
Aspius aspius aspius	synonym	4783	Leuciscus aspius	Actinopteri	Cypriniformes	Leuciscidae	Leuciscus	Asp
Aspius aspius iblioides	synonym	4783	Leuciscus aspius	Actinopteri	Cypriniformes	Leuciscidae	Leuciscus	Asp
Aspius aspius taeniatus	synonym	4783	Leuciscus aspius	Actinopteri	Cypriniformes	Leuciscidae	Leuciscus	Asp
Aspius erytrostomus	synonym	4783	Leuciscus aspius	Actinopteri	Cypriniformes	Leuciscidae	Leuciscus	Asp
Aspius linnei	synonym	4783	Leuciscus aspius	Actinopteri	Cypriniformes	Leuciscidae	Leuciscus	Asp
Aspius rapax	synonym	4783	Leuciscus aspius	Actinopteri	Cypriniformes	Leuciscidae	Leuciscus	Asp
Aspius rapax jaxartensis	synonym	4783	Leuciscus aspius	Actinopteri	Cypriniformes	Leuciscidae	Leuciscus	Asp
Aspius transcaucasicus	synonym	4783	Leuciscus aspius	Actinopteri	Cypriniformes	Leuciscidae	Leuciscus	Asp
Aspius vulgaris	synonym	4783	Leuciscus aspius	Actinopteri	Cypriniformes	Leuciscidae	Leuciscus	Asp
Cyprinus aspius	synonym	4783	Leuciscus aspius	Actinopteri	Cypriniformes	Leuciscidae	Leuciscus	Asp
Cyprinus rapax	synonym	4783	Leuciscus aspius	Actinopteri	Cypriniformes	Leuciscidae	Leuciscus	Asp
Cyprinus taeniatus	synonym	4783	Leuciscus aspius	Actinopteri	Cypriniformes	Leuciscidae	Leuciscus	Asp
Leuciscus idus	accepted name	2801	Leuciscus idus	Actinopteri	Cypriniformes	Leuciscidae	Leuciscus	Ide
Cyprinus idbarus	synonym	2801	Leuciscus idus	Actinopteri	Cypriniformes	Leuciscidae	Leuciscus	Ide
Cyprinus idus	synonym	2801	Leuciscus idus	Actinopteri	Cypriniformes	Leuciscidae	Leuciscus	Ide
Cyprinus jeses	synonym	2801	Leuciscus idus	Actinopteri	Cypriniformes	Leuciscidae	Leuciscus	Ide
Cyprinus microlepidotus	synonym	2801	Leuciscus idus	Actinopteri	Cypriniformes	Leuciscidae	Leuciscus	Ide
Cyprinus orfus	synonym	2801	Leuciscus idus	Actinopteri	Cypriniformes	Leuciscidae	Leuciscus	Ide
Cyprinus orphus	synonym	2801	Leuciscus idus	Actinopteri	Cypriniformes	Leuciscidae	Leuciscus	Ide
Idus idus	synonym	2801	Leuciscus idus	Actinopteri	Cypriniformes	Leuciscidae	Leuciscus	Ide
Idus melanotus	synonym	2801	Leuciscus idus	Actinopteri	Cypriniformes	Leuciscidae	Leuciscus	Ide
Idus melanotus orientalis	synonym	2801	Leuciscus idus	Actinopteri	Cypriniformes	Leuciscidae	Leuciscus	Ide
Idus miniatus	synonym	2801	Leuciscus idus	Actinopteri	Cypriniformes	Leuciscidae	Leuciscus	Ide
Idus oxianus	synonym	2801	Leuciscus idus	Actinopteri	Cypriniformes	Leuciscidae	Leuciscus	Ide
Leuciscus idus auratus	synonym	2801	Leuciscus idus	Actinopteri	Cypriniformes	Leuciscidae	Leuciscus	Ide
Leuciscus idus idus	synonym	2801	Leuciscus idus	Actinopteri	Cypriniformes	Leuciscidae	Leuciscus	Ide
Leuciscus idus lapponicus	synonym	2801	Leuciscus idus	Actinopteri	Cypriniformes	Leuciscidae	Leuciscus	Ide
Leuciscus idus oxianus	synonym	2801	Leuciscus idus	Actinopteri	Cypriniformes	Leuciscidae	Leuciscus	Ide
Leuciscus neglectus	synonym	2801	Leuciscus idus	Actinopteri	Cypriniformes	Leuciscidae	Leuciscus	Ide
Squalius oxianus	synonym	2801	Leuciscus idus	Actinopteri	Cypriniformes	Leuciscidae	Leuciscus	Ide
Leuciscus leuciscus	accepted name	4662	Leuciscus leuciscus	Actinopteri	Cypriniformes	Leuciscidae	Leuciscus	Common dace
Cyprinus dobula	synonym	4662	Leuciscus leuciscus	Actinopteri	Cypriniformes	Leuciscidae	Leuciscus	Common dace
Cyprinus graining	synonym	4662	Leuciscus leuciscus	Actinopteri	Cypriniformes	Leuciscidae	Leuciscus	Common dace
Cyprinus grislagine	synonym	4662	Leuciscus leuciscus	Actinopteri	Cypriniformes	Leuciscidae	Leuciscus	Common dace
Cyprinus lancastriensis	synonym	4662	Leuciscus leuciscus	Actinopteri	Cypriniformes	Leuciscidae	Leuciscus	Common dace
Cyprinus leuciscus	synonym	4662	Leuciscus leuciscus	Actinopteri	Cypriniformes	Leuciscidae	Leuciscus	Common dace
Cyprinus mugilis	synonym	4662	Leuciscus leuciscus	Actinopteri	Cypriniformes	Leuciscidae	Leuciscus	Common dace
Cyprinus salax	synonym	4662	Leuciscus leuciscus	Actinopteri	Cypriniformes	Leuciscidae	Leuciscus	Common dace
Cyprinus squalus	synonym	4662	Leuciscus leuciscus	Actinopteri	Cypriniformes	Leuciscidae	Leuciscus	Common dace
Cyprinus umbra	synonym	4662	Leuciscus leuciscus	Actinopteri	Cypriniformes	Leuciscidae	Leuciscus	Common dace
Idus stagnalis	synonym	4662	Leuciscus leuciscus	Actinopteri	Cypriniformes	Leuciscidae	Leuciscus	Common dace
Leuciscus dobula	synonym	4662	Leuciscus leuciscus	Actinopteri	Cypriniformes	Leuciscidae	Leuciscus	Common dace
Leuciscus leuciscus roulei	synonym	4662	Leuciscus leuciscus	Actinopteri	Cypriniformes	Leuciscidae	Leuciscus	Common dace
Leuciscus majalis	synonym	4662	Leuciscus leuciscus	Actinopteri	Cypriniformes	Leuciscidae	Leuciscus	Common dace
Leuciscus rodens	synonym	4662	Leuciscus leuciscus	Actinopteri	Cypriniformes	Leuciscidae	Leuciscus	Common dace
Leuciscus rostratus	synonym	4662	Leuciscus leuciscus	Actinopteri	Cypriniformes	Leuciscidae	Leuciscus	Common dace
Leuciscus saltator	synonym	4662	Leuciscus leuciscus	Actinopteri	Cypriniformes	Leuciscidae	Leuciscus	Common dace
Leuciscus vulgaris	synonym	4662	Leuciscus leuciscus	Actinopteri	Cypriniformes	Leuciscidae	Leuciscus	Common dace
Squalius chalybeius	synonym	4662	Leuciscus leuciscus	Actinopteri	Cypriniformes	Leuciscidae	Leuciscus	Common dace
Squalius lepusculus	synonym	4662	Leuciscus leuciscus	Actinopteri	Cypriniformes	Leuciscidae	Leuciscus	Common dace
Squalius leuciscus elata	synonym	4662	Leuciscus leuciscus	Actinopteri	Cypriniformes	Leuciscidae	Leuciscus	Common dace
Squalius leuciscus elongata	synonym	4662	Leuciscus leuciscus	Actinopteri	Cypriniformes	Leuciscidae	Leuciscus	Common dace
Squalius leuciscus lateristriga	synonym	4662	Leuciscus leuciscus	Actinopteri	Cypriniformes	Leuciscidae	Leuciscus	Common dace
Squalius mehdem	synonym	4662	Leuciscus leuciscus	Actinopteri	Cypriniformes	Leuciscidae	Leuciscus	Common dace
Squalius vulgaris argenteus	synonym	4662	Leuciscus leuciscus	Actinopteri	Cypriniformes	Leuciscidae	Leuciscus	Common dace
Squalius vulgaris leptorhinus	synonym	4662	Leuciscus leuciscus	Actinopteri	Cypriniformes	Leuciscidae	Leuciscus	Common dace
Squalius vulgaris minor	synonym	4662	Leuciscus leuciscus	Actinopteri	Cypriniformes	Leuciscidae	Leuciscus	Common dace
Squalius vulgaris robustior	synonym	4662	Leuciscus leuciscus	Actinopteri	Cypriniformes	Leuciscidae	Leuciscus	Common dace
Pelecus cultratus	accepted name	283	Pelecus cultratus	Actinopteri	Cypriniformes	Leuciscidae	Pelecus	Sichel
Clupea ziga	synonym	283	Pelecus cultratus	Actinopteri	Cypriniformes	Leuciscidae	Pelecus	Sichel
Cyprinus cultratus	synonym	283	Pelecus cultratus	Actinopteri	Cypriniformes	Leuciscidae	Pelecus	Sichel
Salmo microps	synonym	283	Pelecus cultratus	Actinopteri	Cypriniformes	Leuciscidae	Pelecus	Sichel
Phoxinus phoxinus	accepted name	4661	Phoxinus phoxinus	Actinopteri	Cypriniformes	Leuciscidae	Phoxinus	Eurasian minnow
Cyprinus aphya	synonym	4661	Phoxinus phoxinus	Actinopteri	Cypriniformes	Leuciscidae	Phoxinus	Eurasian minnow
Cyprinus chrysoprasius	synonym	4661	Phoxinus phoxinus	Actinopteri	Cypriniformes	Leuciscidae	Phoxinus	Eurasian minnow
Cyprinus galian	synonym	4661	Phoxinus phoxinus	Actinopteri	Cypriniformes	Leuciscidae	Phoxinus	Eurasian minnow
Cyprinus isetensis	synonym	4661	Phoxinus phoxinus	Actinopteri	Cypriniformes	Leuciscidae	Phoxinus	Eurasian minnow
Cyprinus lumaireul	synonym	4661	Phoxinus phoxinus	Actinopteri	Cypriniformes	Leuciscidae	Phoxinus	Eurasian minnow
Cyprinus morella	synonym	4661	Phoxinus phoxinus	Actinopteri	Cypriniformes	Leuciscidae	Phoxinus	Eurasian minnow
Cyprinus phoxinus	synonym	4661	Phoxinus phoxinus	Actinopteri	Cypriniformes	Leuciscidae	Phoxinus	Eurasian minnow
Cyprinus rivularis	synonym	4661	Phoxinus phoxinus	Actinopteri	Cypriniformes	Leuciscidae	Phoxinus	Eurasian minnow
Leuciscus phoxinus	synonym	4661	Phoxinus phoxinus	Actinopteri	Cypriniformes	Leuciscidae	Phoxinus	Eurasian minnow
Phoxinus csikii	synonym	4661	Phoxinus phoxinus	Actinopteri	Cypriniformes	Leuciscidae	Phoxinus	Eurasian minnow
Phoxinus laevis	synonym	4661	Phoxinus phoxinus	Actinopteri	Cypriniformes	Leuciscidae	Phoxinus	Eurasian minnow
Phoxinus laevis balchaschana	synonym	4661	Phoxinus phoxinus	Actinopteri	Cypriniformes	Leuciscidae	Phoxinus	Eurasian minnow
Phoxinus lumaireul	synonym	4661	Phoxinus phoxinus	Actinopteri	Cypriniformes	Leuciscidae	Phoxinus	Eurasian minnow
Phoxinus marsilii	synonym	4661	Phoxinus phoxinus	Actinopteri	Cypriniformes	Leuciscidae	Phoxinus	Eurasian minnow
Phoxinus phoxinus carpathicus	synonym	4661	Phoxinus phoxinus	Actinopteri	Cypriniformes	Leuciscidae	Phoxinus	Eurasian minnow
Phoxinus phoxinus phoxinus	synonym	4661	Phoxinus phoxinus	Actinopteri	Cypriniformes	Leuciscidae	Phoxinus	Eurasian minnow
Phoxinus rivularis	synonym	4661	Phoxinus phoxinus	Actinopteri	Cypriniformes	Leuciscidae	Phoxinus	Eurasian minnow
Phoxinus varius	synonym	4661	Phoxinus phoxinus	Actinopteri	Cypriniformes	Leuciscidae	Phoxinus	Eurasian minnow
Phoxynus montanus	synonym	4661	Phoxinus phoxinus	Actinopteri	Cypriniformes	Leuciscidae	Phoxinus	Eurasian minnow
Rutilus rutilus	accepted name	272	Rutilus rutilus	Actinopteri	Cypriniformes	Leuciscidae	Rutilus	Roach
Cyprinus fulvus	synonym	272	Rutilus rutilus	Actinopteri	Cypriniformes	Leuciscidae	Rutilus	Roach
Cyprinus jaculus	synonym	272	Rutilus rutilus	Actinopteri	Cypriniformes	Leuciscidae	Rutilus	Roach
Cyprinus lacustris	synonym	272	Rutilus rutilus	Actinopteri	Cypriniformes	Leuciscidae	Rutilus	Roach
Cyprinus pigus	synonym	272	Rutilus rutilus	Actinopteri	Cypriniformes	Leuciscidae	Rutilus	Roach
Cyprinus rubellio	synonym	272	Rutilus rutilus	Actinopteri	Cypriniformes	Leuciscidae	Rutilus	Roach
Cyprinus rutilus	synonym	272	Rutilus rutilus	Actinopteri	Cypriniformes	Leuciscidae	Rutilus	Roach
Cyprinus ruttilus	synonym	272	Rutilus rutilus	Actinopteri	Cypriniformes	Leuciscidae	Rutilus	Roach
Cyprinus simus	synonym	272	Rutilus rutilus	Actinopteri	Cypriniformes	Leuciscidae	Rutilus	Roach
Cyprinus xanthopterus	synonym	272	Rutilus rutilus	Actinopteri	Cypriniformes	Leuciscidae	Rutilus	Roach
Gardonus pigulus	synonym	272	Rutilus rutilus	Actinopteri	Cypriniformes	Leuciscidae	Rutilus	Roach
Gardonus ruboculus	synonym	272	Rutilus rutilus	Actinopteri	Cypriniformes	Leuciscidae	Rutilus	Roach
Leuciscus decipiens	synonym	272	Rutilus rutilus	Actinopteri	Cypriniformes	Leuciscidae	Rutilus	Roach
Leuciscus jurinii	synonym	272	Rutilus rutilus	Actinopteri	Cypriniformes	Leuciscidae	Rutilus	Roach
Leuciscus lividus	synonym	272	Rutilus rutilus	Actinopteri	Cypriniformes	Leuciscidae	Rutilus	Roach
Leuciscus pallens	synonym	272	Rutilus rutilus	Actinopteri	Cypriniformes	Leuciscidae	Rutilus	Roach
Leuciscus pausingeri	synonym	272	Rutilus rutilus	Actinopteri	Cypriniformes	Leuciscidae	Rutilus	Roach
Leuciscus pigus dojranensis	synonym	272	Rutilus rutilus	Actinopteri	Cypriniformes	Leuciscidae	Rutilus	Roach
Leuciscus prasinus	synonym	272	Rutilus rutilus	Actinopteri	Cypriniformes	Leuciscidae	Rutilus	Roach
Leuciscus rutiloides	synonym	272	Rutilus rutilus	Actinopteri	Cypriniformes	Leuciscidae	Rutilus	Roach
Leuciscus rutilus	synonym	272	Rutilus rutilus	Actinopteri	Cypriniformes	Leuciscidae	Rutilus	Roach
Leuciscus rutilus aurata	synonym	272	Rutilus rutilus	Actinopteri	Cypriniformes	Leuciscidae	Rutilus	Roach
Leuciscus rutilus auratus	synonym	272	Rutilus rutilus	Actinopteri	Cypriniformes	Leuciscidae	Rutilus	Roach
Leuciscus rutilus bolmensis	synonym	272	Rutilus rutilus	Actinopteri	Cypriniformes	Leuciscidae	Rutilus	Roach
Leuciscus rutilus communis	synonym	272	Rutilus rutilus	Actinopteri	Cypriniformes	Leuciscidae	Rutilus	Roach
Leuciscus rutilus crassa	synonym	272	Rutilus rutilus	Actinopteri	Cypriniformes	Leuciscidae	Rutilus	Roach
Leuciscus rutilus daugawensis	synonym	272	Rutilus rutilus	Actinopteri	Cypriniformes	Leuciscidae	Rutilus	Roach
Leuciscus rutilus elata	synonym	272	Rutilus rutilus	Actinopteri	Cypriniformes	Leuciscidae	Rutilus	Roach
Leuciscus rutilus elongata	synonym	272	Rutilus rutilus	Actinopteri	Cypriniformes	Leuciscidae	Rutilus	Roach
Leuciscus rutilus erytraea	synonym	272	Rutilus rutilus	Actinopteri	Cypriniformes	Leuciscidae	Rutilus	Roach
Leuciscus rutilus fluviatilis	synonym	272	Rutilus rutilus	Actinopteri	Cypriniformes	Leuciscidae	Rutilus	Roach
Leuciscus rutilus terekensis	synonym	272	Rutilus rutilus	Actinopteri	Cypriniformes	Leuciscidae	Rutilus	Roach
Leuciscus rutilus vobla	synonym	272	Rutilus rutilus	Actinopteri	Cypriniformes	Leuciscidae	Rutilus	Roach
Leuciscus rutilus wobla	synonym	272	Rutilus rutilus	Actinopteri	Cypriniformes	Leuciscidae	Rutilus	Roach
Leuciscus selysii	synonym	272	Rutilus rutilus	Actinopteri	Cypriniformes	Leuciscidae	Rutilus	Roach
Leucos cenisophius	synonym	272	Rutilus rutilus	Actinopteri	Cypriniformes	Leuciscidae	Rutilus	Roach
Leucos pigulus	synonym	272	Rutilus rutilus	Actinopteri	Cypriniformes	Leuciscidae	Rutilus	Roach
Rutilus rutilus aralensis	synonym	272	Rutilus rutilus	Actinopteri	Cypriniformes	Leuciscidae	Rutilus	Roach
Rutilus rutilus bucharensis	synonym	272	Rutilus rutilus	Actinopteri	Cypriniformes	Leuciscidae	Rutilus	Roach
Rutilus rutilus carpathorossicus	synonym	272	Rutilus rutilus	Actinopteri	Cypriniformes	Leuciscidae	Rutilus	Roach
Rutilus rutilus frici	synonym	272	Rutilus rutilus	Actinopteri	Cypriniformes	Leuciscidae	Rutilus	Roach
Rutilus rutilus goplensis	synonym	272	Rutilus rutilus	Actinopteri	Cypriniformes	Leuciscidae	Rutilus	Roach
Rutilus rutilus lacustris	synonym	272	Rutilus rutilus	Actinopteri	Cypriniformes	Leuciscidae	Rutilus	Roach
Rutilus rutilus mariza	synonym	272	Rutilus rutilus	Actinopteri	Cypriniformes	Leuciscidae	Rutilus	Roach
Rutilus rutilus rutilus	synonym	272	Rutilus rutilus	Actinopteri	Cypriniformes	Leuciscidae	Rutilus	Roach
Rutilus rutilus schelkovnikovi	synonym	272	Rutilus rutilus	Actinopteri	Cypriniformes	Leuciscidae	Rutilus	Roach
Rutilus rutilus sucharensis	synonym	272	Rutilus rutilus	Actinopteri	Cypriniformes	Leuciscidae	Rutilus	Roach
Rutilus rutilus uzboicus	synonym	272	Rutilus rutilus	Actinopteri	Cypriniformes	Leuciscidae	Rutilus	Roach
Rutilus rutilus vegariticus	synonym	272	Rutilus rutilus	Actinopteri	Cypriniformes	Leuciscidae	Rutilus	Roach
Rutilus vegariticus	synonym	272	Rutilus rutilus	Actinopteri	Cypriniformes	Leuciscidae	Rutilus	Roach
Scardinius erythrophthalmus	accepted name	2951	Scardinius erythrophthalmus	Actinopteri	Cypriniformes	Leuciscidae	Scardinius	Rudd
Cyprinus caeruleus	synonym	2951	Scardinius erythrophthalmus	Actinopteri	Cypriniformes	Leuciscidae	Scardinius	Rudd
Cyprinus compressus	synonym	2951	Scardinius erythrophthalmus	Actinopteri	Cypriniformes	Leuciscidae	Scardinius	Rudd
Cyprinus erythrophthalmus	synonym	2951	Scardinius erythrophthalmus	Actinopteri	Cypriniformes	Leuciscidae	Scardinius	Rudd
Cyprinus erythrops	synonym	2951	Scardinius erythrophthalmus	Actinopteri	Cypriniformes	Leuciscidae	Scardinius	Rudd
Cyprinus fuscus	synonym	2951	Scardinius erythrophthalmus	Actinopteri	Cypriniformes	Leuciscidae	Scardinius	Rudd
Cyprinus scardula	synonym	2951	Scardinius erythrophthalmus	Actinopteri	Cypriniformes	Leuciscidae	Scardinius	Rudd
Leuciscus apollonitis	synonym	2951	Scardinius erythrophthalmus	Actinopteri	Cypriniformes	Leuciscidae	Scardinius	Rudd
Leuciscus caeruleus	synonym	2951	Scardinius erythrophthalmus	Actinopteri	Cypriniformes	Leuciscidae	Scardinius	Rudd
Leuciscus erythrophthalmus	synonym	2951	Scardinius erythrophthalmus	Actinopteri	Cypriniformes	Leuciscidae	Scardinius	Rudd
Scardinius crocophthalmus	synonym	2951	Scardinius erythrophthalmus	Actinopteri	Cypriniformes	Leuciscidae	Scardinius	Rudd
Scardinius erithrophthalmus	synonym	2951	Scardinius erythrophthalmus	Actinopteri	Cypriniformes	Leuciscidae	Scardinius	Rudd
Scardinius eruthrophthalmus	synonym	2951	Scardinius erythrophthalmus	Actinopteri	Cypriniformes	Leuciscidae	Scardinius	Rudd
Scardinius erythrophtalmus	synonym	2951	Scardinius erythrophthalmus	Actinopteri	Cypriniformes	Leuciscidae	Scardinius	Rudd
Scardinius erythrophthalmus achrus	synonym	2951	Scardinius erythrophthalmus	Actinopteri	Cypriniformes	Leuciscidae	Scardinius	Rudd
Scardinius erythrophthalmus racovitzai	synonym	2951	Scardinius erythrophthalmus	Actinopteri	Cypriniformes	Leuciscidae	Scardinius	Rudd
Scardinius erythrophthalmus rutiloides	synonym	2951	Scardinius erythrophthalmus	Actinopteri	Cypriniformes	Leuciscidae	Scardinius	Rudd
Scardinius macrophthalmus	synonym	2951	Scardinius erythrophthalmus	Actinopteri	Cypriniformes	Leuciscidae	Scardinius	Rudd
Scardinius platizza	synonym	2951	Scardinius erythrophthalmus	Actinopteri	Cypriniformes	Leuciscidae	Scardinius	Rudd
Squalius cephalus	accepted name	4482	Squalius cephalus	Actinopteri	Cypriniformes	Leuciscidae	Squalius	Chub
Cyprinus albula	synonym	4482	Squalius cephalus	Actinopteri	Cypriniformes	Leuciscidae	Squalius	Chub
Cyprinus capito	synonym	4482	Squalius cephalus	Actinopteri	Cypriniformes	Leuciscidae	Squalius	Chub
Cyprinus cephalus	synonym	4482	Squalius cephalus	Actinopteri	Cypriniformes	Leuciscidae	Squalius	Chub
Cyprinus chub	synonym	4482	Squalius cephalus	Actinopteri	Cypriniformes	Leuciscidae	Squalius	Chub
Cyprinus kietaibeli	synonym	4482	Squalius cephalus	Actinopteri	Cypriniformes	Leuciscidae	Squalius	Chub
Cyprinus kittaibeli	synonym	4482	Squalius cephalus	Actinopteri	Cypriniformes	Leuciscidae	Squalius	Chub
Cyprinus lugdunensis	synonym	4482	Squalius cephalus	Actinopteri	Cypriniformes	Leuciscidae	Squalius	Chub
Cyprinus orthonotus	synonym	4482	Squalius cephalus	Actinopteri	Cypriniformes	Leuciscidae	Squalius	Chub
Cyprinus rufus	synonym	4482	Squalius cephalus	Actinopteri	Cypriniformes	Leuciscidae	Squalius	Chub
Cyprinus salmoneus	synonym	4482	Squalius cephalus	Actinopteri	Cypriniformes	Leuciscidae	Squalius	Chub
Leuciscus albiensis	synonym	4482	Squalius cephalus	Actinopteri	Cypriniformes	Leuciscidae	Squalius	Chub
Leuciscus albus	synonym	4482	Squalius cephalus	Actinopteri	Cypriniformes	Leuciscidae	Squalius	Chub
Leuciscus brutius	synonym	4482	Squalius cephalus	Actinopteri	Cypriniformes	Leuciscidae	Squalius	Chub
Leuciscus cabeda	synonym	4482	Squalius cephalus	Actinopteri	Cypriniformes	Leuciscidae	Squalius	Chub
Leuciscus cavedanus	synonym	4482	Squalius cephalus	Actinopteri	Cypriniformes	Leuciscidae	Squalius	Chub
Leuciscus cephalus	synonym	4482	Squalius cephalus	Actinopteri	Cypriniformes	Leuciscidae	Squalius	Chub
Leuciscus cephalus albus	synonym	4482	Squalius cephalus	Actinopteri	Cypriniformes	Leuciscidae	Squalius	Chub
Leuciscus cephalus cabeda	synonym	4482	Squalius cephalus	Actinopteri	Cypriniformes	Leuciscidae	Squalius	Chub
Leuciscus cephalus cephalus	synonym	4482	Squalius cephalus	Actinopteri	Cypriniformes	Leuciscidae	Squalius	Chub
Leuciscus cephalus macedonicus	synonym	4482	Squalius cephalus	Actinopteri	Cypriniformes	Leuciscidae	Squalius	Chub
Leuciscus cephalus orientalis	synonym	4482	Squalius cephalus	Actinopteri	Cypriniformes	Leuciscidae	Squalius	Chub
Leuciscus cephalus ruffoi	synonym	4482	Squalius cephalus	Actinopteri	Cypriniformes	Leuciscidae	Squalius	Chub
Leuciscus chub pictava	synonym	4482	Squalius cephalus	Actinopteri	Cypriniformes	Leuciscidae	Squalius	Chub
Leuciscus frigidus	synonym	4482	Squalius cephalus	Actinopteri	Cypriniformes	Leuciscidae	Squalius	Chub
Leuciscus lapacinus	synonym	4482	Squalius cephalus	Actinopteri	Cypriniformes	Leuciscidae	Squalius	Chub
Leuciscus latifrons	synonym	4482	Squalius cephalus	Actinopteri	Cypriniformes	Leuciscidae	Squalius	Chub
Leuciscus nothulus	synonym	4482	Squalius cephalus	Actinopteri	Cypriniformes	Leuciscidae	Squalius	Chub
Leuciscus orientalis	synonym	4482	Squalius cephalus	Actinopteri	Cypriniformes	Leuciscidae	Squalius	Chub
Leuciscus rissoi	synonym	4482	Squalius cephalus	Actinopteri	Cypriniformes	Leuciscidae	Squalius	Chub
Leuciscus ruffoi	synonym	4482	Squalius cephalus	Actinopteri	Cypriniformes	Leuciscidae	Squalius	Chub
Leuciscus squalius	synonym	4482	Squalius cephalus	Actinopteri	Cypriniformes	Leuciscidae	Squalius	Chub
Squalius cephalopsis	synonym	4482	Squalius cephalus	Actinopteri	Cypriniformes	Leuciscidae	Squalius	Chub
Squalius cephalus athurensis	synonym	4482	Squalius cephalus	Actinopteri	Cypriniformes	Leuciscidae	Squalius	Chub
Squalius clathratus	synonym	4482	Squalius cephalus	Actinopteri	Cypriniformes	Leuciscidae	Squalius	Chub
Squalius meridionalis	synonym	4482	Squalius cephalus	Actinopteri	Cypriniformes	Leuciscidae	Squalius	Chub
Squalius meunier	synonym	4482	Squalius cephalus	Actinopteri	Cypriniformes	Leuciscidae	Squalius	Chub
Squalius orientalis	synonym	4482	Squalius cephalus	Actinopteri	Cypriniformes	Leuciscidae	Squalius	Chub
Squalius pareti	synonym	4482	Squalius cephalus	Actinopteri	Cypriniformes	Leuciscidae	Squalius	Chub
Squalius tyberinus	synonym	4482	Squalius cephalus	Actinopteri	Cypriniformes	Leuciscidae	Squalius	Chub
Vimba vimba	accepted name	6375	Vimba vimba	Actinopteri	Cypriniformes	Leuciscidae	Vimba	Vimba bream
Abramis frivaldszkyi	synonym	6375	Vimba vimba	Actinopteri	Cypriniformes	Leuciscidae	Vimba	Vimba bream
Abramis nordmannii	synonym	6375	Vimba vimba	Actinopteri	Cypriniformes	Leuciscidae	Vimba	Vimba bream
Abramis parsa pontica	synonym	6375	Vimba vimba	Actinopteri	Cypriniformes	Leuciscidae	Vimba	Vimba bream
Abramis tenellus	synonym	6375	Vimba vimba	Actinopteri	Cypriniformes	Leuciscidae	Vimba	Vimba bream
Abramis vimba	synonym	6375	Vimba vimba	Actinopteri	Cypriniformes	Leuciscidae	Vimba	Vimba bream
Cyprinus carinatus	synonym	6375	Vimba vimba	Actinopteri	Cypriniformes	Leuciscidae	Vimba	Vimba bream
Cyprinus persa	synonym	6375	Vimba vimba	Actinopteri	Cypriniformes	Leuciscidae	Vimba	Vimba bream
Cyprinus serta	synonym	6375	Vimba vimba	Actinopteri	Cypriniformes	Leuciscidae	Vimba	Vimba bream
Cyprinus vimba	synonym	6375	Vimba vimba	Actinopteri	Cypriniformes	Leuciscidae	Vimba	Vimba bream
Cyprinus vimpa	synonym	6375	Vimba vimba	Actinopteri	Cypriniformes	Leuciscidae	Vimba	Vimba bream
Cyprinus zerta	synonym	6375	Vimba vimba	Actinopteri	Cypriniformes	Leuciscidae	Vimba	Vimba bream
Leuciscus parvulus	synonym	6375	Vimba vimba	Actinopteri	Cypriniformes	Leuciscidae	Vimba	Vimba bream
Vimba vimba bergi	synonym	6375	Vimba vimba	Actinopteri	Cypriniformes	Leuciscidae	Vimba	Vimba bream
Vimba vimba carinata	synonym	6375	Vimba vimba	Actinopteri	Cypriniformes	Leuciscidae	Vimba	Vimba bream
Vimba vimba persa	synonym	6375	Vimba vimba	Actinopteri	Cypriniformes	Leuciscidae	Vimba	Vimba bream
Vimba vimba tenella	synonym	6375	Vimba vimba	Actinopteri	Cypriniformes	Leuciscidae	Vimba	Vimba bream
Vimba vimba vimba	synonym	6375	Vimba vimba	Actinopteri	Cypriniformes	Leuciscidae	Vimba	Vimba bream
Barbatula barbatula	accepted name	6377	Barbatula barbatula	Actinopteri	Cypriniformes	Nemacheilidae	Barbatula	Stone loach
Barbatula barbatula caucasica	synonym	6377	Barbatula barbatula	Actinopteri	Cypriniformes	Nemacheilidae	Barbatula	Stone loach
Barbatula barbatulus	synonym	6377	Barbatula barbatula	Actinopteri	Cypriniformes	Nemacheilidae	Barbatula	Stone loach
Barbatula oreas	synonym	6377	Barbatula barbatula	Actinopteri	Cypriniformes	Nemacheilidae	Barbatula	Stone loach
Cobitis barbatula	synonym	6377	Barbatula barbatula	Actinopteri	Cypriniformes	Nemacheilidae	Barbatula	Stone loach
Cobitis furstenbergii	synonym	6377	Barbatula barbatula	Actinopteri	Cypriniformes	Nemacheilidae	Barbatula	Stone loach
Cobitis pironae	synonym	6377	Barbatula barbatula	Actinopteri	Cypriniformes	Nemacheilidae	Barbatula	Stone loach
Cobitis variabilis	synonym	6377	Barbatula barbatula	Actinopteri	Cypriniformes	Nemacheilidae	Barbatula	Stone loach
Nemacheilus barbatulus	synonym	6377	Barbatula barbatula	Actinopteri	Cypriniformes	Nemacheilidae	Barbatula	Stone loach
Nemacheilus barbatulus barbatulus	synonym	6377	Barbatula barbatula	Actinopteri	Cypriniformes	Nemacheilidae	Barbatula	Stone loach
Nemachilus barbatulus	synonym	6377	Barbatula barbatula	Actinopteri	Cypriniformes	Nemacheilidae	Barbatula	Stone loach
Nemachilus barbatulus vardarensis	synonym	6377	Barbatula barbatula	Actinopteri	Cypriniformes	Nemacheilidae	Barbatula	Stone loach
Noemacheilus barbatulus	synonym	6377	Barbatula barbatula	Actinopteri	Cypriniformes	Nemacheilidae	Barbatula	Stone loach
Noemacheilus barbulatus	synonym	6377	Barbatula barbatula	Actinopteri	Cypriniformes	Nemacheilidae	Barbatula	Stone loach
Orthrias barbatulus	synonym	6377	Barbatula barbatula	Actinopteri	Cypriniformes	Nemacheilidae	Barbatula	Stone loach
Orthrias oreas	synonym	6377	Barbatula barbatula	Actinopteri	Cypriniformes	Nemacheilidae	Barbatula	Stone loach
Tinca tinca	accepted name	269	Tinca tinca	Actinopteri	Cypriniformes	Tincidae	Tinca	Tench
Cyprinus tinca	synonym	269	Tinca tinca	Actinopteri	Cypriniformes	Tincidae	Tinca	Tench
Cyprinus tinca auratus	synonym	269	Tinca tinca	Actinopteri	Cypriniformes	Tincidae	Tinca	Tench
Cyprinus tincaauratus	synonym	269	Tinca tinca	Actinopteri	Cypriniformes	Tincidae	Tinca	Tench
Cyprinus tincauratus	synonym	269	Tinca tinca	Actinopteri	Cypriniformes	Tincidae	Tinca	Tench
Cyprinus tincaurea	synonym	269	Tinca tinca	Actinopteri	Cypriniformes	Tincidae	Tinca	Tench
Cyprinus zeelt	synonym	269	Tinca tinca	Actinopteri	Cypriniformes	Tincidae	Tinca	Tench
Tinca aurea	synonym	269	Tinca tinca	Actinopteri	Cypriniformes	Tincidae	Tinca	Tench
Tinca chrysitis	synonym	269	Tinca tinca	Actinopteri	Cypriniformes	Tincidae	Tinca	Tench
Tinca communis	synonym	269	Tinca tinca	Actinopteri	Cypriniformes	Tincidae	Tinca	Tench
Tinca italica	synonym	269	Tinca tinca	Actinopteri	Cypriniformes	Tincidae	Tinca	Tench
Tinca limosa	synonym	269	Tinca tinca	Actinopteri	Cypriniformes	Tincidae	Tinca	Tench
Tinca linnei	synonym	269	Tinca tinca	Actinopteri	Cypriniformes	Tincidae	Tinca	Tench
Tinca vulgaris	synonym	269	Tinca tinca	Actinopteri	Cypriniformes	Tincidae	Tinca	Tench
Tinca vulgaris cestellae	synonym	269	Tinca tinca	Actinopteri	Cypriniformes	Tincidae	Tinca	Tench
Tinca vulgaris maculata	synonym	269	Tinca tinca	Actinopteri	Cypriniformes	Tincidae	Tinca	Tench
Ctenopharyngodon idella	accepted name	79	Ctenopharyngodon idella	Actinopteri	Cypriniformes	Xenocyprididae	Ctenopharyngodon	Grass carp
Ctenopharingodon idella	synonym	79	Ctenopharyngodon idella	Actinopteri	Cypriniformes	Xenocyprididae	Ctenopharyngodon	Grass carp
Ctenopharingodon idellus	synonym	79	Ctenopharyngodon idella	Actinopteri	Cypriniformes	Xenocyprididae	Ctenopharyngodon	Grass carp
Ctenopharygodon idella	synonym	79	Ctenopharyngodon idella	Actinopteri	Cypriniformes	Xenocyprididae	Ctenopharyngodon	Grass carp
Ctenopharyngodon idellos	synonym	79	Ctenopharyngodon idella	Actinopteri	Cypriniformes	Xenocyprididae	Ctenopharyngodon	Grass carp
Ctenopharyngodon idellus	synonym	79	Ctenopharyngodon idella	Actinopteri	Cypriniformes	Xenocyprididae	Ctenopharyngodon	Grass carp
Ctenopharyngodon laticeps	synonym	79	Ctenopharyngodon idella	Actinopteri	Cypriniformes	Xenocyprididae	Ctenopharyngodon	Grass carp
Leuciscus idella	synonym	79	Ctenopharyngodon idella	Actinopteri	Cypriniformes	Xenocyprididae	Ctenopharyngodon	Grass carp
Leuciscus idellus	synonym	79	Ctenopharyngodon idella	Actinopteri	Cypriniformes	Xenocyprididae	Ctenopharyngodon	Grass carp
Leuciscus tschiliensis	synonym	79	Ctenopharyngodon idella	Actinopteri	Cypriniformes	Xenocyprididae	Ctenopharyngodon	Grass carp
Pristiodon siemionovii	synonym	79	Ctenopharyngodon idella	Actinopteri	Cypriniformes	Xenocyprididae	Ctenopharyngodon	Grass carp
Sarcocheilichthys teretiusculus	synonym	79	Ctenopharyngodon idella	Actinopteri	Cypriniformes	Xenocyprididae	Ctenopharyngodon	Grass carp
Hypophthalmichthys molitrix	accepted name	274	Hypophthalmichthys molitrix	Actinopteri	Cypriniformes	Xenocyprididae	Hypophthalmichthys	Silver carp
Abramocephalus microlepis	synonym	274	Hypophthalmichthys molitrix	Actinopteri	Cypriniformes	Xenocyprididae	Hypophthalmichthys	Silver carp
Cephalus mantschuricus	synonym	274	Hypophthalmichthys molitrix	Actinopteri	Cypriniformes	Xenocyprididae	Hypophthalmichthys	Silver carp
Hypophthalmichthys dabry	synonym	274	Hypophthalmichthys molitrix	Actinopteri	Cypriniformes	Xenocyprididae	Hypophthalmichthys	Silver carp
Hypophthalmichthys dabryi	synonym	274	Hypophthalmichthys molitrix	Actinopteri	Cypriniformes	Xenocyprididae	Hypophthalmichthys	Silver carp
Hypophthalmichthys dybowskii	synonym	274	Hypophthalmichthys molitrix	Actinopteri	Cypriniformes	Xenocyprididae	Hypophthalmichthys	Silver carp
Hypophthalmichthys mantschuricus	synonym	274	Hypophthalmichthys molitrix	Actinopteri	Cypriniformes	Xenocyprididae	Hypophthalmichthys	Silver carp
Hypopthalmichthys molitrix	synonym	274	Hypophthalmichthys molitrix	Actinopteri	Cypriniformes	Xenocyprididae	Hypophthalmichthys	Silver carp
Hypothalmichthys molitrix	synonym	274	Hypophthalmichthys molitrix	Actinopteri	Cypriniformes	Xenocyprididae	Hypophthalmichthys	Silver carp
Hypothamicthys molitrix	synonym	274	Hypophthalmichthys molitrix	Actinopteri	Cypriniformes	Xenocyprididae	Hypophthalmichthys	Silver carp
Leuciscus hypophthalmus	synonym	274	Hypophthalmichthys molitrix	Actinopteri	Cypriniformes	Xenocyprididae	Hypophthalmichthys	Silver carp
Leuciscus molitrix	synonym	274	Hypophthalmichthys molitrix	Actinopteri	Cypriniformes	Xenocyprididae	Hypophthalmichthys	Silver carp
Onychodon mantschuricus	synonym	274	Hypophthalmichthys molitrix	Actinopteri	Cypriniformes	Xenocyprididae	Hypophthalmichthys	Silver carp
Hypophthalmichthys nobilis	accepted name	275	Hypophthalmichthys nobilis	Actinopteri	Cypriniformes	Xenocyprididae	Hypophthalmichthys	Bighead carp
Aristichthys nobilis	synonym	275	Hypophthalmichthys nobilis	Actinopteri	Cypriniformes	Xenocyprididae	Hypophthalmichthys	Bighead carp
Hypothalmichthys nobilis	synonym	275	Hypophthalmichthys nobilis	Actinopteri	Cypriniformes	Xenocyprididae	Hypophthalmichthys	Bighead carp
Leuciscus nobilis	synonym	275	Hypophthalmichthys nobilis	Actinopteri	Cypriniformes	Xenocyprididae	Hypophthalmichthys	Bighead carp
Esox lucius	accepted name	258	Esox lucius	Actinopteri	Esociformes	Esocidae	Esox	Northern pike
Esox boreus	synonym	258	Esox lucius	Actinopteri	Esociformes	Esocidae	Esox	Northern pike
Esox estor	synonym	258	Esox lucius	Actinopteri	Esociformes	Esocidae	Esox	Northern pike
Esox lucioides	synonym	258	Esox lucius	Actinopteri	Esociformes	Esocidae	Esox	Northern pike
Esox lucius atrox	synonym	258	Esox lucius	Actinopteri	Esociformes	Esocidae	Esox	Northern pike
Esox lucius bergi	synonym	258	Esox lucius	Actinopteri	Esociformes	Esocidae	Esox	Northern pike
Esox nobilior	synonym	258	Esox lucius	Actinopteri	Esociformes	Esocidae	Esox	Northern pike
Esox reichertii baicalensis	synonym	258	Esox lucius	Actinopteri	Esociformes	Esocidae	Esox	Northern pike
Luccius vorax	synonym	258	Esox lucius	Actinopteri	Esociformes	Esocidae	Esox	Northern pike
Lucius lucius	synonym	258	Esox lucius	Actinopteri	Esociformes	Esocidae	Esox	Northern pike
Trematina foveolata	synonym	258	Esox lucius	Actinopteri	Esociformes	Esocidae	Esox	Northern pike
Centrolabrus exoletus	accepted name	55	Centrolabrus exoletus	Actinopteri	Eupercaria/misc	Labridae	Centrolabrus	Rock cook
Acantholabrus exoletus	synonym	55	Centrolabrus exoletus	Actinopteri	Eupercaria/misc	Labridae	Centrolabrus	Rock cook
Acantholabrus microstoma	synonym	55	Centrolabrus exoletus	Actinopteri	Eupercaria/misc	Labridae	Centrolabrus	Rock cook
Crenilabrus exoletus	synonym	55	Centrolabrus exoletus	Actinopteri	Eupercaria/misc	Labridae	Centrolabrus	Rock cook
Crenilabrus microstoma	synonym	55	Centrolabrus exoletus	Actinopteri	Eupercaria/misc	Labridae	Centrolabrus	Rock cook
Labrus chinensis	synonym	55	Centrolabrus exoletus	Actinopteri	Eupercaria/misc	Labridae	Centrolabrus	Rock cook
Labrus exoletus	synonym	55	Centrolabrus exoletus	Actinopteri	Eupercaria/misc	Labridae	Centrolabrus	Rock cook
Labrus pentacanthus	synonym	55	Centrolabrus exoletus	Actinopteri	Eupercaria/misc	Labridae	Centrolabrus	Rock cook
Coris julis	accepted name	58	Coris julis	Actinopteri	Eupercaria/misc	Labridae	Coris	Mediterranean rainbow wrasse
Coris festiva	synonym	58	Coris julis	Actinopteri	Eupercaria/misc	Labridae	Coris	Mediterranean rainbow wrasse
Coris speciosa	synonym	58	Coris julis	Actinopteri	Eupercaria/misc	Labridae	Coris	Mediterranean rainbow wrasse
Coris taeniatus	synonym	58	Coris julis	Actinopteri	Eupercaria/misc	Labridae	Coris	Mediterranean rainbow wrasse
Julis azorensis	synonym	58	Coris julis	Actinopteri	Eupercaria/misc	Labridae	Coris	Mediterranean rainbow wrasse
Julis festiva	synonym	58	Coris julis	Actinopteri	Eupercaria/misc	Labridae	Coris	Mediterranean rainbow wrasse
Julis julis	synonym	58	Coris julis	Actinopteri	Eupercaria/misc	Labridae	Coris	Mediterranean rainbow wrasse
Julis mediterranea	synonym	58	Coris julis	Actinopteri	Eupercaria/misc	Labridae	Coris	Mediterranean rainbow wrasse
Julis melanura	synonym	58	Coris julis	Actinopteri	Eupercaria/misc	Labridae	Coris	Mediterranean rainbow wrasse
Julis speciosa	synonym	58	Coris julis	Actinopteri	Eupercaria/misc	Labridae	Coris	Mediterranean rainbow wrasse
Julis vulgaris	synonym	58	Coris julis	Actinopteri	Eupercaria/misc	Labridae	Coris	Mediterranean rainbow wrasse
Labrus cettii	synonym	58	Coris julis	Actinopteri	Eupercaria/misc	Labridae	Coris	Mediterranean rainbow wrasse
Labrus giofredi	synonym	58	Coris julis	Actinopteri	Eupercaria/misc	Labridae	Coris	Mediterranean rainbow wrasse
Labrus infuscus	synonym	58	Coris julis	Actinopteri	Eupercaria/misc	Labridae	Coris	Mediterranean rainbow wrasse
Labrus julis	synonym	58	Coris julis	Actinopteri	Eupercaria/misc	Labridae	Coris	Mediterranean rainbow wrasse
Labrus keslik	synonym	58	Coris julis	Actinopteri	Eupercaria/misc	Labridae	Coris	Mediterranean rainbow wrasse
Labrus paroticus	synonym	58	Coris julis	Actinopteri	Eupercaria/misc	Labridae	Coris	Mediterranean rainbow wrasse
Labrus perdica	synonym	58	Coris julis	Actinopteri	Eupercaria/misc	Labridae	Coris	Mediterranean rainbow wrasse
Labrus subfuscus	synonym	58	Coris julis	Actinopteri	Eupercaria/misc	Labridae	Coris	Mediterranean rainbow wrasse
Ctenolabrus rupestris	accepted name	61	Ctenolabrus rupestris	Actinopteri	Eupercaria/misc	Labridae	Ctenolabrus	Goldsinny-wrasse
Ctenolabrus suillus	synonym	61	Ctenolabrus rupestris	Actinopteri	Eupercaria/misc	Labridae	Ctenolabrus	Goldsinny-wrasse
Labrus rupestris	synonym	61	Ctenolabrus rupestris	Actinopteri	Eupercaria/misc	Labridae	Ctenolabrus	Goldsinny-wrasse
Labrus bergylta	accepted name	572	Labrus bergylta	Actinopteri	Eupercaria/misc	Labridae	Labrus	Ballan wrasse
Crenilabrus multidentatus	synonym	572	Labrus bergylta	Actinopteri	Eupercaria/misc	Labridae	Labrus	Ballan wrasse
Labrus balanus	synonym	572	Labrus bergylta	Actinopteri	Eupercaria/misc	Labridae	Labrus	Ballan wrasse
Labrus ballan	synonym	572	Labrus bergylta	Actinopteri	Eupercaria/misc	Labridae	Labrus	Ballan wrasse
Labrus berggylta	synonym	572	Labrus bergylta	Actinopteri	Eupercaria/misc	Labridae	Labrus	Ballan wrasse
Labrus comber	synonym	572	Labrus bergylta	Actinopteri	Eupercaria/misc	Labridae	Labrus	Ballan wrasse
Labrus donovani	synonym	572	Labrus bergylta	Actinopteri	Eupercaria/misc	Labridae	Labrus	Ballan wrasse
Labrus maculatus	synonym	572	Labrus bergylta	Actinopteri	Eupercaria/misc	Labridae	Labrus	Ballan wrasse
Labrus neustriae	synonym	572	Labrus bergylta	Actinopteri	Eupercaria/misc	Labridae	Labrus	Ballan wrasse
Labrus nubilus	synonym	572	Labrus bergylta	Actinopteri	Eupercaria/misc	Labridae	Labrus	Ballan wrasse
Labrus reticulatus	synonym	572	Labrus bergylta	Actinopteri	Eupercaria/misc	Labridae	Labrus	Ballan wrasse
Labrus variabilis	synonym	572	Labrus bergylta	Actinopteri	Eupercaria/misc	Labridae	Labrus	Ballan wrasse
Labrus mixtus	accepted name	1375	Labrus mixtus	Actinopteri	Eupercaria/misc	Labridae	Labrus	Cuckoo wrasse
Labrus carneus	synonym	1375	Labrus mixtus	Actinopteri	Eupercaria/misc	Labridae	Labrus	Cuckoo wrasse
Labrus coeruleus	synonym	1375	Labrus mixtus	Actinopteri	Eupercaria/misc	Labridae	Labrus	Cuckoo wrasse
Labrus coquus	synonym	1375	Labrus mixtus	Actinopteri	Eupercaria/misc	Labridae	Labrus	Cuckoo wrasse
Labrus larvatus	synonym	1375	Labrus mixtus	Actinopteri	Eupercaria/misc	Labridae	Labrus	Cuckoo wrasse
Labrus lineatus	synonym	1375	Labrus mixtus	Actinopteri	Eupercaria/misc	Labridae	Labrus	Cuckoo wrasse
Labrus luvarus	synonym	1375	Labrus mixtus	Actinopteri	Eupercaria/misc	Labridae	Labrus	Cuckoo wrasse
Labrus ossifagus	synonym	1375	Labrus mixtus	Actinopteri	Eupercaria/misc	Labridae	Labrus	Cuckoo wrasse
Labrus quadrimaculatus	synonym	1375	Labrus mixtus	Actinopteri	Eupercaria/misc	Labridae	Labrus	Cuckoo wrasse
Labrus trimaculatus	synonym	1375	Labrus mixtus	Actinopteri	Eupercaria/misc	Labridae	Labrus	Cuckoo wrasse
Labrus variegatus	synonym	1375	Labrus mixtus	Actinopteri	Eupercaria/misc	Labridae	Labrus	Cuckoo wrasse
Labrus varius	synonym	1375	Labrus mixtus	Actinopteri	Eupercaria/misc	Labridae	Labrus	Cuckoo wrasse
Labrus vetula	synonym	1375	Labrus mixtus	Actinopteri	Eupercaria/misc	Labridae	Labrus	Cuckoo wrasse
Sparus formosus	synonym	1375	Labrus mixtus	Actinopteri	Eupercaria/misc	Labridae	Labrus	Cuckoo wrasse
Symphodus melops	accepted name	59	Symphodus melops	Actinopteri	Eupercaria/misc	Labridae	Symphodus	Corkwing wrasse
Crenilabrus gibbus	synonym	59	Symphodus melops	Actinopteri	Eupercaria/misc	Labridae	Symphodus	Corkwing wrasse
Crenilabrus melops	synonym	59	Symphodus melops	Actinopteri	Eupercaria/misc	Labridae	Symphodus	Corkwing wrasse
Labrus cornubius	synonym	59	Symphodus melops	Actinopteri	Eupercaria/misc	Labridae	Symphodus	Corkwing wrasse
Labrus gibbosus	synonym	59	Symphodus melops	Actinopteri	Eupercaria/misc	Labridae	Symphodus	Corkwing wrasse
Labrus gibbus	synonym	59	Symphodus melops	Actinopteri	Eupercaria/misc	Labridae	Symphodus	Corkwing wrasse
Labrus goldsinny	synonym	59	Symphodus melops	Actinopteri	Eupercaria/misc	Labridae	Symphodus	Corkwing wrasse
Labrus melops	synonym	59	Symphodus melops	Actinopteri	Eupercaria/misc	Labridae	Symphodus	Corkwing wrasse
Labrus rone	synonym	59	Symphodus melops	Actinopteri	Eupercaria/misc	Labridae	Symphodus	Corkwing wrasse
Labrus tesselatus	synonym	59	Symphodus melops	Actinopteri	Eupercaria/misc	Labridae	Symphodus	Corkwing wrasse
Labrus venosus	synonym	59	Symphodus melops	Actinopteri	Eupercaria/misc	Labridae	Symphodus	Corkwing wrasse
Lutjanus melops	synonym	59	Symphodus melops	Actinopteri	Eupercaria/misc	Labridae	Symphodus	Corkwing wrasse
Lutjanus norvegicus	synonym	59	Symphodus melops	Actinopteri	Eupercaria/misc	Labridae	Symphodus	Corkwing wrasse
Lutjanus norwegicus	synonym	59	Symphodus melops	Actinopteri	Eupercaria/misc	Labridae	Symphodus	Corkwing wrasse
Dicentrarchus labrax	accepted name	63	Dicentrarchus labrax	Actinopteri	Eupercaria/misc	Moronidae	Dicentrarchus	European seabass
Centropomus lupus	synonym	63	Dicentrarchus labrax	Actinopteri	Eupercaria/misc	Moronidae	Dicentrarchus	European seabass
Centropomus mullus	synonym	63	Dicentrarchus labrax	Actinopteri	Eupercaria/misc	Moronidae	Dicentrarchus	European seabass
Dicentrarchus elongatus	synonym	63	Dicentrarchus labrax	Actinopteri	Eupercaria/misc	Moronidae	Dicentrarchus	European seabass
Dicentrarchus lupus	synonym	63	Dicentrarchus labrax	Actinopteri	Eupercaria/misc	Moronidae	Dicentrarchus	European seabass
Labrax diacanthus	synonym	63	Dicentrarchus labrax	Actinopteri	Eupercaria/misc	Moronidae	Dicentrarchus	European seabass
Labrax elongatus	synonym	63	Dicentrarchus labrax	Actinopteri	Eupercaria/misc	Moronidae	Dicentrarchus	European seabass
Labrax labrax	synonym	63	Dicentrarchus labrax	Actinopteri	Eupercaria/misc	Moronidae	Dicentrarchus	European seabass
Labrax linnei	synonym	63	Dicentrarchus labrax	Actinopteri	Eupercaria/misc	Moronidae	Dicentrarchus	European seabass
Labrax lupus	synonym	63	Dicentrarchus labrax	Actinopteri	Eupercaria/misc	Moronidae	Dicentrarchus	European seabass
Labrax vulgaris	synonym	63	Dicentrarchus labrax	Actinopteri	Eupercaria/misc	Moronidae	Dicentrarchus	European seabass
Morone labrax	synonym	63	Dicentrarchus labrax	Actinopteri	Eupercaria/misc	Moronidae	Dicentrarchus	European seabass
Perca diacantha	synonym	63	Dicentrarchus labrax	Actinopteri	Eupercaria/misc	Moronidae	Dicentrarchus	European seabass
Perca elongata	synonym	63	Dicentrarchus labrax	Actinopteri	Eupercaria/misc	Moronidae	Dicentrarchus	European seabass
Perca labrax	synonym	63	Dicentrarchus labrax	Actinopteri	Eupercaria/misc	Moronidae	Dicentrarchus	European seabass
Perca sinuosa	synonym	63	Dicentrarchus labrax	Actinopteri	Eupercaria/misc	Moronidae	Dicentrarchus	European seabass
Roccus labrax	synonym	63	Dicentrarchus labrax	Actinopteri	Eupercaria/misc	Moronidae	Dicentrarchus	European seabass
Sciaena diacantha	synonym	63	Dicentrarchus labrax	Actinopteri	Eupercaria/misc	Moronidae	Dicentrarchus	European seabass
Sciaena labrax	synonym	63	Dicentrarchus labrax	Actinopteri	Eupercaria/misc	Moronidae	Dicentrarchus	European seabass
Argyrosomus regius	accepted name	418	Argyrosomus regius	Actinopteri	Eupercaria/misc	Sciaenidae	Argyrosomus	Meagre
Argyrosomus procerus	synonym	418	Argyrosomus regius	Actinopteri	Eupercaria/misc	Sciaenidae	Argyrosomus	Meagre
Argyrosomus regium	synonym	418	Argyrosomus regius	Actinopteri	Eupercaria/misc	Sciaenidae	Argyrosomus	Meagre
Cheilodipterus aquila	synonym	418	Argyrosomus regius	Actinopteri	Eupercaria/misc	Sciaenidae	Argyrosomus	Meagre
Perca luth	synonym	418	Argyrosomus regius	Actinopteri	Eupercaria/misc	Sciaenidae	Argyrosomus	Meagre
Perca regia	synonym	418	Argyrosomus regius	Actinopteri	Eupercaria/misc	Sciaenidae	Argyrosomus	Meagre
Perca vanloo	synonym	418	Argyrosomus regius	Actinopteri	Eupercaria/misc	Sciaenidae	Argyrosomus	Meagre
Sciaena aquila	synonym	418	Argyrosomus regius	Actinopteri	Eupercaria/misc	Sciaenidae	Argyrosomus	Meagre
Sciaena regius	synonym	418	Argyrosomus regius	Actinopteri	Eupercaria/misc	Sciaenidae	Argyrosomus	Meagre
Boops boops	accepted name	203	Boops boops	Actinopteri	Eupercaria/misc	Sparidae	Boops	Bogue
Boops canariensis	synonym	203	Boops boops	Actinopteri	Eupercaria/misc	Sparidae	Boops	Bogue
Box boops	synonym	203	Boops boops	Actinopteri	Eupercaria/misc	Sparidae	Boops	Bogue
Box canariensis	synonym	203	Boops boops	Actinopteri	Eupercaria/misc	Sparidae	Boops	Bogue
Box vulgaris	synonym	203	Boops boops	Actinopteri	Eupercaria/misc	Sparidae	Boops	Bogue
Sparus boops	synonym	203	Boops boops	Actinopteri	Eupercaria/misc	Sparidae	Boops	Bogue
Dentex maroccanus	accepted name	4538	Dentex maroccanus	Actinopteri	Eupercaria/misc	Sparidae	Dentex	Morocco dentex
Dentex parvulus	synonym	4538	Dentex maroccanus	Actinopteri	Eupercaria/misc	Sparidae	Dentex	Morocco dentex
Diagramma maroccanus	synonym	4538	Dentex maroccanus	Actinopteri	Eupercaria/misc	Sparidae	Dentex	Morocco dentex
Diplodus sargus	accepted name	1753	Diplodus sargus	Actinopteri	Eupercaria/misc	Sparidae	Diplodus	White seabream
Diplodus sargus sargus	synonym	1753	Diplodus sargus	Actinopteri	Eupercaria/misc	Sparidae	Diplodus	White seabream
Sargus raucus	synonym	1753	Diplodus sargus	Actinopteri	Eupercaria/misc	Sparidae	Diplodus	White seabream
Sargus rondeletii	synonym	1753	Diplodus sargus	Actinopteri	Eupercaria/misc	Sparidae	Diplodus	White seabream
Sargus rondelettii	synonym	1753	Diplodus sargus	Actinopteri	Eupercaria/misc	Sparidae	Diplodus	White seabream
Sargus vetula	synonym	1753	Diplodus sargus	Actinopteri	Eupercaria/misc	Sparidae	Diplodus	White seabream
Sparus cinctus	synonym	1753	Diplodus sargus	Actinopteri	Eupercaria/misc	Sparidae	Diplodus	White seabream
Sparus sargus	synonym	1753	Diplodus sargus	Actinopteri	Eupercaria/misc	Sparidae	Diplodus	White seabream
Sparus varatulus	synonym	1753	Diplodus sargus	Actinopteri	Eupercaria/misc	Sparidae	Diplodus	White seabream
Pagellus bogaraveo	accepted name	890	Pagellus bogaraveo	Actinopteri	Eupercaria/misc	Sparidae	Pagellus	Blackspot seabream
Pagellus cantabricus	synonym	890	Pagellus bogaraveo	Actinopteri	Eupercaria/misc	Sparidae	Pagellus	Blackspot seabream
Pagellus centrodontus	synonym	890	Pagellus bogaraveo	Actinopteri	Eupercaria/misc	Sparidae	Pagellus	Blackspot seabream
Sparus bogaraveo	synonym	890	Pagellus bogaraveo	Actinopteri	Eupercaria/misc	Sparidae	Pagellus	Blackspot seabream
Sparus cantabricus	synonym	890	Pagellus bogaraveo	Actinopteri	Eupercaria/misc	Sparidae	Pagellus	Blackspot seabream
Sparus centrodontus	synonym	890	Pagellus bogaraveo	Actinopteri	Eupercaria/misc	Sparidae	Pagellus	Blackspot seabream
Pagellus erythrinus	accepted name	893	Pagellus erythrinus	Actinopteri	Eupercaria/misc	Sparidae	Pagellus	Common pandora
Pagellus canariensis	synonym	893	Pagellus erythrinus	Actinopteri	Eupercaria/misc	Sparidae	Pagellus	Common pandora
Sparus erythrinus	synonym	893	Pagellus erythrinus	Actinopteri	Eupercaria/misc	Sparidae	Pagellus	Common pandora
Sarpa salpa	accepted name	204	Sarpa salpa	Actinopteri	Eupercaria/misc	Sparidae	Sarpa	Salema
Boops goreensis	synonym	204	Sarpa salpa	Actinopteri	Eupercaria/misc	Sparidae	Sarpa	Salema
Boops salpa	synonym	204	Sarpa salpa	Actinopteri	Eupercaria/misc	Sparidae	Sarpa	Salema
Box goreensis	synonym	204	Sarpa salpa	Actinopteri	Eupercaria/misc	Sparidae	Sarpa	Salema
Box salpa	synonym	204	Sarpa salpa	Actinopteri	Eupercaria/misc	Sparidae	Sarpa	Salema
Eusalpa salpa	synonym	204	Sarpa salpa	Actinopteri	Eupercaria/misc	Sparidae	Sarpa	Salema
Sparus salpa	synonym	204	Sarpa salpa	Actinopteri	Eupercaria/misc	Sparidae	Sarpa	Salema
Sparus aurata	accepted name	1164	Sparus aurata	Actinopteri	Eupercaria/misc	Sparidae	Sparus	Gilthead seabream
Aurata aurata	synonym	1164	Sparus aurata	Actinopteri	Eupercaria/misc	Sparidae	Sparus	Gilthead seabream
Chrysophrys aurata	synonym	1164	Sparus aurata	Actinopteri	Eupercaria/misc	Sparidae	Sparus	Gilthead seabream
Chrysophrys aurathus	synonym	1164	Sparus aurata	Actinopteri	Eupercaria/misc	Sparidae	Sparus	Gilthead seabream
Chrysophrys auratus	synonym	1164	Sparus aurata	Actinopteri	Eupercaria/misc	Sparidae	Sparus	Gilthead seabream
Chrysophrys crassirostris	synonym	1164	Sparus aurata	Actinopteri	Eupercaria/misc	Sparidae	Sparus	Gilthead seabream
Pagrus auratus	synonym	1164	Sparus aurata	Actinopteri	Eupercaria/misc	Sparidae	Sparus	Gilthead seabream
Sparus auratus	synonym	1164	Sparus aurata	Actinopteri	Eupercaria/misc	Sparidae	Sparus	Gilthead seabream
Spondyliosoma cantharus	accepted name	1356	Spondyliosoma cantharus	Actinopteri	Eupercaria/misc	Sparidae	Spondyliosoma	Black seabream
Cantharus cantharus	synonym	1356	Spondyliosoma cantharus	Actinopteri	Eupercaria/misc	Sparidae	Spondyliosoma	Black seabream
Cantharus lineatus	synonym	1356	Spondyliosoma cantharus	Actinopteri	Eupercaria/misc	Sparidae	Spondyliosoma	Black seabream
Cantharus senegalensis	synonym	1356	Spondyliosoma cantharus	Actinopteri	Eupercaria/misc	Sparidae	Spondyliosoma	Black seabream
Cantharus vulgaris	synonym	1356	Spondyliosoma cantharus	Actinopteri	Eupercaria/misc	Sparidae	Spondyliosoma	Black seabream
Sparus cantharus	synonym	1356	Spondyliosoma cantharus	Actinopteri	Eupercaria/misc	Sparidae	Spondyliosoma	Black seabream
Sparus lineatus	synonym	1356	Spondyliosoma cantharus	Actinopteri	Eupercaria/misc	Sparidae	Spondyliosoma	Black seabream
Spondyliosoma cantarus	synonym	1356	Spondyliosoma cantharus	Actinopteri	Eupercaria/misc	Sparidae	Spondyliosoma	Black seabream
Gadus morhua	accepted name	69	Gadus morhua	Actinopteri	Gadiformes	Gadidae	Gadus	Atlantic cod
Asellus major	synonym	69	Gadus morhua	Actinopteri	Gadiformes	Gadidae	Gadus	Atlantic cod
Gadus arenosus	synonym	69	Gadus morhua	Actinopteri	Gadiformes	Gadidae	Gadus	Atlantic cod
Gadus callarias	synonym	69	Gadus morhua	Actinopteri	Gadiformes	Gadidae	Gadus	Atlantic cod
Gadus callarias hiemalis	synonym	69	Gadus morhua	Actinopteri	Gadiformes	Gadidae	Gadus	Atlantic cod
Gadus callarias kildinensis	synonym	69	Gadus morhua	Actinopteri	Gadiformes	Gadidae	Gadus	Atlantic cod
Gadus callarius	synonym	69	Gadus morhua	Actinopteri	Gadiformes	Gadidae	Gadus	Atlantic cod
Gadus heteroglossus	synonym	69	Gadus morhua	Actinopteri	Gadiformes	Gadidae	Gadus	Atlantic cod
Gadus morhua callarias	synonym	69	Gadus morhua	Actinopteri	Gadiformes	Gadidae	Gadus	Atlantic cod
Gadus morhua kildinensis	synonym	69	Gadus morhua	Actinopteri	Gadiformes	Gadidae	Gadus	Atlantic cod
Gadus morhua morhua	synonym	69	Gadus morhua	Actinopteri	Gadiformes	Gadidae	Gadus	Atlantic cod
Gadus morrhua	synonym	69	Gadus morhua	Actinopteri	Gadiformes	Gadidae	Gadus	Atlantic cod
Gadus nanus	synonym	69	Gadus morhua	Actinopteri	Gadiformes	Gadidae	Gadus	Atlantic cod
Gadus rupestris	synonym	69	Gadus morhua	Actinopteri	Gadiformes	Gadidae	Gadus	Atlantic cod
Gadus vertagus	synonym	69	Gadus morhua	Actinopteri	Gadiformes	Gadidae	Gadus	Atlantic cod
Morhua punctatus	synonym	69	Gadus morhua	Actinopteri	Gadiformes	Gadidae	Gadus	Atlantic cod
Morhua vulgaris	synonym	69	Gadus morhua	Actinopteri	Gadiformes	Gadidae	Gadus	Atlantic cod
Morrhua americana	synonym	69	Gadus morhua	Actinopteri	Gadiformes	Gadidae	Gadus	Atlantic cod
Morrhua vulgaris	synonym	69	Gadus morhua	Actinopteri	Gadiformes	Gadidae	Gadus	Atlantic cod
Melanogrammus aeglefinus	accepted name	1381	Melanogrammus aeglefinus	Actinopteri	Gadiformes	Gadidae	Melanogrammus	Haddock
Aeglefinus linnei	synonym	1381	Melanogrammus aeglefinus	Actinopteri	Gadiformes	Gadidae	Melanogrammus	Haddock
Gadus aeglefinus	synonym	1381	Melanogrammus aeglefinus	Actinopteri	Gadiformes	Gadidae	Melanogrammus	Haddock
Melanogrammes aeglefinus	synonym	1381	Melanogrammus aeglefinus	Actinopteri	Gadiformes	Gadidae	Melanogrammus	Haddock
Morhua aeglefinus	synonym	1381	Melanogrammus aeglefinus	Actinopteri	Gadiformes	Gadidae	Melanogrammus	Haddock
Merlangius merlangus	accepted name	29	Merlangius merlangus	Actinopteri	Gadiformes	Gadidae	Merlangius	Whiting
Gadus euxinus	synonym	29	Merlangius merlangus	Actinopteri	Gadiformes	Gadidae	Merlangius	Whiting
Gadus merlangus	synonym	29	Merlangius merlangus	Actinopteri	Gadiformes	Gadidae	Merlangius	Whiting
Gadus merlangus euxinus	synonym	29	Merlangius merlangus	Actinopteri	Gadiformes	Gadidae	Merlangius	Whiting
Gadus merlangus merlangus	synonym	29	Merlangius merlangus	Actinopteri	Gadiformes	Gadidae	Merlangius	Whiting
Merlangius merlangius	synonym	29	Merlangius merlangus	Actinopteri	Gadiformes	Gadidae	Merlangius	Whiting
Merlangius merlangus euxinus	synonym	29	Merlangius merlangus	Actinopteri	Gadiformes	Gadidae	Merlangius	Whiting
Merlangius merlangus merlangus	synonym	29	Merlangius merlangus	Actinopteri	Gadiformes	Gadidae	Merlangius	Whiting
Merlangus linnei	synonym	29	Merlangius merlangus	Actinopteri	Gadiformes	Gadidae	Merlangius	Whiting
Merlangus merlangus	synonym	29	Merlangius merlangus	Actinopteri	Gadiformes	Gadidae	Merlangius	Whiting
Merlangus merlangus euxinus	synonym	29	Merlangius merlangus	Actinopteri	Gadiformes	Gadidae	Merlangius	Whiting
Merlangus vulgaris	synonym	29	Merlangius merlangus	Actinopteri	Gadiformes	Gadidae	Merlangius	Whiting
Odontogadus merlangus	synonym	29	Merlangius merlangus	Actinopteri	Gadiformes	Gadidae	Merlangius	Whiting
Odontogadus merlangus euxinus	synonym	29	Merlangius merlangus	Actinopteri	Gadiformes	Gadidae	Merlangius	Whiting
Odontogadus merlangus merlangus	synonym	29	Merlangius merlangus	Actinopteri	Gadiformes	Gadidae	Merlangius	Whiting
Micromesistius poutassou	accepted name	31	Micromesistius poutassou	Actinopteri	Gadiformes	Gadidae	Micromesistius	Blue whiting
Boreogadus poutassou	synonym	31	Micromesistius poutassou	Actinopteri	Gadiformes	Gadidae	Micromesistius	Blue whiting
Gadus melanostomus	synonym	31	Micromesistius poutassou	Actinopteri	Gadiformes	Gadidae	Micromesistius	Blue whiting
Gadus potassoa	synonym	31	Micromesistius poutassou	Actinopteri	Gadiformes	Gadidae	Micromesistius	Blue whiting
Gadus poutassou	synonym	31	Micromesistius poutassou	Actinopteri	Gadiformes	Gadidae	Micromesistius	Blue whiting
Merlangus albus	synonym	31	Micromesistius poutassou	Actinopteri	Gadiformes	Gadidae	Micromesistius	Blue whiting
Merlangus communis	synonym	31	Micromesistius poutassou	Actinopteri	Gadiformes	Gadidae	Micromesistius	Blue whiting
Merlangus pertusis	synonym	31	Micromesistius poutassou	Actinopteri	Gadiformes	Gadidae	Micromesistius	Blue whiting
Merlangus pertusus	synonym	31	Micromesistius poutassou	Actinopteri	Gadiformes	Gadidae	Micromesistius	Blue whiting
Merlangus poutassou	synonym	31	Micromesistius poutassou	Actinopteri	Gadiformes	Gadidae	Micromesistius	Blue whiting
Merlangus vernalis	synonym	31	Micromesistius poutassou	Actinopteri	Gadiformes	Gadidae	Micromesistius	Blue whiting
Micromessistius poutassou	synonym	31	Micromesistius poutassou	Actinopteri	Gadiformes	Gadidae	Micromesistius	Blue whiting
Pollachius pollachius	accepted name	34	Pollachius pollachius	Actinopteri	Gadiformes	Gadidae	Pollachius	Pollack
Gadus lycostomus	synonym	34	Pollachius pollachius	Actinopteri	Gadiformes	Gadidae	Pollachius	Pollack
Gadus pollachius	synonym	34	Pollachius pollachius	Actinopteri	Gadiformes	Gadidae	Pollachius	Pollack
Gadus viridis	synonym	34	Pollachius pollachius	Actinopteri	Gadiformes	Gadidae	Pollachius	Pollack
Merlangus pollachius	synonym	34	Pollachius pollachius	Actinopteri	Gadiformes	Gadidae	Pollachius	Pollack
Pollachius linnei	synonym	34	Pollachius pollachius	Actinopteri	Gadiformes	Gadidae	Pollachius	Pollack
Pollachius typus	synonym	34	Pollachius pollachius	Actinopteri	Gadiformes	Gadidae	Pollachius	Pollack
Pollachius virens	accepted name	1343	Pollachius virens	Actinopteri	Gadiformes	Gadidae	Pollachius	Saithe
Gadus carbonarius	synonym	1343	Pollachius virens	Actinopteri	Gadiformes	Gadidae	Pollachius	Saithe
Gadus colinus	synonym	1343	Pollachius virens	Actinopteri	Gadiformes	Gadidae	Pollachius	Saithe
Gadus purpureus	synonym	1343	Pollachius virens	Actinopteri	Gadiformes	Gadidae	Pollachius	Saithe
Gadus sey	synonym	1343	Pollachius virens	Actinopteri	Gadiformes	Gadidae	Pollachius	Saithe
Gadus virens	synonym	1343	Pollachius virens	Actinopteri	Gadiformes	Gadidae	Pollachius	Saithe
Merlangus carbonarius	synonym	1343	Pollachius virens	Actinopteri	Gadiformes	Gadidae	Pollachius	Saithe
Merlangus purpureus	synonym	1343	Pollachius virens	Actinopteri	Gadiformes	Gadidae	Pollachius	Saithe
Merlangus virens	synonym	1343	Pollachius virens	Actinopteri	Gadiformes	Gadidae	Pollachius	Saithe
Polachius virens	synonym	1343	Pollachius virens	Actinopteri	Gadiformes	Gadidae	Pollachius	Saithe
Pollachius carbonarius	synonym	1343	Pollachius virens	Actinopteri	Gadiformes	Gadidae	Pollachius	Saithe
Trisopterus esmarkii	accepted name	1023	Trisopterus esmarkii	Actinopteri	Gadiformes	Gadidae	Trisopterus	Norway pout
Boreogadus esmarki	synonym	1023	Trisopterus esmarkii	Actinopteri	Gadiformes	Gadidae	Trisopterus	Norway pout
Gadus esmarkii	synonym	1023	Trisopterus esmarkii	Actinopteri	Gadiformes	Gadidae	Trisopterus	Norway pout
Trisopterus esmarki	synonym	1023	Trisopterus esmarkii	Actinopteri	Gadiformes	Gadidae	Trisopterus	Norway pout
Trisopterus luscus	accepted name	1367	Trisopterus luscus	Actinopteri	Gadiformes	Gadidae	Trisopterus	Pouting
Gadulus luscus	synonym	1367	Trisopterus luscus	Actinopteri	Gadiformes	Gadidae	Trisopterus	Pouting
Gadus barbatus	synonym	1367	Trisopterus luscus	Actinopteri	Gadiformes	Gadidae	Trisopterus	Pouting
Gadus colias	synonym	1367	Trisopterus luscus	Actinopteri	Gadiformes	Gadidae	Trisopterus	Pouting
Gadus luscus	synonym	1367	Trisopterus luscus	Actinopteri	Gadiformes	Gadidae	Trisopterus	Pouting
Morhua barbata	synonym	1367	Trisopterus luscus	Actinopteri	Gadiformes	Gadidae	Trisopterus	Pouting
Morhua lusca	synonym	1367	Trisopterus luscus	Actinopteri	Gadiformes	Gadidae	Trisopterus	Pouting
Trisopterus luscus luscus	synonym	1367	Trisopterus luscus	Actinopteri	Gadiformes	Gadidae	Trisopterus	Pouting
Trisopterus minutus	accepted name	481	Trisopterus minutus	Actinopteri	Gadiformes	Gadidae	Trisopterus	Poor cod
Brachygadus minutus	synonym	481	Trisopterus minutus	Actinopteri	Gadiformes	Gadidae	Trisopterus	Poor cod
Gadulus minutus	synonym	481	Trisopterus minutus	Actinopteri	Gadiformes	Gadidae	Trisopterus	Poor cod
Gadus minutus	synonym	481	Trisopterus minutus	Actinopteri	Gadiformes	Gadidae	Trisopterus	Poor cod
Gadus tacaud	synonym	481	Trisopterus minutus	Actinopteri	Gadiformes	Gadidae	Trisopterus	Poor cod
Morua capelanus	synonym	481	Trisopterus minutus	Actinopteri	Gadiformes	Gadidae	Trisopterus	Poor cod
Trisopterus minutes	synonym	481	Trisopterus minutus	Actinopteri	Gadiformes	Gadidae	Trisopterus	Poor cod
Trisopterus minutus minutus	synonym	481	Trisopterus minutus	Actinopteri	Gadiformes	Gadidae	Trisopterus	Poor cod
Ciliata mustela	accepted name	1290	Ciliata mustela	Actinopteri	Gadiformes	Gaidropsaridae	Ciliata	Fivebeard rockling
Ciliata glauca	synonym	1290	Ciliata mustela	Actinopteri	Gadiformes	Gaidropsaridae	Ciliata	Fivebeard rockling
Couchia glauca	synonym	1290	Ciliata mustela	Actinopteri	Gadiformes	Gaidropsaridae	Ciliata	Fivebeard rockling
Couchia minor	synonym	1290	Ciliata mustela	Actinopteri	Gadiformes	Gaidropsaridae	Ciliata	Fivebeard rockling
Enchelyopus mustela	synonym	1290	Ciliata mustela	Actinopteri	Gadiformes	Gaidropsaridae	Ciliata	Fivebeard rockling
Gadus mustela	synonym	1290	Ciliata mustela	Actinopteri	Gadiformes	Gaidropsaridae	Ciliata	Fivebeard rockling
Gaidropsarus mustela	synonym	1290	Ciliata mustela	Actinopteri	Gadiformes	Gaidropsaridae	Ciliata	Fivebeard rockling
Molvella borealis	synonym	1290	Ciliata mustela	Actinopteri	Gadiformes	Gaidropsaridae	Ciliata	Fivebeard rockling
Motella argenteola	synonym	1290	Ciliata mustela	Actinopteri	Gadiformes	Gaidropsaridae	Ciliata	Fivebeard rockling
Motella mustela	synonym	1290	Ciliata mustela	Actinopteri	Gadiformes	Gaidropsaridae	Ciliata	Fivebeard rockling
Onos mustela	synonym	1290	Ciliata mustela	Actinopteri	Gadiformes	Gaidropsaridae	Ciliata	Fivebeard rockling
Ciliata septentrionalis	accepted name	1873	Ciliata septentrionalis	Actinopteri	Gadiformes	Gaidropsaridae	Ciliata	Northern rockling
Gaidropsarus septentrionalis	synonym	1873	Ciliata septentrionalis	Actinopteri	Gadiformes	Gaidropsaridae	Ciliata	Northern rockling
Motella septentrionalis	synonym	1873	Ciliata septentrionalis	Actinopteri	Gadiformes	Gaidropsaridae	Ciliata	Northern rockling
Onos septentrionalis	synonym	1873	Ciliata septentrionalis	Actinopteri	Gadiformes	Gaidropsaridae	Ciliata	Northern rockling
Enchelyopus cimbrius	accepted name	1874	Enchelyopus cimbrius	Actinopteri	Gadiformes	Gaidropsaridae	Enchelyopus	Fourbeard rockling
Couchia edwardii	synonym	1874	Enchelyopus cimbrius	Actinopteri	Gadiformes	Gaidropsaridae	Enchelyopus	Fourbeard rockling
Gadus cimbrius	synonym	1874	Enchelyopus cimbrius	Actinopteri	Gadiformes	Gaidropsaridae	Enchelyopus	Fourbeard rockling
Gaidropsarus cimbrius	synonym	1874	Enchelyopus cimbrius	Actinopteri	Gadiformes	Gaidropsaridae	Enchelyopus	Fourbeard rockling
Gaidropsarus pacificus	synonym	1874	Enchelyopus cimbrius	Actinopteri	Gadiformes	Gaidropsaridae	Enchelyopus	Fourbeard rockling
Motella caudacuta	synonym	1874	Enchelyopus cimbrius	Actinopteri	Gadiformes	Gaidropsaridae	Enchelyopus	Fourbeard rockling
Motella cimbrica	synonym	1874	Enchelyopus cimbrius	Actinopteri	Gadiformes	Gaidropsaridae	Enchelyopus	Fourbeard rockling
Motella pacifica	synonym	1874	Enchelyopus cimbrius	Actinopteri	Gadiformes	Gaidropsaridae	Enchelyopus	Fourbeard rockling
Onos cimbrius	synonym	1874	Enchelyopus cimbrius	Actinopteri	Gadiformes	Gaidropsaridae	Enchelyopus	Fourbeard rockling
Rhinonemus caudacuta	synonym	1874	Enchelyopus cimbrius	Actinopteri	Gadiformes	Gaidropsaridae	Enchelyopus	Fourbeard rockling
Rhinonemus cimbrius	synonym	1874	Enchelyopus cimbrius	Actinopteri	Gadiformes	Gaidropsaridae	Enchelyopus	Fourbeard rockling
Gaidropsarus vulgaris	accepted name	1876	Gaidropsarus vulgaris	Actinopteri	Gadiformes	Gaidropsaridae	Gaidropsarus	Three-bearded rockling
Gaidropsarus vulagris	synonym	1876	Gaidropsarus vulgaris	Actinopteri	Gadiformes	Gaidropsaridae	Gaidropsarus	Three-bearded rockling
Motella vulgaris	synonym	1876	Gaidropsarus vulgaris	Actinopteri	Gadiformes	Gaidropsaridae	Gaidropsarus	Three-bearded rockling
Mustela vulgaris	synonym	1876	Gaidropsarus vulgaris	Actinopteri	Gadiformes	Gaidropsaridae	Gaidropsarus	Three-bearded rockling
Onos maculata	synonym	1876	Gaidropsarus vulgaris	Actinopteri	Gadiformes	Gaidropsaridae	Gaidropsarus	Three-bearded rockling
Onos vulgaris	synonym	1876	Gaidropsarus vulgaris	Actinopteri	Gadiformes	Gaidropsaridae	Gaidropsarus	Three-bearded rockling
Brosme brosme	accepted name	51	Brosme brosme	Actinopteri	Gadiformes	Lotidae	Brosme	Cusk
Blennius torsk	synonym	51	Brosme brosme	Actinopteri	Gadiformes	Lotidae	Brosme	Cusk
Brosmerus flavesny	synonym	51	Brosme brosme	Actinopteri	Gadiformes	Lotidae	Brosme	Cusk
Brosmius americanus	synonym	51	Brosme brosme	Actinopteri	Gadiformes	Lotidae	Brosme	Cusk
Brosmius brosme	synonym	51	Brosme brosme	Actinopteri	Gadiformes	Lotidae	Brosme	Cusk
Brosmius flavescens	synonym	51	Brosme brosme	Actinopteri	Gadiformes	Lotidae	Brosme	Cusk
Brosmius flavesny	synonym	51	Brosme brosme	Actinopteri	Gadiformes	Lotidae	Brosme	Cusk
Brosmius scotica	synonym	51	Brosme brosme	Actinopteri	Gadiformes	Lotidae	Brosme	Cusk
Brosmius vulgaris	synonym	51	Brosme brosme	Actinopteri	Gadiformes	Lotidae	Brosme	Cusk
Brosmus vulgaris	synonym	51	Brosme brosme	Actinopteri	Gadiformes	Lotidae	Brosme	Cusk
Enchelyopus brosme	synonym	51	Brosme brosme	Actinopteri	Gadiformes	Lotidae	Brosme	Cusk
Gadus brosme	synonym	51	Brosme brosme	Actinopteri	Gadiformes	Lotidae	Brosme	Cusk
Gadus lubb	synonym	51	Brosme brosme	Actinopteri	Gadiformes	Lotidae	Brosme	Cusk
Gadus torsk	synonym	51	Brosme brosme	Actinopteri	Gadiformes	Lotidae	Brosme	Cusk
Lota lota	accepted name	310	Lota lota	Actinopteri	Gadiformes	Lotidae	Lota	Burbot
Enchelyopus lota	synonym	310	Lota lota	Actinopteri	Gadiformes	Lotidae	Lota	Burbot
Gadus compressus	synonym	310	Lota lota	Actinopteri	Gadiformes	Lotidae	Lota	Burbot
Gadus lacustris	synonym	310	Lota lota	Actinopteri	Gadiformes	Lotidae	Lota	Burbot
Gadus lota	synonym	310	Lota lota	Actinopteri	Gadiformes	Lotidae	Lota	Burbot
Gadus maculosa	synonym	310	Lota lota	Actinopteri	Gadiformes	Lotidae	Lota	Burbot
Gadus maculosus	synonym	310	Lota lota	Actinopteri	Gadiformes	Lotidae	Lota	Burbot
Lota brosmiana	synonym	310	Lota lota	Actinopteri	Gadiformes	Lotidae	Lota	Burbot
Lota brosmina	synonym	310	Lota lota	Actinopteri	Gadiformes	Lotidae	Lota	Burbot
Lota communis	synonym	310	Lota lota	Actinopteri	Gadiformes	Lotidae	Lota	Burbot
Lota compressa	synonym	310	Lota lota	Actinopteri	Gadiformes	Lotidae	Lota	Burbot
Lota fluviatilis	synonym	310	Lota lota	Actinopteri	Gadiformes	Lotidae	Lota	Burbot
Lota inornata	synonym	310	Lota lota	Actinopteri	Gadiformes	Lotidae	Lota	Burbot
Lota linnei	synonym	310	Lota lota	Actinopteri	Gadiformes	Lotidae	Lota	Burbot
Lota lota asiatica	synonym	310	Lota lota	Actinopteri	Gadiformes	Lotidae	Lota	Burbot
Lota lota kamensis	synonym	310	Lota lota	Actinopteri	Gadiformes	Lotidae	Lota	Burbot
Lota lota lacustris	synonym	310	Lota lota	Actinopteri	Gadiformes	Lotidae	Lota	Burbot
Lota lota leptura	synonym	310	Lota lota	Actinopteri	Gadiformes	Lotidae	Lota	Burbot
Lota lota lota	synonym	310	Lota lota	Actinopteri	Gadiformes	Lotidae	Lota	Burbot
Lota lota maculosa	synonym	310	Lota lota	Actinopteri	Gadiformes	Lotidae	Lota	Burbot
Lota maculosa	synonym	310	Lota lota	Actinopteri	Gadiformes	Lotidae	Lota	Burbot
Lota marmorata	synonym	310	Lota lota	Actinopteri	Gadiformes	Lotidae	Lota	Burbot
Lota vulgaris	synonym	310	Lota lota	Actinopteri	Gadiformes	Lotidae	Lota	Burbot
Lota vulgaris obensis	synonym	310	Lota lota	Actinopteri	Gadiformes	Lotidae	Lota	Burbot
Molva lota	synonym	310	Lota lota	Actinopteri	Gadiformes	Lotidae	Lota	Burbot
Molva maculosa	synonym	310	Lota lota	Actinopteri	Gadiformes	Lotidae	Lota	Burbot
Molva dypterygia	accepted name	1383	Molva dypterygia	Actinopteri	Gadiformes	Lotidae	Molva	Blue ling
Gadus abyssorum	synonym	1383	Molva dypterygia	Actinopteri	Gadiformes	Lotidae	Molva	Blue ling
Gadus dypterygius	synonym	1383	Molva dypterygia	Actinopteri	Gadiformes	Lotidae	Molva	Blue ling
Molva abyssorum	synonym	1383	Molva dypterygia	Actinopteri	Gadiformes	Lotidae	Molva	Blue ling
Molva dipterygia	synonym	1383	Molva dypterygia	Actinopteri	Gadiformes	Lotidae	Molva	Blue ling
Molva dipterygia dipterygia	synonym	1383	Molva dypterygia	Actinopteri	Gadiformes	Lotidae	Molva	Blue ling
Molva dipterygius	synonym	1383	Molva dypterygia	Actinopteri	Gadiformes	Lotidae	Molva	Blue ling
Molva dypterygia dypterygia	synonym	1383	Molva dypterygia	Actinopteri	Gadiformes	Lotidae	Molva	Blue ling
Molva molva	accepted name	33	Molva molva	Actinopteri	Gadiformes	Lotidae	Molva	Ling
Gadus molva	synonym	33	Molva molva	Actinopteri	Gadiformes	Lotidae	Molva	Ling
Gadus raptor	synonym	33	Molva molva	Actinopteri	Gadiformes	Lotidae	Molva	Ling
Lota mola	synonym	33	Molva molva	Actinopteri	Gadiformes	Lotidae	Molva	Ling
Molva linnei	synonym	33	Molva molva	Actinopteri	Gadiformes	Lotidae	Molva	Ling
Molva vulgaris	synonym	33	Molva molva	Actinopteri	Gadiformes	Lotidae	Molva	Ling
Coryphaenoides rupestris	accepted name	332	Coryphaenoides rupestris	Actinopteri	Gadiformes	Macrouridae	Coryphaenoides	Roundnose grenadier
Coryphaena rupestris	synonym	332	Coryphaenoides rupestris	Actinopteri	Gadiformes	Macrouridae	Coryphaenoides	Roundnose grenadier
Coryphaenoides norvegicus	synonym	332	Coryphaenoides rupestris	Actinopteri	Gadiformes	Macrouridae	Coryphaenoides	Roundnose grenadier
Ledipoleprus norvegicus	synonym	332	Coryphaenoides rupestris	Actinopteri	Gadiformes	Macrouridae	Coryphaenoides	Roundnose grenadier
Lepidoleprus norvegicus	synonym	332	Coryphaenoides rupestris	Actinopteri	Gadiformes	Macrouridae	Coryphaenoides	Roundnose grenadier
Macrourus rupestris	synonym	332	Coryphaenoides rupestris	Actinopteri	Gadiformes	Macrouridae	Coryphaenoides	Roundnose grenadier
Macrourus stroemii	synonym	332	Coryphaenoides rupestris	Actinopteri	Gadiformes	Macrouridae	Coryphaenoides	Roundnose grenadier
Macrurus norvegicus	synonym	332	Coryphaenoides rupestris	Actinopteri	Gadiformes	Macrouridae	Coryphaenoides	Roundnose grenadier
Macrurus rupestris	synonym	332	Coryphaenoides rupestris	Actinopteri	Gadiformes	Macrouridae	Coryphaenoides	Roundnose grenadier
Merluccius merluccius	accepted name	30	Merluccius merluccius	Actinopteri	Gadiformes	Merlucciidae	Merluccius	European hake
Gadus byrkelange	synonym	30	Merluccius merluccius	Actinopteri	Gadiformes	Merlucciidae	Merluccius	European hake
Gadus merluccius	synonym	30	Merluccius merluccius	Actinopteri	Gadiformes	Merlucciidae	Merluccius	European hake
Gadus ruber	synonym	30	Merluccius merluccius	Actinopteri	Gadiformes	Merlucciidae	Merluccius	European hake
Hidronus marlucius	synonym	30	Merluccius merluccius	Actinopteri	Gadiformes	Merlucciidae	Merluccius	European hake
Hydronus marlucius	synonym	30	Merluccius merluccius	Actinopteri	Gadiformes	Merlucciidae	Merluccius	European hake
Merluccius ambiguous	synonym	30	Merluccius merluccius	Actinopteri	Gadiformes	Merlucciidae	Merluccius	European hake
Merluccius ambiguus	synonym	30	Merluccius merluccius	Actinopteri	Gadiformes	Merlucciidae	Merluccius	European hake
Merluccius argentatus	synonym	30	Merluccius merluccius	Actinopteri	Gadiformes	Merlucciidae	Merluccius	European hake
Merluccius esculentus	synonym	30	Merluccius merluccius	Actinopteri	Gadiformes	Merlucciidae	Merluccius	European hake
Merluccius linnei	synonym	30	Merluccius merluccius	Actinopteri	Gadiformes	Merlucciidae	Merluccius	European hake
Merluccius merluccius lessepsianus	synonym	30	Merluccius merluccius	Actinopteri	Gadiformes	Merlucciidae	Merluccius	European hake
Merluccius smiridus	synonym	30	Merluccius merluccius	Actinopteri	Gadiformes	Merlucciidae	Merluccius	European hake
Merluccius vulgaris	synonym	30	Merluccius merluccius	Actinopteri	Gadiformes	Merlucciidae	Merluccius	European hake
Merlucius ambiguus	synonym	30	Merluccius merluccius	Actinopteri	Gadiformes	Merlucciidae	Merluccius	European hake
Merlucius esculentus	synonym	30	Merluccius merluccius	Actinopteri	Gadiformes	Merlucciidae	Merluccius	European hake
Merlucius lanatus	synonym	30	Merluccius merluccius	Actinopteri	Gadiformes	Merlucciidae	Merluccius	European hake
Merlucius sinuatus	synonym	30	Merluccius merluccius	Actinopteri	Gadiformes	Merlucciidae	Merluccius	European hake
Molva byrkelange	synonym	30	Merluccius merluccius	Actinopteri	Gadiformes	Merlucciidae	Merluccius	European hake
Onus riali	synonym	30	Merluccius merluccius	Actinopteri	Gadiformes	Merlucciidae	Merluccius	European hake
Trachinoides maroccanus	synonym	30	Merluccius merluccius	Actinopteri	Gadiformes	Merlucciidae	Merluccius	European hake
Trachinoides moroccanus	synonym	30	Merluccius merluccius	Actinopteri	Gadiformes	Merlucciidae	Merluccius	European hake
Phycis blennoides	accepted name	1340	Phycis blennoides	Actinopteri	Gadiformes	Phycidae	Phycis	Greater forkbeard
Batrachoides gmelini	synonym	1340	Phycis blennoides	Actinopteri	Gadiformes	Phycidae	Phycis	Greater forkbeard
Blennius gadoides	synonym	1340	Phycis blennoides	Actinopteri	Gadiformes	Phycidae	Phycis	Greater forkbeard
Gadus bifurcus	synonym	1340	Phycis blennoides	Actinopteri	Gadiformes	Phycidae	Phycis	Greater forkbeard
Gadus blennoides	synonym	1340	Phycis blennoides	Actinopteri	Gadiformes	Phycidae	Phycis	Greater forkbeard
Phycis blennioides	synonym	1340	Phycis blennoides	Actinopteri	Gadiformes	Phycidae	Phycis	Greater forkbeard
Phycis tinca	synonym	1340	Phycis blennoides	Actinopteri	Gadiformes	Phycidae	Phycis	Greater forkbeard
Urophycis blennioides	synonym	1340	Phycis blennoides	Actinopteri	Gadiformes	Phycidae	Phycis	Greater forkbeard
Raniceps raninus	accepted name	1349	Raniceps raninus	Actinopteri	Gadiformes	Ranicipitidae	Raniceps	Tadpole fish
Batrachocephalus blennioides	synonym	1349	Raniceps raninus	Actinopteri	Gadiformes	Ranicipitidae	Raniceps	Tadpole fish
Batrachoides blennioides	synonym	1349	Raniceps raninus	Actinopteri	Gadiformes	Ranicipitidae	Raniceps	Tadpole fish
Blennius fuscus	synonym	1349	Raniceps raninus	Actinopteri	Gadiformes	Ranicipitidae	Raniceps	Tadpole fish
Blennius raninus	synonym	1349	Raniceps raninus	Actinopteri	Gadiformes	Ranicipitidae	Raniceps	Tadpole fish
Blennius trifurcatus	synonym	1349	Raniceps raninus	Actinopteri	Gadiformes	Ranicipitidae	Raniceps	Tadpole fish
Cottus grunniens	synonym	1349	Raniceps raninus	Actinopteri	Gadiformes	Ranicipitidae	Raniceps	Tadpole fish
Gadus fuliginosus	synonym	1349	Raniceps raninus	Actinopteri	Gadiformes	Ranicipitidae	Raniceps	Tadpole fish
Gadus minimus	synonym	1349	Raniceps raninus	Actinopteri	Gadiformes	Ranicipitidae	Raniceps	Tadpole fish
Gadus raninus	synonym	1349	Raniceps raninus	Actinopteri	Gadiformes	Ranicipitidae	Raniceps	Tadpole fish
Gadus trifurcus	synonym	1349	Raniceps raninus	Actinopteri	Gadiformes	Ranicipitidae	Raniceps	Tadpole fish
Phycis ranina	synonym	1349	Raniceps raninus	Actinopteri	Gadiformes	Ranicipitidae	Raniceps	Tadpole fish
Raniceps fuscus	synonym	1349	Raniceps raninus	Actinopteri	Gadiformes	Ranicipitidae	Raniceps	Tadpole fish
Raniceps jago	synonym	1349	Raniceps raninus	Actinopteri	Gadiformes	Ranicipitidae	Raniceps	Tadpole fish
Raniceps niger	synonym	1349	Raniceps raninus	Actinopteri	Gadiformes	Ranicipitidae	Raniceps	Tadpole fish
Raniceps trifurcatus	synonym	1349	Raniceps raninus	Actinopteri	Gadiformes	Ranicipitidae	Raniceps	Tadpole fish
Aphia minuta	accepted name	39	Aphia minuta	Actinopteri	Gobiiformes	Gobiidae	Aphia	Transparent goby
Aphia meridionalis	synonym	39	Aphia minuta	Actinopteri	Gobiiformes	Gobiidae	Aphia	Transparent goby
Aphya minuta	synonym	39	Aphia minuta	Actinopteri	Gobiiformes	Gobiidae	Aphia	Transparent goby
Aphya pellucida	synonym	39	Aphia minuta	Actinopteri	Gobiiformes	Gobiidae	Aphia	Transparent goby
Argentina aphia	synonym	39	Aphia minuta	Actinopteri	Gobiiformes	Gobiidae	Aphia	Transparent goby
Atherina minuta	synonym	39	Aphia minuta	Actinopteri	Gobiiformes	Gobiidae	Aphia	Transparent goby
Brachyochirus aphya	synonym	39	Aphia minuta	Actinopteri	Gobiiformes	Gobiidae	Aphia	Transparent goby
Brachyochirus pellucidus	synonym	39	Aphia minuta	Actinopteri	Gobiiformes	Gobiidae	Aphia	Transparent goby
Gobius albus	synonym	39	Aphia minuta	Actinopteri	Gobiiformes	Gobiidae	Aphia	Transparent goby
Gobius pellucidus	synonym	39	Aphia minuta	Actinopteri	Gobiiformes	Gobiidae	Aphia	Transparent goby
Gobius stuvitzii	synonym	39	Aphia minuta	Actinopteri	Gobiiformes	Gobiidae	Aphia	Transparent goby
Gobius stuwitzii	synonym	39	Aphia minuta	Actinopteri	Gobiiformes	Gobiidae	Aphia	Transparent goby
Babka gymnotrachelus	accepted name	16309	Babka gymnotrachelus	Actinopteri	Gobiiformes	Gobiidae	Babka	Racer goby
Gobius burmeisteri	synonym	16309	Babka gymnotrachelus	Actinopteri	Gobiiformes	Gobiidae	Babka	Racer goby
Gobius gymnotrachelus	synonym	16309	Babka gymnotrachelus	Actinopteri	Gobiiformes	Gobiidae	Babka	Racer goby
Gobius macropus	synonym	16309	Babka gymnotrachelus	Actinopteri	Gobiiformes	Gobiidae	Babka	Racer goby
Mesogobius gymnotrachelus	synonym	16309	Babka gymnotrachelus	Actinopteri	Gobiiformes	Gobiidae	Babka	Racer goby
Mesogobius gymnotrachelus otschakovinus	synonym	16309	Babka gymnotrachelus	Actinopteri	Gobiiformes	Gobiidae	Babka	Racer goby
Neogobius gymnotrachelus	synonym	16309	Babka gymnotrachelus	Actinopteri	Gobiiformes	Gobiidae	Babka	Racer goby
Crystallogobius linearis	accepted name	60	Crystallogobius linearis	Actinopteri	Gobiiformes	Gobiidae	Crystallogobius	Crystal goby
Crystallogobius nilssonii	synonym	60	Crystallogobius linearis	Actinopteri	Gobiiformes	Gobiidae	Crystallogobius	Crystal goby
Gobius linearis	synonym	60	Crystallogobius linearis	Actinopteri	Gobiiformes	Gobiidae	Crystallogobius	Crystal goby
Gobius nilssonii	synonym	60	Crystallogobius linearis	Actinopteri	Gobiiformes	Gobiidae	Crystallogobius	Crystal goby
Gobius niger	accepted name	72	Gobius niger	Actinopteri	Gobiiformes	Gobiidae	Gobius	Black goby
Gobius brittanicus	synonym	72	Gobius niger	Actinopteri	Gobiiformes	Gobiidae	Gobius	Black goby
Gobius fuliginosus	synonym	72	Gobius niger	Actinopteri	Gobiiformes	Gobiidae	Gobius	Black goby
Gobius gorgione	synonym	72	Gobius niger	Actinopteri	Gobiiformes	Gobiidae	Gobius	Black goby
Gobius iozo	synonym	72	Gobius niger	Actinopteri	Gobiiformes	Gobiidae	Gobius	Black goby
Gobius jozo	synonym	72	Gobius niger	Actinopteri	Gobiiformes	Gobiidae	Gobius	Black goby
Gobius jozo albescens	synonym	72	Gobius niger	Actinopteri	Gobiiformes	Gobiidae	Gobius	Black goby
Gobius jozo major	synonym	72	Gobius niger	Actinopteri	Gobiiformes	Gobiidae	Gobius	Black goby
Gobius jozo minor	synonym	72	Gobius niger	Actinopteri	Gobiiformes	Gobiidae	Gobius	Black goby
Gobius jozo nigrescens	synonym	72	Gobius niger	Actinopteri	Gobiiformes	Gobiidae	Gobius	Black goby
Gobius jozo pontica	synonym	72	Gobius niger	Actinopteri	Gobiiformes	Gobiidae	Gobius	Black goby
Gobius longiradiatus	synonym	72	Gobius niger	Actinopteri	Gobiiformes	Gobiidae	Gobius	Black goby
Gobius niger hispanicus	synonym	72	Gobius niger	Actinopteri	Gobiiformes	Gobiidae	Gobius	Black goby
Gobius niger jozo	synonym	72	Gobius niger	Actinopteri	Gobiiformes	Gobiidae	Gobius	Black goby
Gobius niger nigerrimus	synonym	72	Gobius niger	Actinopteri	Gobiiformes	Gobiidae	Gobius	Black goby
Gobius punctulatus	synonym	72	Gobius niger	Actinopteri	Gobiiformes	Gobiidae	Gobius	Black goby
Gobius viridis	synonym	72	Gobius niger	Actinopteri	Gobiiformes	Gobiidae	Gobius	Black goby
Lebetus guilleti	accepted name	459	Lebetus guilleti	Actinopteri	Gobiiformes	Gobiidae	Lebetus	Guillet's goby
Gobius scorpioides guilleti	synonym	459	Lebetus guilleti	Actinopteri	Gobiiformes	Gobiidae	Lebetus	Guillet's goby
Lebetus scorpioides	accepted name	456	Lebetus scorpioides	Actinopteri	Gobiiformes	Gobiidae	Lebetus	Diminutive goby
Gobius orca	synonym	456	Lebetus scorpioides	Actinopteri	Gobiiformes	Gobiidae	Lebetus	Diminutive goby
Gobius scorpioides	synonym	456	Lebetus scorpioides	Actinopteri	Gobiiformes	Gobiidae	Lebetus	Diminutive goby
Lebetus orca	synonym	456	Lebetus scorpioides	Actinopteri	Gobiiformes	Gobiidae	Lebetus	Diminutive goby
Lesueurigobius friesii	accepted name	7685	Lesueurigobius friesii	Actinopteri	Gobiiformes	Gobiidae	Lesueurigobius	Fries's goby
Gobius friesi	synonym	7685	Lesueurigobius friesii	Actinopteri	Gobiiformes	Gobiidae	Lesueurigobius	Fries's goby
Gobius friesii	synonym	7685	Lesueurigobius friesii	Actinopteri	Gobiiformes	Gobiidae	Lesueurigobius	Fries's goby
Gobius friesii friesii	synonym	7685	Lesueurigobius friesii	Actinopteri	Gobiiformes	Gobiidae	Lesueurigobius	Fries's goby
Gobius macrolepis	synonym	7685	Lesueurigobius friesii	Actinopteri	Gobiiformes	Gobiidae	Lesueurigobius	Fries's goby
Lesuerigobius friesi	synonym	7685	Lesueurigobius friesii	Actinopteri	Gobiiformes	Gobiidae	Lesueurigobius	Fries's goby
Lesuerigobius friesii	synonym	7685	Lesueurigobius friesii	Actinopteri	Gobiiformes	Gobiidae	Lesueurigobius	Fries's goby
Lesueuria friesi	synonym	7685	Lesueurigobius friesii	Actinopteri	Gobiiformes	Gobiidae	Lesueurigobius	Fries's goby
Lesueuria friesi friesi	synonym	7685	Lesueurigobius friesii	Actinopteri	Gobiiformes	Gobiidae	Lesueurigobius	Fries's goby
Lesueuria friesii	synonym	7685	Lesueurigobius friesii	Actinopteri	Gobiiformes	Gobiidae	Lesueurigobius	Fries's goby
Lesueuria piesii	synonym	7685	Lesueurigobius friesii	Actinopteri	Gobiiformes	Gobiidae	Lesueurigobius	Fries's goby
Lesueurigobius friesi	synonym	7685	Lesueurigobius friesii	Actinopteri	Gobiiformes	Gobiidae	Lesueurigobius	Fries's goby
Lesueurigobius friesii friesii	synonym	7685	Lesueurigobius friesii	Actinopteri	Gobiiformes	Gobiidae	Lesueurigobius	Fries's goby
Neogobius fluviatilis	accepted name	4720	Neogobius fluviatilis	Actinopteri	Gobiiformes	Gobiidae	Neogobius	Monkey goby
Apollonia fluviatilis	synonym	4720	Neogobius fluviatilis	Actinopteri	Gobiiformes	Gobiidae	Neogobius	Monkey goby
Gobius fluviatilis	synonym	4720	Neogobius fluviatilis	Actinopteri	Gobiiformes	Gobiidae	Neogobius	Monkey goby
Gobius fluviatilis nigra	synonym	4720	Neogobius fluviatilis	Actinopteri	Gobiiformes	Gobiidae	Neogobius	Monkey goby
Gobius sordidus	synonym	4720	Neogobius fluviatilis	Actinopteri	Gobiiformes	Gobiidae	Neogobius	Monkey goby
Gobius steveni	synonym	4720	Neogobius fluviatilis	Actinopteri	Gobiiformes	Gobiidae	Neogobius	Monkey goby
Gobius stevenii	synonym	4720	Neogobius fluviatilis	Actinopteri	Gobiiformes	Gobiidae	Neogobius	Monkey goby
Neogobius fluviatilis fluviatilis	synonym	4720	Neogobius fluviatilis	Actinopteri	Gobiiformes	Gobiidae	Neogobius	Monkey goby
Neogobius melanostomus	accepted name	12019	Neogobius melanostomus	Actinopteri	Gobiiformes	Gobiidae	Neogobius	Round goby
Apollonia melanostoma	synonym	12019	Neogobius melanostomus	Actinopteri	Gobiiformes	Gobiidae	Neogobius	Round goby
Gobius cephalarges	synonym	12019	Neogobius melanostomus	Actinopteri	Gobiiformes	Gobiidae	Neogobius	Round goby
Gobius chilo	synonym	12019	Neogobius melanostomus	Actinopteri	Gobiiformes	Gobiidae	Neogobius	Round goby
Gobius exanthematosus	synonym	12019	Neogobius melanostomus	Actinopteri	Gobiiformes	Gobiidae	Neogobius	Round goby
Gobius grossholzii	synonym	12019	Neogobius melanostomus	Actinopteri	Gobiiformes	Gobiidae	Neogobius	Round goby
Gobius lugens	synonym	12019	Neogobius melanostomus	Actinopteri	Gobiiformes	Gobiidae	Neogobius	Round goby
Gobius melanio	synonym	12019	Neogobius melanostomus	Actinopteri	Gobiiformes	Gobiidae	Neogobius	Round goby
Gobius melanostomus	synonym	12019	Neogobius melanostomus	Actinopteri	Gobiiformes	Gobiidae	Neogobius	Round goby
Gobius sulcatus	synonym	12019	Neogobius melanostomus	Actinopteri	Gobiiformes	Gobiidae	Neogobius	Round goby
Gobius virescens	synonym	12019	Neogobius melanostomus	Actinopteri	Gobiiformes	Gobiidae	Neogobius	Round goby
Neogobius cephalarges	synonym	12019	Neogobius melanostomus	Actinopteri	Gobiiformes	Gobiidae	Neogobius	Round goby
Neogobius cephalarges cephalarges	synonym	12019	Neogobius melanostomus	Actinopteri	Gobiiformes	Gobiidae	Neogobius	Round goby
Neogobius melanostoma	synonym	12019	Neogobius melanostomus	Actinopteri	Gobiiformes	Gobiidae	Neogobius	Round goby
Neogobius melanostomus affinis	synonym	12019	Neogobius melanostomus	Actinopteri	Gobiiformes	Gobiidae	Neogobius	Round goby
Ponticola cephalarges	synonym	12019	Neogobius melanostomus	Actinopteri	Gobiiformes	Gobiidae	Neogobius	Round goby
Pomatoschistus flavescens	accepted name	74	Pomatoschistus flavescens	Actinopteri	Gobiiformes	Gobiidae	Pomatoschistus	Two-spotted goby
Coryphopterus flavescens	synonym	74	Pomatoschistus flavescens	Actinopteri	Gobiiformes	Gobiidae	Pomatoschistus	Two-spotted goby
Gobius flauescens	synonym	74	Pomatoschistus flavescens	Actinopteri	Gobiiformes	Gobiidae	Pomatoschistus	Two-spotted goby
Gobius flavescens	synonym	74	Pomatoschistus flavescens	Actinopteri	Gobiiformes	Gobiidae	Pomatoschistus	Two-spotted goby
Gobius ruthensparri	synonym	74	Pomatoschistus flavescens	Actinopteri	Gobiiformes	Gobiidae	Pomatoschistus	Two-spotted goby
Gobius ruuthensparri	synonym	74	Pomatoschistus flavescens	Actinopteri	Gobiiformes	Gobiidae	Pomatoschistus	Two-spotted goby
Gobius rvvthensparri	synonym	74	Pomatoschistus flavescens	Actinopteri	Gobiiformes	Gobiidae	Pomatoschistus	Two-spotted goby
Gobiusculus flavescens	synonym	74	Pomatoschistus flavescens	Actinopteri	Gobiiformes	Gobiidae	Pomatoschistus	Two-spotted goby
Pomatoschistus microps	accepted name	1344	Pomatoschistus microps	Actinopteri	Gobiiformes	Gobiidae	Pomatoschistus	Common goby
Gobius laticeps	synonym	1344	Pomatoschistus microps	Actinopteri	Gobiiformes	Gobiidae	Pomatoschistus	Common goby
Gobius microps	synonym	1344	Pomatoschistus microps	Actinopteri	Gobiiformes	Gobiidae	Pomatoschistus	Common goby
Gobius microps microps	synonym	1344	Pomatoschistus microps	Actinopteri	Gobiiformes	Gobiidae	Pomatoschistus	Common goby
Gobius microps puckensis	synonym	1344	Pomatoschistus microps	Actinopteri	Gobiiformes	Gobiidae	Pomatoschistus	Common goby
Gobius minutus minor	synonym	1344	Pomatoschistus microps	Actinopteri	Gobiiformes	Gobiidae	Pomatoschistus	Common goby
Gobius parnelli	synonym	1344	Pomatoschistus microps	Actinopteri	Gobiiformes	Gobiidae	Pomatoschistus	Common goby
Gobius pusillus	synonym	1344	Pomatoschistus microps	Actinopteri	Gobiiformes	Gobiidae	Pomatoschistus	Common goby
Pomatoschistus microps microps	synonym	1344	Pomatoschistus microps	Actinopteri	Gobiiformes	Gobiidae	Pomatoschistus	Common goby
Pomatoschistus minutus	accepted name	1345	Pomatoschistus minutus	Actinopteri	Gobiiformes	Gobiidae	Pomatoschistus	Sand goby
Gobius cobitiformis	synonym	1345	Pomatoschistus minutus	Actinopteri	Gobiiformes	Gobiidae	Pomatoschistus	Sand goby
Gobius ekstromii	synonym	1345	Pomatoschistus minutus	Actinopteri	Gobiiformes	Gobiidae	Pomatoschistus	Sand goby
Gobius elongatus	synonym	1345	Pomatoschistus minutus	Actinopteri	Gobiiformes	Gobiidae	Pomatoschistus	Sand goby
Gobius gracilis	synonym	1345	Pomatoschistus minutus	Actinopteri	Gobiiformes	Gobiidae	Pomatoschistus	Sand goby
Gobius minutus	synonym	1345	Pomatoschistus minutus	Actinopteri	Gobiiformes	Gobiidae	Pomatoschistus	Sand goby
Gobius minutus guitelli	synonym	1345	Pomatoschistus minutus	Actinopteri	Gobiiformes	Gobiidae	Pomatoschistus	Sand goby
Gobius minutus major	synonym	1345	Pomatoschistus minutus	Actinopteri	Gobiiformes	Gobiidae	Pomatoschistus	Sand goby
Gobius taalmankipii	synonym	1345	Pomatoschistus minutus	Actinopteri	Gobiiformes	Gobiidae	Pomatoschistus	Sand goby
Gobius unipunctatus	synonym	1345	Pomatoschistus minutus	Actinopteri	Gobiiformes	Gobiidae	Pomatoschistus	Sand goby
Pomatoschistus minutus elongatus	synonym	1345	Pomatoschistus minutus	Actinopteri	Gobiiformes	Gobiidae	Pomatoschistus	Sand goby
Pomatoschistus minutus minutus	synonym	1345	Pomatoschistus minutus	Actinopteri	Gobiiformes	Gobiidae	Pomatoschistus	Sand goby
Pomatoschistus norvegicus	accepted name	1346	Pomatoschistus norvegicus	Actinopteri	Gobiiformes	Gobiidae	Pomatoschistus	Norway goby
Gobius minutus norvegicus	synonym	1346	Pomatoschistus norvegicus	Actinopteri	Gobiiformes	Gobiidae	Pomatoschistus	Norway goby
Pomatoschistus pictus	accepted name	1347	Pomatoschistus pictus	Actinopteri	Gobiiformes	Gobiidae	Pomatoschistus	Painted goby
Gobius affinis	synonym	1347	Pomatoschistus pictus	Actinopteri	Gobiiformes	Gobiidae	Pomatoschistus	Painted goby
Gobius pictus	synonym	1347	Pomatoschistus pictus	Actinopteri	Gobiiformes	Gobiidae	Pomatoschistus	Painted goby
Gobius rhodopterus	synonym	1347	Pomatoschistus pictus	Actinopteri	Gobiiformes	Gobiidae	Pomatoschistus	Painted goby
Pomatoschistus adriaticus	synonym	1347	Pomatoschistus pictus	Actinopteri	Gobiiformes	Gobiidae	Pomatoschistus	Painted goby
Pomatoschistus pictus adriaticus	synonym	1347	Pomatoschistus pictus	Actinopteri	Gobiiformes	Gobiidae	Pomatoschistus	Painted goby
Pomatoschistus pictus pictus	synonym	1347	Pomatoschistus pictus	Actinopteri	Gobiiformes	Gobiidae	Pomatoschistus	Painted goby
Proterorhinus marmoratus	accepted name	12020	Proterorhinus marmoratus	Actinopteri	Gobiiformes	Gobiidae	Proterorhinus	Tubenose goby
Gobius blennioides	synonym	12020	Proterorhinus marmoratus	Actinopteri	Gobiiformes	Gobiidae	Proterorhinus	Tubenose goby
Gobius macropterus	synonym	12020	Proterorhinus marmoratus	Actinopteri	Gobiiformes	Gobiidae	Proterorhinus	Tubenose goby
Gobius quadricapillus	synonym	12020	Proterorhinus marmoratus	Actinopteri	Gobiiformes	Gobiidae	Proterorhinus	Tubenose goby
Gobius rubromaculatus	synonym	12020	Proterorhinus marmoratus	Actinopteri	Gobiiformes	Gobiidae	Proterorhinus	Tubenose goby
Proterorhynus marmoratus	synonym	12020	Proterorhinus marmoratus	Actinopteri	Gobiiformes	Gobiidae	Proterorhinus	Tubenose goby
Thorogobius ephippiatus	accepted name	7689	Thorogobius ephippiatus	Actinopteri	Gobiiformes	Gobiidae	Thorogobius	Leopard-spotted goby
Gobius ephippiatus	synonym	7689	Thorogobius ephippiatus	Actinopteri	Gobiiformes	Gobiidae	Thorogobius	Leopard-spotted goby
Gobius forsteri	synonym	7689	Thorogobius ephippiatus	Actinopteri	Gobiiformes	Gobiidae	Thorogobius	Leopard-spotted goby
Gobius thori	synonym	7689	Thorogobius ephippiatus	Actinopteri	Gobiiformes	Gobiidae	Thorogobius	Leopard-spotted goby
Perccottus glenii	accepted name	4696	Perccottus glenii	Actinopteri	Gobiiformes	Odontobutidae	Perccottus	Chinese sleeper
Eleotris dybowskii	synonym	4696	Perccottus glenii	Actinopteri	Gobiiformes	Odontobutidae	Perccottus	Chinese sleeper
Eleotris pleskei	synonym	4696	Perccottus glenii	Actinopteri	Gobiiformes	Odontobutidae	Perccottus	Chinese sleeper
Perccottus glehni	synonym	4696	Perccottus glenii	Actinopteri	Gobiiformes	Odontobutidae	Perccottus	Chinese sleeper
Percottus glehni	synonym	4696	Perccottus glenii	Actinopteri	Gobiiformes	Odontobutidae	Perccottus	Chinese sleeper
Percottus pleskei	synonym	4696	Perccottus glenii	Actinopteri	Gobiiformes	Odontobutidae	Perccottus	Chinese sleeper
Lampris guttatus	accepted name	1072	Lampris guttatus	Actinopteri	Lampriformes	Lampridae	Lampris	Opah
Lampris lauta	synonym	1072	Lampris guttatus	Actinopteri	Lampriformes	Lampridae	Lampris	Opah
Lampris luna	synonym	1072	Lampris guttatus	Actinopteri	Lampriformes	Lampridae	Lampris	Opah
Lampris regius	synonym	1072	Lampris guttatus	Actinopteri	Lampriformes	Lampridae	Lampris	Opah
Scomber gunneri	synonym	1072	Lampris guttatus	Actinopteri	Lampriformes	Lampridae	Lampris	Opah
Zeus guttatus	synonym	1072	Lampris guttatus	Actinopteri	Lampriformes	Lampridae	Lampris	Opah
Zeus imperialis	synonym	1072	Lampris guttatus	Actinopteri	Lampriformes	Lampridae	Lampris	Opah
Zeus luna	synonym	1072	Lampris guttatus	Actinopteri	Lampriformes	Lampridae	Lampris	Opah
Zeus regius	synonym	1072	Lampris guttatus	Actinopteri	Lampriformes	Lampridae	Lampris	Opah
Zeus stroemii	synonym	1072	Lampris guttatus	Actinopteri	Lampriformes	Lampridae	Lampris	Opah
Trachipterus arcticus	accepted name	3265	Trachipterus arcticus	Actinopteri	Lampriformes	Trachipteridae	Trachipterus	Dealfish
Gymnogaster arcticus	synonym	3265	Trachipterus arcticus	Actinopteri	Lampriformes	Trachipteridae	Trachipterus	Dealfish
Lophius budegassa	accepted name	5094	Lophius budegassa	Actinopteri	Lophiiformes	Lophiidae	Lophius	Blackbellied angler
Lophius bugadessa	synonym	5094	Lophius budegassa	Actinopteri	Lophiiformes	Lophiidae	Lophius	Blackbellied angler
Lophius parvipinnis	synonym	5094	Lophius budegassa	Actinopteri	Lophiiformes	Lophiidae	Lophius	Blackbellied angler
Lophius piscatorius budegassa	synonym	5094	Lophius budegassa	Actinopteri	Lophiiformes	Lophiidae	Lophius	Blackbellied angler
Lophius piscatorius	accepted name	716	Lophius piscatorius	Actinopteri	Lophiiformes	Lophiidae	Lophius	Angler
Batrachus eurypterus	synonym	716	Lophius piscatorius	Actinopteri	Lophiiformes	Lophiidae	Lophius	Angler
Batrachus piscator	synonym	716	Lophius piscatorius	Actinopteri	Lophiiformes	Lophiidae	Lophius	Angler
Batrachus piscatorius	synonym	716	Lophius piscatorius	Actinopteri	Lophiiformes	Lophiidae	Lophius	Angler
Lophius eurypterus	synonym	716	Lophius piscatorius	Actinopteri	Lophiiformes	Lophiidae	Lophius	Angler
Chelon auratus	accepted name	1735	Chelon auratus	Actinopteri	Mugiliformes	Mugilidae	Chelon	Golden grey mullet
Chelon aurata	synonym	1735	Chelon auratus	Actinopteri	Mugiliformes	Mugilidae	Chelon	Golden grey mullet
Liza aurata	synonym	1735	Chelon auratus	Actinopteri	Mugiliformes	Mugilidae	Chelon	Golden grey mullet
Liza auratus	synonym	1735	Chelon auratus	Actinopteri	Mugiliformes	Mugilidae	Chelon	Golden grey mullet
Mugil auratus	synonym	1735	Chelon auratus	Actinopteri	Mugiliformes	Mugilidae	Chelon	Golden grey mullet
Mugil breviceps	synonym	1735	Chelon auratus	Actinopteri	Mugiliformes	Mugilidae	Chelon	Golden grey mullet
Mugil cryptocheilos	synonym	1735	Chelon auratus	Actinopteri	Mugiliformes	Mugilidae	Chelon	Golden grey mullet
Mugil cryptochilus	synonym	1735	Chelon auratus	Actinopteri	Mugiliformes	Mugilidae	Chelon	Golden grey mullet
Mugil lotreganus	synonym	1735	Chelon auratus	Actinopteri	Mugiliformes	Mugilidae	Chelon	Golden grey mullet
Mugil maderensis	synonym	1735	Chelon auratus	Actinopteri	Mugiliformes	Mugilidae	Chelon	Golden grey mullet
Mugil octoradiatus	synonym	1735	Chelon auratus	Actinopteri	Mugiliformes	Mugilidae	Chelon	Golden grey mullet
Planiliza aurata	synonym	1735	Chelon auratus	Actinopteri	Mugiliformes	Mugilidae	Chelon	Golden grey mullet
Chelon labrosus	accepted name	2499	Chelon labrosus	Actinopteri	Mugiliformes	Mugilidae	Chelon	Thicklip grey mullet
Chelon chelo	synonym	2499	Chelon labrosus	Actinopteri	Mugiliformes	Mugilidae	Chelon	Thicklip grey mullet
Crenimugil labrosus	synonym	2499	Chelon labrosus	Actinopteri	Mugiliformes	Mugilidae	Chelon	Thicklip grey mullet
Liza chelo	synonym	2499	Chelon labrosus	Actinopteri	Mugiliformes	Mugilidae	Chelon	Thicklip grey mullet
Mugil buosega	synonym	2499	Chelon labrosus	Actinopteri	Mugiliformes	Mugilidae	Chelon	Thicklip grey mullet
Mugil chelo	synonym	2499	Chelon labrosus	Actinopteri	Mugiliformes	Mugilidae	Chelon	Thicklip grey mullet
Mugil chelon	synonym	2499	Chelon labrosus	Actinopteri	Mugiliformes	Mugilidae	Chelon	Thicklip grey mullet
Mugil corrugatus	synonym	2499	Chelon labrosus	Actinopteri	Mugiliformes	Mugilidae	Chelon	Thicklip grey mullet
Mugil curtus	synonym	2499	Chelon labrosus	Actinopteri	Mugiliformes	Mugilidae	Chelon	Thicklip grey mullet
Mugil labrosus	synonym	2499	Chelon labrosus	Actinopteri	Mugiliformes	Mugilidae	Chelon	Thicklip grey mullet
Mugil septentrionalis	synonym	2499	Chelon labrosus	Actinopteri	Mugiliformes	Mugilidae	Chelon	Thicklip grey mullet
Chelon ramada	accepted name	4583	Chelon ramada	Actinopteri	Mugiliformes	Mugilidae	Chelon	Thinlip grey mullet
Liza alosoides	synonym	4583	Chelon ramada	Actinopteri	Mugiliformes	Mugilidae	Chelon	Thinlip grey mullet
Liza capito	synonym	4583	Chelon ramada	Actinopteri	Mugiliformes	Mugilidae	Chelon	Thinlip grey mullet
Liza ramada	synonym	4583	Chelon ramada	Actinopteri	Mugiliformes	Mugilidae	Chelon	Thinlip grey mullet
Liza ramado	synonym	4583	Chelon ramada	Actinopteri	Mugiliformes	Mugilidae	Chelon	Thinlip grey mullet
Mugil britannicus	synonym	4583	Chelon ramada	Actinopteri	Mugiliformes	Mugilidae	Chelon	Thinlip grey mullet
Mugil capito	synonym	4583	Chelon ramada	Actinopteri	Mugiliformes	Mugilidae	Chelon	Thinlip grey mullet
Mugil caustelus	synonym	4583	Chelon ramada	Actinopteri	Mugiliformes	Mugilidae	Chelon	Thinlip grey mullet
Mugil cephalus ramado	synonym	4583	Chelon ramada	Actinopteri	Mugiliformes	Mugilidae	Chelon	Thinlip grey mullet
Mugil dubahra	synonym	4583	Chelon ramada	Actinopteri	Mugiliformes	Mugilidae	Chelon	Thinlip grey mullet
Mugil petherici	synonym	4583	Chelon ramada	Actinopteri	Mugiliformes	Mugilidae	Chelon	Thinlip grey mullet
Mugil ramada	synonym	4583	Chelon ramada	Actinopteri	Mugiliformes	Mugilidae	Chelon	Thinlip grey mullet
Mugil ramado	synonym	4583	Chelon ramada	Actinopteri	Mugiliformes	Mugilidae	Chelon	Thinlip grey mullet
Myxus maroccensis	synonym	4583	Chelon ramada	Actinopteri	Mugiliformes	Mugilidae	Chelon	Thinlip grey mullet
Mullus surmuletus	accepted name	1327	Mullus surmuletus	Actinopteri	Mulliformes	Mullidae	Mullus	Surmullet
Mullus barbatus surmuletus	synonym	1327	Mullus surmuletus	Actinopteri	Mulliformes	Mullidae	Mullus	Surmullet
Mullus fuscatus	synonym	1327	Mullus surmuletus	Actinopteri	Mulliformes	Mullidae	Mullus	Surmullet
Notoscopelus elongatus	accepted name	841	Notoscopelus elongatus	Actinopteri	Myctophiformes	Myctophidae	Notoscopelus	NA
Lampanyctus elongatus	synonym	841	Notoscopelus elongatus	Actinopteri	Myctophiformes	Myctophidae	Notoscopelus	NA
Myctophum elongatum	synonym	841	Notoscopelus elongatus	Actinopteri	Myctophiformes	Myctophidae	Notoscopelus	NA
Myctophum elongatus	synonym	841	Notoscopelus elongatus	Actinopteri	Myctophiformes	Myctophidae	Notoscopelus	NA
Scopelus elongatus	synonym	841	Notoscopelus elongatus	Actinopteri	Myctophiformes	Myctophidae	Notoscopelus	NA
Scopelus pseudocrocodilus	synonym	841	Notoscopelus elongatus	Actinopteri	Myctophiformes	Myctophidae	Notoscopelus	NA
Osmerus eperlanus	accepted name	1334	Osmerus eperlanus	Actinopteri	Osmeriformes	Osmeridae	Osmerus	European smelt
Eperlanus schonfieldii	synonym	1334	Osmerus eperlanus	Actinopteri	Osmeriformes	Osmeridae	Osmerus	European smelt
Eperlanus schonfoldii	synonym	1334	Osmerus eperlanus	Actinopteri	Osmeriformes	Osmeridae	Osmerus	European smelt
Eperlanus vulgaris	synonym	1334	Osmerus eperlanus	Actinopteri	Osmeriformes	Osmeridae	Osmerus	European smelt
Osmerus eparlanus	synonym	1334	Osmerus eperlanus	Actinopteri	Osmeriformes	Osmeridae	Osmerus	European smelt
Osmerus eperlanus eperlanus	synonym	1334	Osmerus eperlanus	Actinopteri	Osmeriformes	Osmeridae	Osmerus	European smelt
Osmerus eperlanus schonfoldi	synonym	1334	Osmerus eperlanus	Actinopteri	Osmeriformes	Osmeridae	Osmerus	European smelt
Osmerus eperlanus spirinchus	synonym	1334	Osmerus eperlanus	Actinopteri	Osmeriformes	Osmeridae	Osmerus	European smelt
Osmerus spirinchus	synonym	1334	Osmerus eperlanus	Actinopteri	Osmeriformes	Osmeridae	Osmerus	European smelt
Salmo eperlanomarinus	synonym	1334	Osmerus eperlanus	Actinopteri	Osmeriformes	Osmeridae	Osmerus	European smelt
Salmo eperlanus	synonym	1334	Osmerus eperlanus	Actinopteri	Osmeriformes	Osmeridae	Osmerus	European smelt
Salmo spirinchus	synonym	1334	Osmerus eperlanus	Actinopteri	Osmeriformes	Osmeridae	Osmerus	European smelt
Agonus cataphractus	accepted name	36	Agonus cataphractus	Actinopteri	Perciformes/Cottoidei	Agonidae	Agonus	Hooknose
Aspidophorus armatus	synonym	36	Agonus cataphractus	Actinopteri	Perciformes/Cottoidei	Agonidae	Agonus	Hooknose
Aspidophorus cataphractus	synonym	36	Agonus cataphractus	Actinopteri	Perciformes/Cottoidei	Agonidae	Agonus	Hooknose
Aspidophorus europaeus	synonym	36	Agonus cataphractus	Actinopteri	Perciformes/Cottoidei	Agonidae	Agonus	Hooknose
Cataphractus schoneveldii	synonym	36	Agonus cataphractus	Actinopteri	Perciformes/Cottoidei	Agonidae	Agonus	Hooknose
Cottus brodamus	synonym	36	Agonus cataphractus	Actinopteri	Perciformes/Cottoidei	Agonidae	Agonus	Hooknose
Cottus cataphractus	synonym	36	Agonus cataphractus	Actinopteri	Perciformes/Cottoidei	Agonidae	Agonus	Hooknose
Paragonus sertorii	synonym	36	Agonus cataphractus	Actinopteri	Perciformes/Cottoidei	Agonidae	Agonus	Hooknose
Phalangistes cataphractus	synonym	36	Agonus cataphractus	Actinopteri	Perciformes/Cottoidei	Agonidae	Agonus	Hooknose
Ribeiroa sertorii	synonym	36	Agonus cataphractus	Actinopteri	Perciformes/Cottoidei	Agonidae	Agonus	Hooknose
Cottus poecilopus	accepted name	8419	Alpinocottus poecilopus	Actinopteri	Perciformes/Cottoidei	Cottidae	Cottus	Alpine bullhead
Cottus poecilopterus	synonym	8419	Alpinocottus poecilopus	Actinopteri	Perciformes/Cottoidei	Cottidae	Cottus	Alpine bullhead
Cottus poecilopus macrostomus	synonym	8419	Alpinocottus poecilopus	Actinopteri	Perciformes/Cottoidei	Cottidae	Cottus	Alpine bullhead
Cottus poecilopus microstomus	synonym	8419	Alpinocottus poecilopus	Actinopteri	Perciformes/Cottoidei	Cottidae	Cottus	Alpine bullhead
Cottus poecilopus poecilopus	synonym	8419	Alpinocottus poecilopus	Actinopteri	Perciformes/Cottoidei	Cottidae	Cottus	Alpine bullhead
Cottus gobio	accepted name	2439	Cottus gobio	Actinopteri	Perciformes/Cottoidei	Cottidae	Cottus	Bullhead
Cottus affinis	synonym	2439	Cottus gobio	Actinopteri	Perciformes/Cottoidei	Cottidae	Cottus	Bullhead
Cottus ferrugineus	synonym	2439	Cottus gobio	Actinopteri	Perciformes/Cottoidei	Cottidae	Cottus	Bullhead
Cottus gobio gobio	synonym	2439	Cottus gobio	Actinopteri	Perciformes/Cottoidei	Cottidae	Cottus	Bullhead
Cottus gobio jakartensis	synonym	2439	Cottus gobio	Actinopteri	Perciformes/Cottoidei	Cottidae	Cottus	Bullhead
Cottus gobio jaxartensis	synonym	2439	Cottus gobio	Actinopteri	Perciformes/Cottoidei	Cottidae	Cottus	Bullhead
Cottus gobio macrostomus	synonym	2439	Cottus gobio	Actinopteri	Perciformes/Cottoidei	Cottidae	Cottus	Bullhead
Cottus gobio pellegrini	synonym	2439	Cottus gobio	Actinopteri	Perciformes/Cottoidei	Cottidae	Cottus	Bullhead
Cottus gobio roseus	synonym	2439	Cottus gobio	Actinopteri	Perciformes/Cottoidei	Cottidae	Cottus	Bullhead
Cottus jaxartensis	synonym	2439	Cottus gobio	Actinopteri	Perciformes/Cottoidei	Cottidae	Cottus	Bullhead
Myoxocephalus quadricornis	accepted name	4122	Myoxocephalus quadricornis	Actinopteri	Perciformes/Cottoidei	Cottidae	Myoxocephalus	Fourhorn sculpin
Cottus hexacornis	synonym	4122	Myoxocephalus quadricornis	Actinopteri	Perciformes/Cottoidei	Cottidae	Myoxocephalus	Fourhorn sculpin
Cottus latifrons	synonym	4122	Myoxocephalus quadricornis	Actinopteri	Perciformes/Cottoidei	Cottidae	Myoxocephalus	Fourhorn sculpin
Cottus quadricornis	synonym	4122	Myoxocephalus quadricornis	Actinopteri	Perciformes/Cottoidei	Cottidae	Myoxocephalus	Fourhorn sculpin
Cottus quadricornis asundensis	synonym	4122	Myoxocephalus quadricornis	Actinopteri	Perciformes/Cottoidei	Cottidae	Myoxocephalus	Fourhorn sculpin
Cottus quadricornis borkensis	synonym	4122	Myoxocephalus quadricornis	Actinopteri	Perciformes/Cottoidei	Cottidae	Myoxocephalus	Fourhorn sculpin
Cottus quadricornis frykenensis	synonym	4122	Myoxocephalus quadricornis	Actinopteri	Perciformes/Cottoidei	Cottidae	Myoxocephalus	Fourhorn sculpin
Cottus quadricornis kallavesensis	synonym	4122	Myoxocephalus quadricornis	Actinopteri	Perciformes/Cottoidei	Cottidae	Myoxocephalus	Fourhorn sculpin
Cottus quadricornis lonnbergi	synonym	4122	Myoxocephalus quadricornis	Actinopteri	Perciformes/Cottoidei	Cottidae	Myoxocephalus	Fourhorn sculpin
Cottus quadricornis oernensis	synonym	4122	Myoxocephalus quadricornis	Actinopteri	Perciformes/Cottoidei	Cottidae	Myoxocephalus	Fourhorn sculpin
Cottus quadricornis pygmaeus	synonym	4122	Myoxocephalus quadricornis	Actinopteri	Perciformes/Cottoidei	Cottidae	Myoxocephalus	Fourhorn sculpin
Cottus quadricornis relicta	synonym	4122	Myoxocephalus quadricornis	Actinopteri	Perciformes/Cottoidei	Cottidae	Myoxocephalus	Fourhorn sculpin
Cottus quadricornis vaenernensis	synonym	4122	Myoxocephalus quadricornis	Actinopteri	Perciformes/Cottoidei	Cottidae	Myoxocephalus	Fourhorn sculpin
Cottus quadricornis vermelnensis	synonym	4122	Myoxocephalus quadricornis	Actinopteri	Perciformes/Cottoidei	Cottidae	Myoxocephalus	Fourhorn sculpin
Myoxocephalus quadricornis hexacornis	synonym	4122	Myoxocephalus quadricornis	Actinopteri	Perciformes/Cottoidei	Cottidae	Myoxocephalus	Fourhorn sculpin
Myoxocephalus quadricornis lonnbergi	synonym	4122	Myoxocephalus quadricornis	Actinopteri	Perciformes/Cottoidei	Cottidae	Myoxocephalus	Fourhorn sculpin
Myoxocephalus quadricornis onegensis	synonym	4122	Myoxocephalus quadricornis	Actinopteri	Perciformes/Cottoidei	Cottidae	Myoxocephalus	Fourhorn sculpin
Myoxocephalus quadricornis quadricornis	synonym	4122	Myoxocephalus quadricornis	Actinopteri	Perciformes/Cottoidei	Cottidae	Myoxocephalus	Fourhorn sculpin
Myoxocephalus quadricornis relicta	synonym	4122	Myoxocephalus quadricornis	Actinopteri	Perciformes/Cottoidei	Cottidae	Myoxocephalus	Fourhorn sculpin
Oncocottus hexacornis	synonym	4122	Myoxocephalus quadricornis	Actinopteri	Perciformes/Cottoidei	Cottidae	Myoxocephalus	Fourhorn sculpin
Oncocottus quadricornis	synonym	4122	Myoxocephalus quadricornis	Actinopteri	Perciformes/Cottoidei	Cottidae	Myoxocephalus	Fourhorn sculpin
Onocottus hexacornis	synonym	4122	Myoxocephalus quadricornis	Actinopteri	Perciformes/Cottoidei	Cottidae	Myoxocephalus	Fourhorn sculpin
Triglops quadricornis	synonym	4122	Myoxocephalus quadricornis	Actinopteri	Perciformes/Cottoidei	Cottidae	Myoxocephalus	Fourhorn sculpin
Triglopsis quadricornis	synonym	4122	Myoxocephalus quadricornis	Actinopteri	Perciformes/Cottoidei	Cottidae	Myoxocephalus	Fourhorn sculpin
Triglopsis quadricornis quadricorniis	synonym	4122	Myoxocephalus quadricornis	Actinopteri	Perciformes/Cottoidei	Cottidae	Myoxocephalus	Fourhorn sculpin
Myoxocephalus scorpius	accepted name	1329	Myoxocephalus scorpius	Actinopteri	Perciformes/Cottoidei	Cottidae	Myoxocephalus	Shorthorn sculpin
Acanthocottus scorpius	synonym	1329	Myoxocephalus scorpius	Actinopteri	Perciformes/Cottoidei	Cottidae	Myoxocephalus	Shorthorn sculpin
Cottus groenlandicus	synonym	1329	Myoxocephalus scorpius	Actinopteri	Perciformes/Cottoidei	Cottidae	Myoxocephalus	Shorthorn sculpin
Cottus scorpius	synonym	1329	Myoxocephalus scorpius	Actinopteri	Perciformes/Cottoidei	Cottidae	Myoxocephalus	Shorthorn sculpin
Cottus verrucosus	synonym	1329	Myoxocephalus scorpius	Actinopteri	Perciformes/Cottoidei	Cottidae	Myoxocephalus	Shorthorn sculpin
Myoxocephalus scorpius groenlandicus	synonym	1329	Myoxocephalus scorpius	Actinopteri	Perciformes/Cottoidei	Cottidae	Myoxocephalus	Shorthorn sculpin
Myoxocephalus scorpius scorpius	synonym	1329	Myoxocephalus scorpius	Actinopteri	Perciformes/Cottoidei	Cottidae	Myoxocephalus	Shorthorn sculpin
Myoxocephalus verrucosus	synonym	1329	Myoxocephalus scorpius	Actinopteri	Perciformes/Cottoidei	Cottidae	Myoxocephalus	Shorthorn sculpin
Myxocephalus scorpius	synonym	1329	Myoxocephalus scorpius	Actinopteri	Perciformes/Cottoidei	Cottidae	Myoxocephalus	Shorthorn sculpin
Taurulus bubalis	accepted name	1361	Taurulus bubalis	Actinopteri	Perciformes/Cottoidei	Cottidae	Taurulus	Longspined bullhead
Acanthocottus bubalis	synonym	1361	Taurulus bubalis	Actinopteri	Perciformes/Cottoidei	Cottidae	Taurulus	Longspined bullhead
Aspicottus bubalis	synonym	1361	Taurulus bubalis	Actinopteri	Perciformes/Cottoidei	Cottidae	Taurulus	Longspined bullhead
Ceratocottus bubalis	synonym	1361	Taurulus bubalis	Actinopteri	Perciformes/Cottoidei	Cottidae	Taurulus	Longspined bullhead
Cottus bubalis	synonym	1361	Taurulus bubalis	Actinopteri	Perciformes/Cottoidei	Cottidae	Taurulus	Longspined bullhead
Cottus maculatus	synonym	1361	Taurulus bubalis	Actinopteri	Perciformes/Cottoidei	Cottidae	Taurulus	Longspined bullhead
Enophrys bubalis	synonym	1361	Taurulus bubalis	Actinopteri	Perciformes/Cottoidei	Cottidae	Taurulus	Longspined bullhead
Myoxocephalus bubalis	synonym	1361	Taurulus bubalis	Actinopteri	Perciformes/Cottoidei	Cottidae	Taurulus	Longspined bullhead
Triglops murrayi	accepted name	4146	Triglops murrayi	Actinopteri	Perciformes/Cottoidei	Cottidae	Triglops	Moustache sculpin
Triglops murrayi ommatistius	synonym	4146	Triglops murrayi	Actinopteri	Perciformes/Cottoidei	Cottidae	Triglops	Moustache sculpin
Triglops murrayi terraenovae	synonym	4146	Triglops murrayi	Actinopteri	Perciformes/Cottoidei	Cottidae	Triglops	Moustache sculpin
Triglops ommatistius	synonym	4146	Triglops murrayi	Actinopteri	Perciformes/Cottoidei	Cottidae	Triglops	Moustache sculpin
Triglops ommatistius ommatistius	synonym	4146	Triglops murrayi	Actinopteri	Perciformes/Cottoidei	Cottidae	Triglops	Moustache sculpin
Triglops ommatistius terraenovae	synonym	4146	Triglops murrayi	Actinopteri	Perciformes/Cottoidei	Cottidae	Triglops	Moustache sculpin
Triglops pingelii islandicus	synonym	4146	Triglops murrayi	Actinopteri	Perciformes/Cottoidei	Cottidae	Triglops	Moustache sculpin
Triglops pingelii murrayi	synonym	4146	Triglops murrayi	Actinopteri	Perciformes/Cottoidei	Cottidae	Triglops	Moustache sculpin
Triglops pingelii pietschmanni	synonym	4146	Triglops murrayi	Actinopteri	Perciformes/Cottoidei	Cottidae	Triglops	Moustache sculpin
Triglops pingelii terraenovae	synonym	4146	Triglops murrayi	Actinopteri	Perciformes/Cottoidei	Cottidae	Triglops	Moustache sculpin
Cyclopterus lumpus	accepted name	62	Cyclopterus lumpus	Actinopteri	Perciformes/Cottoidei	Cyclopteridae	Cyclopterus	Lumpfish
Cyclopterus caeruleus	synonym	62	Cyclopterus lumpus	Actinopteri	Perciformes/Cottoidei	Cyclopteridae	Cyclopterus	Lumpfish
Cyclopterus coronatus	synonym	62	Cyclopterus lumpus	Actinopteri	Perciformes/Cottoidei	Cyclopteridae	Cyclopterus	Lumpfish
Cyclopterus lumpus hudsonius	synonym	62	Cyclopterus lumpus	Actinopteri	Perciformes/Cottoidei	Cyclopteridae	Cyclopterus	Lumpfish
Cyclopterus minutus	synonym	62	Cyclopterus lumpus	Actinopteri	Perciformes/Cottoidei	Cyclopteridae	Cyclopterus	Lumpfish
Cyclopterus pavoninus	synonym	62	Cyclopterus lumpus	Actinopteri	Perciformes/Cottoidei	Cyclopteridae	Cyclopterus	Lumpfish
Cyclopterus pyramidatus	synonym	62	Cyclopterus lumpus	Actinopteri	Perciformes/Cottoidei	Cyclopteridae	Cyclopterus	Lumpfish
Lumpus anglorum	synonym	62	Cyclopterus lumpus	Actinopteri	Perciformes/Cottoidei	Cyclopteridae	Cyclopterus	Lumpfish
Lumpus vulgaris	synonym	62	Cyclopterus lumpus	Actinopteri	Perciformes/Cottoidei	Cyclopteridae	Cyclopterus	Lumpfish
Liparis barbatus	accepted name	54741	Liparis barbatus	Actinopteri	Perciformes/Cottoidei	Liparidae	Liparis	Sea-snail
Liparis liparis barbatus	synonym	54741	Liparis barbatus	Actinopteri	Perciformes/Cottoidei	Liparidae	Liparis	Sea-snail
Liparis liparis	accepted name	1378	Liparis liparis	Actinopteri	Perciformes/Cottoidei	Liparidae	Liparis	Striped seasnail
Cyclopterus lineatus	synonym	1378	Liparis liparis	Actinopteri	Perciformes/Cottoidei	Liparidae	Liparis	Striped seasnail
Cyclopterus liparis	synonym	1378	Liparis liparis	Actinopteri	Perciformes/Cottoidei	Liparidae	Liparis	Striped seasnail
Cyclopterus liparoides	synonym	1378	Liparis liparis	Actinopteri	Perciformes/Cottoidei	Liparidae	Liparis	Striped seasnail
Liparis lineatus	synonym	1378	Liparis liparis	Actinopteri	Perciformes/Cottoidei	Liparidae	Liparis	Striped seasnail
Liparis liparis liparis	synonym	1378	Liparis liparis	Actinopteri	Perciformes/Cottoidei	Liparidae	Liparis	Striped seasnail
Liparis stellatus	synonym	1378	Liparis liparis	Actinopteri	Perciformes/Cottoidei	Liparidae	Liparis	Striped seasnail
Liparis vulgaris	synonym	1378	Liparis liparis	Actinopteri	Perciformes/Cottoidei	Liparidae	Liparis	Striped seasnail
Liparis montagui	accepted name	1379	Liparis montagui	Actinopteri	Perciformes/Cottoidei	Liparidae	Liparis	Montagus seasnail
Cyclopterus gobius	synonym	1379	Liparis montagui	Actinopteri	Perciformes/Cottoidei	Liparidae	Liparis	Montagus seasnail
Cyclopterus montagui	synonym	1379	Liparis montagui	Actinopteri	Perciformes/Cottoidei	Liparidae	Liparis	Montagus seasnail
Liparis ekstromii	synonym	1379	Liparis montagui	Actinopteri	Perciformes/Cottoidei	Liparidae	Liparis	Montagus seasnail
Liparis maculatus	synonym	1379	Liparis montagui	Actinopteri	Perciformes/Cottoidei	Liparidae	Liparis	Montagus seasnail
Liparis montagui annulatus	synonym	1379	Liparis montagui	Actinopteri	Perciformes/Cottoidei	Liparidae	Liparis	Montagus seasnail
Liparis montagui obscurus	synonym	1379	Liparis montagui	Actinopteri	Perciformes/Cottoidei	Liparidae	Liparis	Montagus seasnail
Liparis montagui pictus	synonym	1379	Liparis montagui	Actinopteri	Perciformes/Cottoidei	Liparidae	Liparis	Montagus seasnail
Liparis montagui principalis	synonym	1379	Liparis montagui	Actinopteri	Perciformes/Cottoidei	Liparidae	Liparis	Montagus seasnail
Liparis montagui striatus	synonym	1379	Liparis montagui	Actinopteri	Perciformes/Cottoidei	Liparidae	Liparis	Montagus seasnail
Gasterosteus aculeatus	accepted name	2420	Gasterosteus aculeatus	Actinopteri	Perciformes/Gasterosteoidei	Gasterosteidae	Gasterosteus	Three-spined stickleback
Gasteracanthus cataphractus	synonym	2420	Gasterosteus aculeatus	Actinopteri	Perciformes/Gasterosteoidei	Gasterosteidae	Gasterosteus	Three-spined stickleback
Gasterosteus Dekayi	synonym	2420	Gasterosteus aculeatus	Actinopteri	Perciformes/Gasterosteoidei	Gasterosteidae	Gasterosteus	Three-spined stickleback
Gasterosteus aculeatus aculeatus	synonym	2420	Gasterosteus aculeatus	Actinopteri	Perciformes/Gasterosteoidei	Gasterosteidae	Gasterosteus	Three-spined stickleback
Gasterosteus aculeatus algeriensis	synonym	2420	Gasterosteus aculeatus	Actinopteri	Perciformes/Gasterosteoidei	Gasterosteidae	Gasterosteus	Three-spined stickleback
Gasterosteus aculeatus gymnurus	synonym	2420	Gasterosteus aculeatus	Actinopteri	Perciformes/Gasterosteoidei	Gasterosteidae	Gasterosteus	Three-spined stickleback
Gasterosteus aculeatus leiurus	synonym	2420	Gasterosteus aculeatus	Actinopteri	Perciformes/Gasterosteoidei	Gasterosteidae	Gasterosteus	Three-spined stickleback
Gasterosteus aculeatus messinicus	synonym	2420	Gasterosteus aculeatus	Actinopteri	Perciformes/Gasterosteoidei	Gasterosteidae	Gasterosteus	Three-spined stickleback
Gasterosteus aculeatus santaeannae	synonym	2420	Gasterosteus aculeatus	Actinopteri	Perciformes/Gasterosteoidei	Gasterosteidae	Gasterosteus	Three-spined stickleback
Gasterosteus aculeatus trachurus	synonym	2420	Gasterosteus aculeatus	Actinopteri	Perciformes/Gasterosteoidei	Gasterosteidae	Gasterosteus	Three-spined stickleback
Gasterosteus aculeatus williamsoni	synonym	2420	Gasterosteus aculeatus	Actinopteri	Perciformes/Gasterosteoidei	Gasterosteidae	Gasterosteus	Three-spined stickleback
Gasterosteus algeriensis	synonym	2420	Gasterosteus aculeatus	Actinopteri	Perciformes/Gasterosteoidei	Gasterosteidae	Gasterosteus	Three-spined stickleback
Gasterosteus argentatissimus	synonym	2420	Gasterosteus aculeatus	Actinopteri	Perciformes/Gasterosteoidei	Gasterosteidae	Gasterosteus	Three-spined stickleback
Gasterosteus argyropomus	synonym	2420	Gasterosteus aculeatus	Actinopteri	Perciformes/Gasterosteoidei	Gasterosteidae	Gasterosteus	Three-spined stickleback
Gasterosteus atkinsi	synonym	2420	Gasterosteus aculeatus	Actinopteri	Perciformes/Gasterosteoidei	Gasterosteidae	Gasterosteus	Three-spined stickleback
Gasterosteus atkinsii	synonym	2420	Gasterosteus aculeatus	Actinopteri	Perciformes/Gasterosteoidei	Gasterosteidae	Gasterosteus	Three-spined stickleback
Gasterosteus bailloni	synonym	2420	Gasterosteus aculeatus	Actinopteri	Perciformes/Gasterosteoidei	Gasterosteidae	Gasterosteus	Three-spined stickleback
Gasterosteus biaculeatus	synonym	2420	Gasterosteus aculeatus	Actinopteri	Perciformes/Gasterosteoidei	Gasterosteidae	Gasterosteus	Three-spined stickleback
Gasterosteus biarmatus	synonym	2420	Gasterosteus aculeatus	Actinopteri	Perciformes/Gasterosteoidei	Gasterosteidae	Gasterosteus	Three-spined stickleback
Gasterosteus bispinosus	synonym	2420	Gasterosteus aculeatus	Actinopteri	Perciformes/Gasterosteoidei	Gasterosteidae	Gasterosteus	Three-spined stickleback
Gasterosteus brachycentrus	synonym	2420	Gasterosteus aculeatus	Actinopteri	Perciformes/Gasterosteoidei	Gasterosteidae	Gasterosteus	Three-spined stickleback
Gasterosteus cataphractus	synonym	2420	Gasterosteus aculeatus	Actinopteri	Perciformes/Gasterosteoidei	Gasterosteidae	Gasterosteus	Three-spined stickleback
Gasterosteus cuvieri	synonym	2420	Gasterosteus aculeatus	Actinopteri	Perciformes/Gasterosteoidei	Gasterosteidae	Gasterosteus	Three-spined stickleback
Gasterosteus dimidiatus	synonym	2420	Gasterosteus aculeatus	Actinopteri	Perciformes/Gasterosteoidei	Gasterosteidae	Gasterosteus	Three-spined stickleback
Gasterosteus elegans	synonym	2420	Gasterosteus aculeatus	Actinopteri	Perciformes/Gasterosteoidei	Gasterosteidae	Gasterosteus	Three-spined stickleback
Gasterosteus gymnurus	synonym	2420	Gasterosteus aculeatus	Actinopteri	Perciformes/Gasterosteoidei	Gasterosteidae	Gasterosteus	Three-spined stickleback
Gasterosteus hologymnus	synonym	2420	Gasterosteus aculeatus	Actinopteri	Perciformes/Gasterosteoidei	Gasterosteidae	Gasterosteus	Three-spined stickleback
Gasterosteus inopinatus	synonym	2420	Gasterosteus aculeatus	Actinopteri	Perciformes/Gasterosteoidei	Gasterosteidae	Gasterosteus	Three-spined stickleback
Gasterosteus insculptus	synonym	2420	Gasterosteus aculeatus	Actinopteri	Perciformes/Gasterosteoidei	Gasterosteidae	Gasterosteus	Three-spined stickleback
Gasterosteus intermedius	synonym	2420	Gasterosteus aculeatus	Actinopteri	Perciformes/Gasterosteoidei	Gasterosteidae	Gasterosteus	Three-spined stickleback
Gasterosteus leiurus	synonym	2420	Gasterosteus aculeatus	Actinopteri	Perciformes/Gasterosteoidei	Gasterosteidae	Gasterosteus	Three-spined stickleback
Gasterosteus loricatus	synonym	2420	Gasterosteus aculeatus	Actinopteri	Perciformes/Gasterosteoidei	Gasterosteidae	Gasterosteus	Three-spined stickleback
Gasterosteus nemausensis	synonym	2420	Gasterosteus aculeatus	Actinopteri	Perciformes/Gasterosteoidei	Gasterosteidae	Gasterosteus	Three-spined stickleback
Gasterosteus neoboracensis	synonym	2420	Gasterosteus aculeatus	Actinopteri	Perciformes/Gasterosteoidei	Gasterosteidae	Gasterosteus	Three-spined stickleback
Gasterosteus neustrianus	synonym	2420	Gasterosteus aculeatus	Actinopteri	Perciformes/Gasterosteoidei	Gasterosteidae	Gasterosteus	Three-spined stickleback
Gasterosteus niger	synonym	2420	Gasterosteus aculeatus	Actinopteri	Perciformes/Gasterosteoidei	Gasterosteidae	Gasterosteus	Three-spined stickleback
Gasterosteus noveboracensis	synonym	2420	Gasterosteus aculeatus	Actinopteri	Perciformes/Gasterosteoidei	Gasterosteidae	Gasterosteus	Three-spined stickleback
Gasterosteus obolarius	synonym	2420	Gasterosteus aculeatus	Actinopteri	Perciformes/Gasterosteoidei	Gasterosteidae	Gasterosteus	Three-spined stickleback
Gasterosteus plebeius	synonym	2420	Gasterosteus aculeatus	Actinopteri	Perciformes/Gasterosteoidei	Gasterosteidae	Gasterosteus	Three-spined stickleback
Gasterosteus ponticus	synonym	2420	Gasterosteus aculeatus	Actinopteri	Perciformes/Gasterosteoidei	Gasterosteidae	Gasterosteus	Three-spined stickleback
Gasterosteus pugetti	synonym	2420	Gasterosteus aculeatus	Actinopteri	Perciformes/Gasterosteoidei	Gasterosteidae	Gasterosteus	Three-spined stickleback
Gasterosteus quadrispinosa	synonym	2420	Gasterosteus aculeatus	Actinopteri	Perciformes/Gasterosteoidei	Gasterosteidae	Gasterosteus	Three-spined stickleback
Gasterosteus quadrispinosus	synonym	2420	Gasterosteus aculeatus	Actinopteri	Perciformes/Gasterosteoidei	Gasterosteidae	Gasterosteus	Three-spined stickleback
Gasterosteus santaeannae	synonym	2420	Gasterosteus aculeatus	Actinopteri	Perciformes/Gasterosteoidei	Gasterosteidae	Gasterosteus	Three-spined stickleback
Gasterosteus semiarmatus	synonym	2420	Gasterosteus aculeatus	Actinopteri	Perciformes/Gasterosteoidei	Gasterosteidae	Gasterosteus	Three-spined stickleback
Gasterosteus semiloricatus	synonym	2420	Gasterosteus aculeatus	Actinopteri	Perciformes/Gasterosteoidei	Gasterosteidae	Gasterosteus	Three-spined stickleback
Gasterosteus serratus	synonym	2420	Gasterosteus aculeatus	Actinopteri	Perciformes/Gasterosteoidei	Gasterosteidae	Gasterosteus	Three-spined stickleback
Gasterosteus spinulosus	synonym	2420	Gasterosteus aculeatus	Actinopteri	Perciformes/Gasterosteoidei	Gasterosteidae	Gasterosteus	Three-spined stickleback
Gasterosteus suppositus	synonym	2420	Gasterosteus aculeatus	Actinopteri	Perciformes/Gasterosteoidei	Gasterosteidae	Gasterosteus	Three-spined stickleback
Gasterosteus teraculeatus	synonym	2420	Gasterosteus aculeatus	Actinopteri	Perciformes/Gasterosteoidei	Gasterosteidae	Gasterosteus	Three-spined stickleback
Gasterosteus tetracanthus	synonym	2420	Gasterosteus aculeatus	Actinopteri	Perciformes/Gasterosteoidei	Gasterosteidae	Gasterosteus	Three-spined stickleback
Gasterosteus texanus	synonym	2420	Gasterosteus aculeatus	Actinopteri	Perciformes/Gasterosteoidei	Gasterosteidae	Gasterosteus	Three-spined stickleback
Gasterosteus trachurus	synonym	2420	Gasterosteus aculeatus	Actinopteri	Perciformes/Gasterosteoidei	Gasterosteidae	Gasterosteus	Three-spined stickleback
Gasterosteus williamsoni	synonym	2420	Gasterosteus aculeatus	Actinopteri	Perciformes/Gasterosteoidei	Gasterosteidae	Gasterosteus	Three-spined stickleback
Gastrosteus hologymnus	synonym	2420	Gasterosteus aculeatus	Actinopteri	Perciformes/Gasterosteoidei	Gasterosteidae	Gasterosteus	Three-spined stickleback
Leiurus aculeatus	synonym	2420	Gasterosteus aculeatus	Actinopteri	Perciformes/Gasterosteoidei	Gasterosteidae	Gasterosteus	Three-spined stickleback
Pungitius pungitius	accepted name	3273	Pungitius pungitius	Actinopteri	Perciformes/Gasterosteoidei	Gasterosteidae	Pungitius	Ninespine stickleback
Gasteracanthus pungitius	synonym	3273	Pungitius pungitius	Actinopteri	Perciformes/Gasterosteoidei	Gasterosteidae	Pungitius	Ninespine stickleback
Gasterosteus blanchardi	synonym	3273	Pungitius pungitius	Actinopteri	Perciformes/Gasterosteoidei	Gasterosteidae	Pungitius	Ninespine stickleback
Gasterosteus concinnus	synonym	3273	Pungitius pungitius	Actinopteri	Perciformes/Gasterosteoidei	Gasterosteidae	Pungitius	Ninespine stickleback
Gasterosteus dekayi	synonym	3273	Pungitius pungitius	Actinopteri	Perciformes/Gasterosteoidei	Gasterosteidae	Pungitius	Ninespine stickleback
Gasterosteus globiceps	synonym	3273	Pungitius pungitius	Actinopteri	Perciformes/Gasterosteoidei	Gasterosteidae	Pungitius	Ninespine stickleback
Gasterosteus mainensis	synonym	3273	Pungitius pungitius	Actinopteri	Perciformes/Gasterosteoidei	Gasterosteidae	Pungitius	Ninespine stickleback
Gasterosteus nebulosus	synonym	3273	Pungitius pungitius	Actinopteri	Perciformes/Gasterosteoidei	Gasterosteidae	Pungitius	Ninespine stickleback
Gasterosteus occidentalis	synonym	3273	Pungitius pungitius	Actinopteri	Perciformes/Gasterosteoidei	Gasterosteidae	Pungitius	Ninespine stickleback
Gasterosteus pungitius	synonym	3273	Pungitius pungitius	Actinopteri	Perciformes/Gasterosteoidei	Gasterosteidae	Pungitius	Ninespine stickleback
Gasterosteus pungitius brachypoda	synonym	3273	Pungitius pungitius	Actinopteri	Perciformes/Gasterosteoidei	Gasterosteidae	Pungitius	Ninespine stickleback
Pungitius pungitius pungitius	synonym	3273	Pungitius pungitius	Actinopteri	Perciformes/Gasterosteoidei	Gasterosteidae	Pungitius	Ninespine stickleback
Pygosteus pungitius	synonym	3273	Pungitius pungitius	Actinopteri	Perciformes/Gasterosteoidei	Gasterosteidae	Pungitius	Ninespine stickleback
Pygosteus pungitius brachypoda	synonym	3273	Pungitius pungitius	Actinopteri	Perciformes/Gasterosteoidei	Gasterosteidae	Pungitius	Ninespine stickleback
Pygosteus pungitius carinata	synonym	3273	Pungitius pungitius	Actinopteri	Perciformes/Gasterosteoidei	Gasterosteidae	Pungitius	Ninespine stickleback
Pygosteus pungitius semiarmata	synonym	3273	Pungitius pungitius	Actinopteri	Perciformes/Gasterosteoidei	Gasterosteidae	Pungitius	Ninespine stickleback
Pygosteus pungitius trachura	synonym	3273	Pungitius pungitius	Actinopteri	Perciformes/Gasterosteoidei	Gasterosteidae	Pungitius	Ninespine stickleback
Spinachia spinachia	accepted name	1355	Spinachia spinachia	Actinopteri	Perciformes/Gasterosteoidei	Gasterosteidae	Spinachia	Sea stickleback
Gasterosteus spinachia	synonym	1355	Spinachia spinachia	Actinopteri	Perciformes/Gasterosteoidei	Gasterosteidae	Spinachia	Sea stickleback
Spinachia vulgaris	synonym	1355	Spinachia spinachia	Actinopteri	Perciformes/Gasterosteoidei	Gasterosteidae	Spinachia	Sea stickleback
Gymnocephalus cernua	accepted name	4474	Gymnocephalus cernua	Actinopteri	Perciformes/Percoidei	Percidae	Gymnocephalus	Ruffe
Acerina cernua	synonym	4474	Gymnocephalus cernua	Actinopteri	Perciformes/Percoidei	Percidae	Gymnocephalus	Ruffe
Acerina cernua danubica	synonym	4474	Gymnocephalus cernua	Actinopteri	Perciformes/Percoidei	Percidae	Gymnocephalus	Ruffe
Acerina cernua essipovi	synonym	4474	Gymnocephalus cernua	Actinopteri	Perciformes/Percoidei	Percidae	Gymnocephalus	Ruffe
Acerina cernus essipovi	synonym	4474	Gymnocephalus cernua	Actinopteri	Perciformes/Percoidei	Percidae	Gymnocephalus	Ruffe
Acerina czekanowskii	synonym	4474	Gymnocephalus cernua	Actinopteri	Perciformes/Percoidei	Percidae	Gymnocephalus	Ruffe
Acerina fischeri	synonym	4474	Gymnocephalus cernua	Actinopteri	Perciformes/Percoidei	Percidae	Gymnocephalus	Ruffe
Acerina vulgaris	synonym	4474	Gymnocephalus cernua	Actinopteri	Perciformes/Percoidei	Percidae	Gymnocephalus	Ruffe
Acerinus cernus essipovi	synonym	4474	Gymnocephalus cernua	Actinopteri	Perciformes/Percoidei	Percidae	Gymnocephalus	Ruffe
Cernua fluviatilis	synonym	4474	Gymnocephalus cernua	Actinopteri	Perciformes/Percoidei	Percidae	Gymnocephalus	Ruffe
Gymnocephalus cernus	synonym	4474	Gymnocephalus cernua	Actinopteri	Perciformes/Percoidei	Percidae	Gymnocephalus	Ruffe
Gymnocephalus cernuus	synonym	4474	Gymnocephalus cernua	Actinopteri	Perciformes/Percoidei	Percidae	Gymnocephalus	Ruffe
Holocentrus post	synonym	4474	Gymnocephalus cernua	Actinopteri	Perciformes/Percoidei	Percidae	Gymnocephalus	Ruffe
Perca cernua	synonym	4474	Gymnocephalus cernua	Actinopteri	Perciformes/Percoidei	Percidae	Gymnocephalus	Ruffe
Perca fluviatilis	accepted name	358	Perca fluviatilis	Actinopteri	Perciformes/Percoidei	Percidae	Perca	European perch
Perca fluviatilis aurea	synonym	358	Perca fluviatilis	Actinopteri	Perciformes/Percoidei	Percidae	Perca	European perch
Perca fluviatilis gibba	synonym	358	Perca fluviatilis	Actinopteri	Perciformes/Percoidei	Percidae	Perca	European perch
Perca fluviatilis gracilis	synonym	358	Perca fluviatilis	Actinopteri	Perciformes/Percoidei	Percidae	Perca	European perch
Perca fluviatilis intermedius	synonym	358	Perca fluviatilis	Actinopteri	Perciformes/Percoidei	Percidae	Perca	European perch
Perca fluviatilis macedonica	synonym	358	Perca fluviatilis	Actinopteri	Perciformes/Percoidei	Percidae	Perca	European perch
Perca fluviatilis maculata	synonym	358	Perca fluviatilis	Actinopteri	Perciformes/Percoidei	Percidae	Perca	European perch
Perca fluviatilis nigrescens	synonym	358	Perca fluviatilis	Actinopteri	Perciformes/Percoidei	Percidae	Perca	European perch
Perca fluviatilis phragmiteti	synonym	358	Perca fluviatilis	Actinopteri	Perciformes/Percoidei	Percidae	Perca	European perch
Perca fluviatilis zaissanica	synonym	358	Perca fluviatilis	Actinopteri	Perciformes/Percoidei	Percidae	Perca	European perch
Perca fluviatilus	synonym	358	Perca fluviatilis	Actinopteri	Perciformes/Percoidei	Percidae	Perca	European perch
Perca helvetica	synonym	358	Perca fluviatilis	Actinopteri	Perciformes/Percoidei	Percidae	Perca	European perch
Perca italica	synonym	358	Perca fluviatilis	Actinopteri	Perciformes/Percoidei	Percidae	Perca	European perch
Perca vulgaris	synonym	358	Perca fluviatilis	Actinopteri	Perciformes/Percoidei	Percidae	Perca	European perch
Perca vulgaris aurata	synonym	358	Perca fluviatilis	Actinopteri	Perciformes/Percoidei	Percidae	Perca	European perch
Sander lucioperca	accepted name	360	Sander lucioperca	Actinopteri	Perciformes/Percoidei	Percidae	Sander	Pike-perch
Centropomus sandat	synonym	360	Sander lucioperca	Actinopteri	Perciformes/Percoidei	Percidae	Sander	Pike-perch
Lucioperca linnei	synonym	360	Sander lucioperca	Actinopteri	Perciformes/Percoidei	Percidae	Sander	Pike-perch
Lucioperca lucioperca	synonym	360	Sander lucioperca	Actinopteri	Perciformes/Percoidei	Percidae	Sander	Pike-perch
Lucioperca sandra	synonym	360	Sander lucioperca	Actinopteri	Perciformes/Percoidei	Percidae	Sander	Pike-perch
Perca lucioperca	synonym	360	Sander lucioperca	Actinopteri	Perciformes/Percoidei	Percidae	Sander	Pike-perch
Stizostedion lucioperca	synonym	360	Sander lucioperca	Actinopteri	Perciformes/Percoidei	Percidae	Sander	Pike-perch
Stizostedion luciperca	synonym	360	Sander lucioperca	Actinopteri	Perciformes/Percoidei	Percidae	Sander	Pike-perch
Stizostedium lucioperca	synonym	360	Sander lucioperca	Actinopteri	Perciformes/Percoidei	Percidae	Sander	Pike-perch
Echiichthys vipera	accepted name	1364	Echiichthys vipera	Actinopteri	Perciformes/Percoidei	Trachinidae	Echiichthys	Lesser weever
Echeiichthys vipera	synonym	1364	Echiichthys vipera	Actinopteri	Perciformes/Percoidei	Trachinidae	Echiichthys	Lesser weever
Trachinus horridus	synonym	1364	Echiichthys vipera	Actinopteri	Perciformes/Percoidei	Trachinidae	Echiichthys	Lesser weever
Trachinus vipera	synonym	1364	Echiichthys vipera	Actinopteri	Perciformes/Percoidei	Trachinidae	Echiichthys	Lesser weever
Trachinus draco	accepted name	1363	Trachinus draco	Actinopteri	Perciformes/Percoidei	Trachinidae	Trachinus	Greater weever
Trachinus lineatus	synonym	1363	Trachinus draco	Actinopteri	Perciformes/Percoidei	Trachinidae	Trachinus	Greater weever
Sebastes norvegicus	accepted name	501	Sebastes norvegicus	Actinopteri	Perciformes/Scorpaenoidei	Sebastidae	Sebastes	Golden redfish
Perca norvegica	synonym	501	Sebastes norvegicus	Actinopteri	Perciformes/Scorpaenoidei	Sebastidae	Sebastes	Golden redfish
Sebastes viviparus	accepted name	1352	Sebastes viviparus	Actinopteri	Perciformes/Scorpaenoidei	Sebastidae	Sebastes	Norway redfish
Sebastes marinus viviparus	synonym	1352	Sebastes viviparus	Actinopteri	Perciformes/Scorpaenoidei	Sebastidae	Sebastes	Norway redfish
Chelidonichthys cuculus	accepted name	44	Chelidonichthys cuculus	Actinopteri	Perciformes/Scorpaenoidei	Triglidae	Chelidonichthys	Red gurnard
Aspitrigla cuculus	synonym	44	Chelidonichthys cuculus	Actinopteri	Perciformes/Scorpaenoidei	Triglidae	Chelidonichthys	Red gurnard
Chelidonichthys cululus	synonym	44	Chelidonichthys cuculus	Actinopteri	Perciformes/Scorpaenoidei	Triglidae	Chelidonichthys	Red gurnard
Cheliodonichthys cuculus	synonym	44	Chelidonichthys cuculus	Actinopteri	Perciformes/Scorpaenoidei	Triglidae	Chelidonichthys	Red gurnard
Trigla cuculus	synonym	44	Chelidonichthys cuculus	Actinopteri	Perciformes/Scorpaenoidei	Triglidae	Chelidonichthys	Red gurnard
Trigla grunniens	synonym	44	Chelidonichthys cuculus	Actinopteri	Perciformes/Scorpaenoidei	Triglidae	Chelidonichthys	Red gurnard
Trigla pini	synonym	44	Chelidonichthys cuculus	Actinopteri	Perciformes/Scorpaenoidei	Triglidae	Chelidonichthys	Red gurnard
Chelidonichthys lastoviza	accepted name	5081	Chelidonichthys lastoviza	Actinopteri	Perciformes/Scorpaenoidei	Triglidae	Chelidonichthys	Streaked gurnard
Chelidonichthys africana	synonym	5081	Chelidonichthys lastoviza	Actinopteri	Perciformes/Scorpaenoidei	Triglidae	Chelidonichthys	Streaked gurnard
Cuculus lineatus	synonym	5081	Chelidonichthys lastoviza	Actinopteri	Perciformes/Scorpaenoidei	Triglidae	Chelidonichthys	Streaked gurnard
Trigla adriatica	synonym	5081	Chelidonichthys lastoviza	Actinopteri	Perciformes/Scorpaenoidei	Triglidae	Chelidonichthys	Streaked gurnard
Trigla africana	synonym	5081	Chelidonichthys lastoviza	Actinopteri	Perciformes/Scorpaenoidei	Triglidae	Chelidonichthys	Streaked gurnard
Trigla gonotus	synonym	5081	Chelidonichthys lastoviza	Actinopteri	Perciformes/Scorpaenoidei	Triglidae	Chelidonichthys	Streaked gurnard
Trigla lastoviza	synonym	5081	Chelidonichthys lastoviza	Actinopteri	Perciformes/Scorpaenoidei	Triglidae	Chelidonichthys	Streaked gurnard
Trigla lineata	synonym	5081	Chelidonichthys lastoviza	Actinopteri	Perciformes/Scorpaenoidei	Triglidae	Chelidonichthys	Streaked gurnard
Trigloporus lastovitza	synonym	5081	Chelidonichthys lastoviza	Actinopteri	Perciformes/Scorpaenoidei	Triglidae	Chelidonichthys	Streaked gurnard
Trigloporus lastoviza	synonym	5081	Chelidonichthys lastoviza	Actinopteri	Perciformes/Scorpaenoidei	Triglidae	Chelidonichthys	Streaked gurnard
Trigloporus lastoviza africanus	synonym	5081	Chelidonichthys lastoviza	Actinopteri	Perciformes/Scorpaenoidei	Triglidae	Chelidonichthys	Streaked gurnard
Trigloporus lineata	synonym	5081	Chelidonichthys lastoviza	Actinopteri	Perciformes/Scorpaenoidei	Triglidae	Chelidonichthys	Streaked gurnard
Trygloporus lastoviza	synonym	5081	Chelidonichthys lastoviza	Actinopteri	Perciformes/Scorpaenoidei	Triglidae	Chelidonichthys	Streaked gurnard
Chelidonichthys lucerna	accepted name	1366	Chelidonichthys lucerna	Actinopteri	Perciformes/Scorpaenoidei	Triglidae	Chelidonichthys	Tub gurnard
Chelidonichthys lucernus	synonym	1366	Chelidonichthys lucerna	Actinopteri	Perciformes/Scorpaenoidei	Triglidae	Chelidonichthys	Tub gurnard
Chlidonichthys lucernus	synonym	1366	Chelidonichthys lucerna	Actinopteri	Perciformes/Scorpaenoidei	Triglidae	Chelidonichthys	Tub gurnard
Trigla corax	synonym	1366	Chelidonichthys lucerna	Actinopteri	Perciformes/Scorpaenoidei	Triglidae	Chelidonichthys	Tub gurnard
Trigla corvus	synonym	1366	Chelidonichthys lucerna	Actinopteri	Perciformes/Scorpaenoidei	Triglidae	Chelidonichthys	Tub gurnard
Trigla hirundo	synonym	1366	Chelidonichthys lucerna	Actinopteri	Perciformes/Scorpaenoidei	Triglidae	Chelidonichthys	Tub gurnard
Trigla lucerna	synonym	1366	Chelidonichthys lucerna	Actinopteri	Perciformes/Scorpaenoidei	Triglidae	Chelidonichthys	Tub gurnard
Eutrigla gurnardus	accepted name	68	Eutrigla gurnardus	Actinopteri	Perciformes/Scorpaenoidei	Triglidae	Eutrigla	Grey gurnard
Chelidonichthys gurnardus	synonym	68	Eutrigla gurnardus	Actinopteri	Perciformes/Scorpaenoidei	Triglidae	Eutrigla	Grey gurnard
Eutrigla gunardus	synonym	68	Eutrigla gurnardus	Actinopteri	Perciformes/Scorpaenoidei	Triglidae	Eutrigla	Grey gurnard
Eutrigla gurnardus gurnardus	synonym	68	Eutrigla gurnardus	Actinopteri	Perciformes/Scorpaenoidei	Triglidae	Eutrigla	Grey gurnard
Eutrigla gurnardus milvus	synonym	68	Eutrigla gurnardus	Actinopteri	Perciformes/Scorpaenoidei	Triglidae	Eutrigla	Grey gurnard
Eutriglia gurnardus	synonym	68	Eutrigla gurnardus	Actinopteri	Perciformes/Scorpaenoidei	Triglidae	Eutrigla	Grey gurnard
Eutroigla gurnardus	synonym	68	Eutrigla gurnardus	Actinopteri	Perciformes/Scorpaenoidei	Triglidae	Eutrigla	Grey gurnard
Trigla gurnardus	synonym	68	Eutrigla gurnardus	Actinopteri	Perciformes/Scorpaenoidei	Triglidae	Eutrigla	Grey gurnard
Trigla milvus	synonym	68	Eutrigla gurnardus	Actinopteri	Perciformes/Scorpaenoidei	Triglidae	Eutrigla	Grey gurnard
Ammodytes marinus	accepted name	37	Ammodytes marinus	Actinopteri	Perciformes/Uranoscopoidei	Ammodytidae	Ammodytes	Lesser sand-eel
Ammodytes tobianus	accepted name	38	Ammodytes tobianus	Actinopteri	Perciformes/Uranoscopoidei	Ammodytidae	Ammodytes	Small sandeel
Ammodytes lancea	synonym	38	Ammodytes tobianus	Actinopteri	Perciformes/Uranoscopoidei	Ammodytidae	Ammodytes	Small sandeel
Ammodytes tobiunus	synonym	38	Ammodytes tobianus	Actinopteri	Perciformes/Uranoscopoidei	Ammodytidae	Ammodytes	Small sandeel
Gymnammodytes semisquamatus	accepted name	75	Gymnammodytes semisquamatus	Actinopteri	Perciformes/Uranoscopoidei	Ammodytidae	Gymnammodytes	Smooth sandeel
Ammodytes semisquamatus	synonym	75	Gymnammodytes semisquamatus	Actinopteri	Perciformes/Uranoscopoidei	Ammodytidae	Gymnammodytes	Smooth sandeel
Hyperoplus immaculatus	accepted name	1373	Hyperoplus immaculatus	Actinopteri	Perciformes/Uranoscopoidei	Ammodytidae	Hyperoplus	Greater sand-eel
Ammodytes immaculatus	synonym	1373	Hyperoplus immaculatus	Actinopteri	Perciformes/Uranoscopoidei	Ammodytidae	Hyperoplus	Greater sand-eel
Hyperoplus lanceolatus	accepted name	1374	Hyperoplus lanceolatus	Actinopteri	Perciformes/Uranoscopoidei	Ammodytidae	Hyperoplus	Great sandeel
Ammodytes lanceolatus	synonym	1374	Hyperoplus lanceolatus	Actinopteri	Perciformes/Uranoscopoidei	Ammodytidae	Hyperoplus	Great sandeel
Anarhichas lupus	accepted name	2501	Anarhichas lupus	Actinopteri	Perciformes/Zoarcoidei	Anarhichadidae	Anarhichas	Atlantic wolffish
Anarhichas lupus lupus	synonym	2501	Anarhichas lupus	Actinopteri	Perciformes/Zoarcoidei	Anarhichadidae	Anarhichas	Atlantic wolffish
Anarhichas lupus marisalbi	synonym	2501	Anarhichas lupus	Actinopteri	Perciformes/Zoarcoidei	Anarhichadidae	Anarhichas	Atlantic wolffish
Anarhichas strigosus	synonym	2501	Anarhichas lupus	Actinopteri	Perciformes/Zoarcoidei	Anarhichadidae	Anarhichas	Atlantic wolffish
Anarhichas vomerinus	synonym	2501	Anarhichas lupus	Actinopteri	Perciformes/Zoarcoidei	Anarhichadidae	Anarhichas	Atlantic wolffish
Anarrhicas vomerinus	synonym	2501	Anarhichas lupus	Actinopteri	Perciformes/Zoarcoidei	Anarhichadidae	Anarhichas	Atlantic wolffish
Anarrhichas vomerinus	synonym	2501	Anarhichas lupus	Actinopteri	Perciformes/Zoarcoidei	Anarhichadidae	Anarhichas	Atlantic wolffish
Anarhichas minor	accepted name	3811	Anarhichas minor	Actinopteri	Perciformes/Zoarcoidei	Anarhichadidae	Anarhichas	Spotted wolffish
Anarhicas karrak	synonym	3811	Anarhichas minor	Actinopteri	Perciformes/Zoarcoidei	Anarhichadidae	Anarhichas	Spotted wolffish
Anarhichas karrak	synonym	3811	Anarhichas minor	Actinopteri	Perciformes/Zoarcoidei	Anarhichadidae	Anarhichas	Spotted wolffish
Anarhichas leopardus	synonym	3811	Anarhichas minor	Actinopteri	Perciformes/Zoarcoidei	Anarhichadidae	Anarhichas	Spotted wolffish
Anarhichas maculatus	synonym	3811	Anarhichas minor	Actinopteri	Perciformes/Zoarcoidei	Anarhichadidae	Anarhichas	Spotted wolffish
Anarhichas scansor	synonym	3811	Anarhichas minor	Actinopteri	Perciformes/Zoarcoidei	Anarhichadidae	Anarhichas	Spotted wolffish
Anarhichas steenstrupii	synonym	3811	Anarhichas minor	Actinopteri	Perciformes/Zoarcoidei	Anarhichadidae	Anarhichas	Spotted wolffish
Anarrhicas steenstrupii	synonym	3811	Anarhichas minor	Actinopteri	Perciformes/Zoarcoidei	Anarhichadidae	Anarhichas	Spotted wolffish
Anarrhichas leopardus	synonym	3811	Anarhichas minor	Actinopteri	Perciformes/Zoarcoidei	Anarhichadidae	Anarhichas	Spotted wolffish
Anarrhichas pantherinus	synonym	3811	Anarhichas minor	Actinopteri	Perciformes/Zoarcoidei	Anarhichadidae	Anarhichas	Spotted wolffish
Anarrhichas pantherinvs	synonym	3811	Anarhichas minor	Actinopteri	Perciformes/Zoarcoidei	Anarhichadidae	Anarhichas	Spotted wolffish
Anarrhichas steenstrupii	synonym	3811	Anarhichas minor	Actinopteri	Perciformes/Zoarcoidei	Anarhichadidae	Anarhichas	Spotted wolffish
Lumpenus lampretaeformis	accepted name	1380	Lumpenus lampretaeformis	Actinopteri	Perciformes/Zoarcoidei	Lumpenidae	Lumpenus	Snakeblenny
Blennius gracilis	synonym	1380	Lumpenus lampretaeformis	Actinopteri	Perciformes/Zoarcoidei	Lumpenidae	Lumpenus	Snakeblenny
Blennius lampretaeformis	synonym	1380	Lumpenus lampretaeformis	Actinopteri	Perciformes/Zoarcoidei	Lumpenidae	Lumpenus	Snakeblenny
Blennius lumpretaeformis	synonym	1380	Lumpenus lampretaeformis	Actinopteri	Perciformes/Zoarcoidei	Lumpenidae	Lumpenus	Snakeblenny
Blennius serpentinus	synonym	1380	Lumpenus lampretaeformis	Actinopteri	Perciformes/Zoarcoidei	Lumpenidae	Lumpenus	Snakeblenny
Centrnotus islandicus	synonym	1380	Lumpenus lampretaeformis	Actinopteri	Perciformes/Zoarcoidei	Lumpenidae	Lumpenus	Snakeblenny
Clinus mohrii	synonym	1380	Lumpenus lampretaeformis	Actinopteri	Perciformes/Zoarcoidei	Lumpenidae	Lumpenus	Snakeblenny
Clinus nebulosus	synonym	1380	Lumpenus lampretaeformis	Actinopteri	Perciformes/Zoarcoidei	Lumpenidae	Lumpenus	Snakeblenny
Lumpenus gracilis	synonym	1380	Lumpenus lampretaeformis	Actinopteri	Perciformes/Zoarcoidei	Lumpenidae	Lumpenus	Snakeblenny
Lumpenus lampetraeformis	synonym	1380	Lumpenus lampretaeformis	Actinopteri	Perciformes/Zoarcoidei	Lumpenidae	Lumpenus	Snakeblenny
Lumpenus lampetraeformis americanus	synonym	1380	Lumpenus lampretaeformis	Actinopteri	Perciformes/Zoarcoidei	Lumpenidae	Lumpenus	Snakeblenny
Lumpenus lampetraeformis terraenovae	synonym	1380	Lumpenus lampretaeformis	Actinopteri	Perciformes/Zoarcoidei	Lumpenidae	Lumpenus	Snakeblenny
Lumpenus lumpretaeformis	synonym	1380	Lumpenus lampretaeformis	Actinopteri	Perciformes/Zoarcoidei	Lumpenidae	Lumpenus	Snakeblenny
Pholis gunnellus	accepted name	3804	Pholis gunnellus	Actinopteri	Perciformes/Zoarcoidei	Pholidae	Pholis	Rock gunnel
Blennius europaeus	synonym	3804	Pholis gunnellus	Actinopteri	Perciformes/Zoarcoidei	Pholidae	Pholis	Rock gunnel
Blennius gunnellus	synonym	3804	Pholis gunnellus	Actinopteri	Perciformes/Zoarcoidei	Pholidae	Pholis	Rock gunnel
Blennius muraenoides	synonym	3804	Pholis gunnellus	Actinopteri	Perciformes/Zoarcoidei	Pholidae	Pholis	Rock gunnel
Centronotus gunnellus	synonym	3804	Pholis gunnellus	Actinopteri	Perciformes/Zoarcoidei	Pholidae	Pholis	Rock gunnel
Gunnellus affinis	synonym	3804	Pholis gunnellus	Actinopteri	Perciformes/Zoarcoidei	Pholidae	Pholis	Rock gunnel
Gunnellus cornubiensium	synonym	3804	Pholis gunnellus	Actinopteri	Perciformes/Zoarcoidei	Pholidae	Pholis	Rock gunnel
Gunnellus ingens	synonym	3804	Pholis gunnellus	Actinopteri	Perciformes/Zoarcoidei	Pholidae	Pholis	Rock gunnel
Gunnellus macrocephalus	synonym	3804	Pholis gunnellus	Actinopteri	Perciformes/Zoarcoidei	Pholidae	Pholis	Rock gunnel
Gunnellus vulgaris	synonym	3804	Pholis gunnellus	Actinopteri	Perciformes/Zoarcoidei	Pholidae	Pholis	Rock gunnel
Muraenoides guttata	synonym	3804	Pholis gunnellus	Actinopteri	Perciformes/Zoarcoidei	Pholidae	Pholis	Rock gunnel
Muraenoides sujef	synonym	3804	Pholis gunnellus	Actinopteri	Perciformes/Zoarcoidei	Pholidae	Pholis	Rock gunnel
Ophidion imberbe	synonym	3804	Pholis gunnellus	Actinopteri	Perciformes/Zoarcoidei	Pholidae	Pholis	Rock gunnel
Ophidium fulvescens	synonym	3804	Pholis gunnellus	Actinopteri	Perciformes/Zoarcoidei	Pholidae	Pholis	Rock gunnel
Ophidium mucronatum	synonym	3804	Pholis gunnellus	Actinopteri	Perciformes/Zoarcoidei	Pholidae	Pholis	Rock gunnel
Pholis gunellus	synonym	3804	Pholis gunnellus	Actinopteri	Perciformes/Zoarcoidei	Pholidae	Pholis	Rock gunnel
Chirolophis ascanii	accepted name	57	Chirolophis ascanii	Actinopteri	Perciformes/Zoarcoidei	Stichaeidae	Chirolophis	Yarrell's blenny
Blenniops ascanii	synonym	57	Chirolophis ascanii	Actinopteri	Perciformes/Zoarcoidei	Stichaeidae	Chirolophis	Yarrell's blenny
Blennius gattorugine ascanii	synonym	57	Chirolophis ascanii	Actinopteri	Perciformes/Zoarcoidei	Stichaeidae	Chirolophis	Yarrell's blenny
Blennius pennantii	synonym	57	Chirolophis ascanii	Actinopteri	Perciformes/Zoarcoidei	Stichaeidae	Chirolophis	Yarrell's blenny
Blennius yarellii	synonym	57	Chirolophis ascanii	Actinopteri	Perciformes/Zoarcoidei	Stichaeidae	Chirolophis	Yarrell's blenny
Carelophus ascanii	synonym	57	Chirolophis ascanii	Actinopteri	Perciformes/Zoarcoidei	Stichaeidae	Chirolophis	Yarrell's blenny
Carelophus stroemii	synonym	57	Chirolophis ascanii	Actinopteri	Perciformes/Zoarcoidei	Stichaeidae	Chirolophis	Yarrell's blenny
Centronotus brosme	synonym	57	Chirolophis ascanii	Actinopteri	Perciformes/Zoarcoidei	Stichaeidae	Chirolophis	Yarrell's blenny
Chirolophus ascani	synonym	57	Chirolophis ascanii	Actinopteri	Perciformes/Zoarcoidei	Stichaeidae	Chirolophis	Yarrell's blenny
Chirolophus ascanii	synonym	57	Chirolophis ascanii	Actinopteri	Perciformes/Zoarcoidei	Stichaeidae	Chirolophis	Yarrell's blenny
Chriolophis ascanii	synonym	57	Chirolophis ascanii	Actinopteri	Perciformes/Zoarcoidei	Stichaeidae	Chirolophis	Yarrell's blenny
Gunnellus stroemii	synonym	57	Chirolophis ascanii	Actinopteri	Perciformes/Zoarcoidei	Stichaeidae	Chirolophis	Yarrell's blenny
Lycodes gracilis	accepted name	61701	Lycodes gracilis	Actinopteri	Perciformes/Zoarcoidei	Zoarcidae	Lycodes	NA
Lycodes lugubris	synonym	61701	Lycodes gracilis	Actinopteri	Perciformes/Zoarcoidei	Zoarcidae	Lycodes	NA
Lycodes vahli gracilis	synonym	61701	Lycodes gracilis	Actinopteri	Perciformes/Zoarcoidei	Zoarcidae	Lycodes	NA
Lycodes vahli septentrionalis	synonym	61701	Lycodes gracilis	Actinopteri	Perciformes/Zoarcoidei	Zoarcidae	Lycodes	NA
Zoarces viviparus	accepted name	479	Zoarces viviparus	Actinopteri	Perciformes/Zoarcoidei	Zoarcidae	Zoarces	Eelpout
Blennius viviparus	synonym	479	Zoarces viviparus	Actinopteri	Perciformes/Zoarcoidei	Zoarcidae	Zoarces	Eelpout
Zoarces viviparous	synonym	479	Zoarces viviparus	Actinopteri	Perciformes/Zoarcoidei	Zoarcidae	Zoarces	Eelpout
Arnoglossus laterna	accepted name	41	Arnoglossus laterna	Actinopteri	Pleuronectiformes	Bothidae	Arnoglossus	Mediterranean scaldfish
Arnoglossus laterna macrostoma	synonym	41	Arnoglossus laterna	Actinopteri	Pleuronectiformes	Bothidae	Arnoglossus	Mediterranean scaldfish
Arnoglossus laterna microstoma	synonym	41	Arnoglossus laterna	Actinopteri	Pleuronectiformes	Bothidae	Arnoglossus	Mediterranean scaldfish
Arnoglossus macrostoma	synonym	41	Arnoglossus laterna	Actinopteri	Pleuronectiformes	Bothidae	Arnoglossus	Mediterranean scaldfish
Pleuronectes arnoglossus	synonym	41	Arnoglossus laterna	Actinopteri	Pleuronectiformes	Bothidae	Arnoglossus	Mediterranean scaldfish
Pleuronectes conspersus	synonym	41	Arnoglossus laterna	Actinopteri	Pleuronectiformes	Bothidae	Arnoglossus	Mediterranean scaldfish
Pleuronectes diaphanus	synonym	41	Arnoglossus laterna	Actinopteri	Pleuronectiformes	Bothidae	Arnoglossus	Mediterranean scaldfish
Pleuronectes laterna	synonym	41	Arnoglossus laterna	Actinopteri	Pleuronectiformes	Bothidae	Arnoglossus	Mediterranean scaldfish
Pleuronectes leotardi	synonym	41	Arnoglossus laterna	Actinopteri	Pleuronectiformes	Bothidae	Arnoglossus	Mediterranean scaldfish
Pleuronectes pellucidus	synonym	41	Arnoglossus laterna	Actinopteri	Pleuronectiformes	Bothidae	Arnoglossus	Mediterranean scaldfish
Rhombus soleaeformis	synonym	41	Arnoglossus laterna	Actinopteri	Pleuronectiformes	Bothidae	Arnoglossus	Mediterranean scaldfish
Glyptocephalus cynoglossus	accepted name	26	Glyptocephalus cynoglossus	Actinopteri	Pleuronectiformes	Pleuronectidae	Glyptocephalus	Witch flounder
Glyptocephalus acadianus	synonym	26	Glyptocephalus cynoglossus	Actinopteri	Pleuronectiformes	Pleuronectidae	Glyptocephalus	Witch flounder
Platessa elongata	synonym	26	Glyptocephalus cynoglossus	Actinopteri	Pleuronectiformes	Pleuronectidae	Glyptocephalus	Witch flounder
Pleuronectes cynoglossus	synonym	26	Glyptocephalus cynoglossus	Actinopteri	Pleuronectiformes	Pleuronectidae	Glyptocephalus	Witch flounder
Pleuronectes nigromanus	synonym	26	Glyptocephalus cynoglossus	Actinopteri	Pleuronectiformes	Pleuronectidae	Glyptocephalus	Witch flounder
Pleuronectes saxicola	synonym	26	Glyptocephalus cynoglossus	Actinopteri	Pleuronectiformes	Pleuronectidae	Glyptocephalus	Witch flounder
Hippoglossoides platessoides	accepted name	4239	Hippoglossoides platessoides	Actinopteri	Pleuronectiformes	Pleuronectidae	Hippoglossoides	American plaice
Hippoglossoides platessoides limandoides	synonym	4239	Hippoglossoides platessoides	Actinopteri	Pleuronectiformes	Pleuronectidae	Hippoglossoides	American plaice
Hippoglossoides platessoides platessoides	synonym	4239	Hippoglossoides platessoides	Actinopteri	Pleuronectiformes	Pleuronectidae	Hippoglossoides	American plaice
Hypoglossoides platessoides	synonym	4239	Hippoglossoides platessoides	Actinopteri	Pleuronectiformes	Pleuronectidae	Hippoglossoides	American plaice
Pleuronectes limandoides	synonym	4239	Hippoglossoides platessoides	Actinopteri	Pleuronectiformes	Pleuronectidae	Hippoglossoides	American plaice
Pleuronectes platessoides	synonym	4239	Hippoglossoides platessoides	Actinopteri	Pleuronectiformes	Pleuronectidae	Hippoglossoides	American plaice
Hippoglossus hippoglossus	accepted name	1371	Hippoglossus hippoglossus	Actinopteri	Pleuronectiformes	Pleuronectidae	Hippoglossus	Atlantic halibut
Hippoglossus americanus	synonym	1371	Hippoglossus hippoglossus	Actinopteri	Pleuronectiformes	Pleuronectidae	Hippoglossus	Atlantic halibut
Hippoglossus gigas	synonym	1371	Hippoglossus hippoglossus	Actinopteri	Pleuronectiformes	Pleuronectidae	Hippoglossus	Atlantic halibut
Hippoglossus linnei	synonym	1371	Hippoglossus hippoglossus	Actinopteri	Pleuronectiformes	Pleuronectidae	Hippoglossus	Atlantic halibut
Hippoglossus maximus	synonym	1371	Hippoglossus hippoglossus	Actinopteri	Pleuronectiformes	Pleuronectidae	Hippoglossus	Atlantic halibut
Hippoglossus vulgaris	synonym	1371	Hippoglossus hippoglossus	Actinopteri	Pleuronectiformes	Pleuronectidae	Hippoglossus	Atlantic halibut
Pleuronectes hippoglossus	synonym	1371	Hippoglossus hippoglossus	Actinopteri	Pleuronectiformes	Pleuronectidae	Hippoglossus	Atlantic halibut
Limanda limanda	accepted name	695	Limanda limanda	Actinopteri	Pleuronectiformes	Pleuronectidae	Limanda	Common dab
Limanda oceanica	synonym	695	Limanda limanda	Actinopteri	Pleuronectiformes	Pleuronectidae	Limanda	Common dab
Limanda vulgaris	synonym	695	Limanda limanda	Actinopteri	Pleuronectiformes	Pleuronectidae	Limanda	Common dab
Liopsetta limanda	synonym	695	Limanda limanda	Actinopteri	Pleuronectiformes	Pleuronectidae	Limanda	Common dab
Pleuronectes limanda	synonym	695	Limanda limanda	Actinopteri	Pleuronectiformes	Pleuronectidae	Limanda	Common dab
Pleuronectes limandula	synonym	695	Limanda limanda	Actinopteri	Pleuronectiformes	Pleuronectidae	Limanda	Common dab
Liopsetta glacialis	accepted name	4244	Liopsetta glacialis	Actinopteri	Pleuronectiformes	Pleuronectidae	Liopsetta	Arctic flounder
Liopsetta glacialis knipowitschi	synonym	4244	Liopsetta glacialis	Actinopteri	Pleuronectiformes	Pleuronectidae	Liopsetta	Arctic flounder
Platessa dwinensis	synonym	4244	Liopsetta glacialis	Actinopteri	Pleuronectiformes	Pleuronectidae	Liopsetta	Arctic flounder
Pleuronectes cicatricosus	synonym	4244	Liopsetta glacialis	Actinopteri	Pleuronectiformes	Pleuronectidae	Liopsetta	Arctic flounder
Pleuronectes franklinii	synonym	4244	Liopsetta glacialis	Actinopteri	Pleuronectiformes	Pleuronectidae	Liopsetta	Arctic flounder
Pleuronectes glacialis	synonym	4244	Liopsetta glacialis	Actinopteri	Pleuronectiformes	Pleuronectidae	Liopsetta	Arctic flounder
Pleuronectes glacialis caninensis	synonym	4244	Liopsetta glacialis	Actinopteri	Pleuronectiformes	Pleuronectidae	Liopsetta	Arctic flounder
Microstomus kitt	accepted name	1382	Microstomus kitt	Actinopteri	Pleuronectiformes	Pleuronectidae	Microstomus	Lemon sole
Microstomus latidens	synonym	1382	Microstomus kitt	Actinopteri	Pleuronectiformes	Pleuronectidae	Microstomus	Lemon sole
Platessa pola	synonym	1382	Microstomus kitt	Actinopteri	Pleuronectiformes	Pleuronectidae	Microstomus	Lemon sole
Pleuronectes gilli	synonym	1382	Microstomus kitt	Actinopteri	Pleuronectiformes	Pleuronectidae	Microstomus	Lemon sole
Pleuronectes kitt	synonym	1382	Microstomus kitt	Actinopteri	Pleuronectiformes	Pleuronectidae	Microstomus	Lemon sole
Pleuronectes microcephalus	synonym	1382	Microstomus kitt	Actinopteri	Pleuronectiformes	Pleuronectidae	Microstomus	Lemon sole
Platichthys flesus	accepted name	1341	Platichthys flesus	Actinopteri	Pleuronectiformes	Pleuronectidae	Platichthys	European flounder
Flesus vulgaris	synonym	1341	Platichthys flesus	Actinopteri	Pleuronectiformes	Pleuronectidae	Platichthys	European flounder
Platessa carnaria	synonym	1341	Platichthys flesus	Actinopteri	Pleuronectiformes	Pleuronectidae	Platichthys	European flounder
Platessa glabra	synonym	1341	Platichthys flesus	Actinopteri	Pleuronectiformes	Pleuronectidae	Platichthys	European flounder
Platichthys flesus bogdanovi	synonym	1341	Platichthys flesus	Actinopteri	Pleuronectiformes	Pleuronectidae	Platichthys	European flounder
Platichthys flesus flesus	synonym	1341	Platichthys flesus	Actinopteri	Pleuronectiformes	Pleuronectidae	Platichthys	European flounder
Platichthys flesus italicus	synonym	1341	Platichthys flesus	Actinopteri	Pleuronectiformes	Pleuronectidae	Platichthys	European flounder
Platichthys flesus luscus	synonym	1341	Platichthys flesus	Actinopteri	Pleuronectiformes	Pleuronectidae	Platichthys	European flounder
Platichthys flesus trachurus	synonym	1341	Platichthys flesus	Actinopteri	Pleuronectiformes	Pleuronectidae	Platichthys	European flounder
Platichthys luscus	synonym	1341	Platichthys flesus	Actinopteri	Pleuronectiformes	Pleuronectidae	Platichthys	European flounder
Pleuronectes bogdanovii	synonym	1341	Platichthys flesus	Actinopteri	Pleuronectiformes	Pleuronectidae	Platichthys	European flounder
Pleuronectes flesoides	synonym	1341	Platichthys flesus	Actinopteri	Pleuronectiformes	Pleuronectidae	Platichthys	European flounder
Pleuronectes flesus	synonym	1341	Platichthys flesus	Actinopteri	Pleuronectiformes	Pleuronectidae	Platichthys	European flounder
Pleuronectes flesus caninensis	synonym	1341	Platichthys flesus	Actinopteri	Pleuronectiformes	Pleuronectidae	Platichthys	European flounder
Pleuronectes flesus leiurus	synonym	1341	Platichthys flesus	Actinopteri	Pleuronectiformes	Pleuronectidae	Platichthys	European flounder
Pleuronectes flesus luscus	synonym	1341	Platichthys flesus	Actinopteri	Pleuronectiformes	Pleuronectidae	Platichthys	European flounder
Pleuronectes flesus septentrionalis	synonym	1341	Platichthys flesus	Actinopteri	Pleuronectiformes	Pleuronectidae	Platichthys	European flounder
Pleuronectes flesus trachurus	synonym	1341	Platichthys flesus	Actinopteri	Pleuronectiformes	Pleuronectidae	Platichthys	European flounder
Pleuronectes italicus	synonym	1341	Platichthys flesus	Actinopteri	Pleuronectiformes	Pleuronectidae	Platichthys	European flounder
Pleuronectes luscus	synonym	1341	Platichthys flesus	Actinopteri	Pleuronectiformes	Pleuronectidae	Platichthys	European flounder
Pleuronectes passer	synonym	1341	Platichthys flesus	Actinopteri	Pleuronectiformes	Pleuronectidae	Platichthys	European flounder
Pleuronectes roseus	synonym	1341	Platichthys flesus	Actinopteri	Pleuronectiformes	Pleuronectidae	Platichthys	European flounder
Platichthys solemdali	accepted name	69158	Platichthys solemdali	Actinopteri	Pleuronectiformes	Pleuronectidae	Platichthys	Baltic flounder
Pleuronectes platessa	accepted name	1342	Pleuronectes platessa	Actinopteri	Pleuronectiformes	Pleuronectidae	Pleuronectes	European plaice
Platessa latus	synonym	1342	Pleuronectes platessa	Actinopteri	Pleuronectiformes	Pleuronectidae	Pleuronectes	European plaice
Platessa platessa	synonym	1342	Pleuronectes platessa	Actinopteri	Pleuronectiformes	Pleuronectidae	Pleuronectes	European plaice
Platessa vulgaris	synonym	1342	Pleuronectes platessa	Actinopteri	Pleuronectiformes	Pleuronectidae	Pleuronectes	European plaice
Pleuronectes borealis	synonym	1342	Pleuronectes platessa	Actinopteri	Pleuronectiformes	Pleuronectidae	Pleuronectes	European plaice
Pleuronectes latus	synonym	1342	Pleuronectes platessa	Actinopteri	Pleuronectiformes	Pleuronectidae	Pleuronectes	European plaice
Pleuronectes platessa baltica	synonym	1342	Pleuronectes platessa	Actinopteri	Pleuronectiformes	Pleuronectidae	Pleuronectes	European plaice
Pleuronectes platessus	synonym	1342	Pleuronectes platessa	Actinopteri	Pleuronectiformes	Pleuronectidae	Pleuronectes	European plaice
Lepidorhombus whiffiagonis	accepted name	28	Lepidorhombus whiffiagonis	Actinopteri	Pleuronectiformes	Scophthalmidae	Lepidorhombus	Megrim
Lepidorhombus megastoma	synonym	28	Lepidorhombus whiffiagonis	Actinopteri	Pleuronectiformes	Scophthalmidae	Lepidorhombus	Megrim
Pleuronectes megastoma	synonym	28	Lepidorhombus whiffiagonis	Actinopteri	Pleuronectiformes	Scophthalmidae	Lepidorhombus	Megrim
Pleuronectes pseudopalus	synonym	28	Lepidorhombus whiffiagonis	Actinopteri	Pleuronectiformes	Scophthalmidae	Lepidorhombus	Megrim
Pleuronectes whiffiagonis	synonym	28	Lepidorhombus whiffiagonis	Actinopteri	Pleuronectiformes	Scophthalmidae	Lepidorhombus	Megrim
Scophthalmus maximus	accepted name	1348	Scophthalmus maximus	Actinopteri	Pleuronectiformes	Scophthalmidae	Scophthalmus	Turbot
Pleuronectes cyclops	synonym	1348	Scophthalmus maximus	Actinopteri	Pleuronectiformes	Scophthalmidae	Scophthalmus	Turbot
Pleuronectes maximus	synonym	1348	Scophthalmus maximus	Actinopteri	Pleuronectiformes	Scophthalmidae	Scophthalmus	Turbot
Pleuronectes turbot	synonym	1348	Scophthalmus maximus	Actinopteri	Pleuronectiformes	Scophthalmidae	Scophthalmus	Turbot
Psetta maxima	synonym	1348	Scophthalmus maximus	Actinopteri	Pleuronectiformes	Scophthalmidae	Scophthalmus	Turbot
Psetta maxima maxima	synonym	1348	Scophthalmus maximus	Actinopteri	Pleuronectiformes	Scophthalmidae	Scophthalmus	Turbot
Rhombus aculeatus	synonym	1348	Scophthalmus maximus	Actinopteri	Pleuronectiformes	Scophthalmidae	Scophthalmus	Turbot
Rhombus magnus	synonym	1348	Scophthalmus maximus	Actinopteri	Pleuronectiformes	Scophthalmidae	Scophthalmus	Turbot
Rhombus maximus	synonym	1348	Scophthalmus maximus	Actinopteri	Pleuronectiformes	Scophthalmidae	Scophthalmus	Turbot
Rhombus stellosus	synonym	1348	Scophthalmus maximus	Actinopteri	Pleuronectiformes	Scophthalmidae	Scophthalmus	Turbot
Scophthalmus ponticus	synonym	1348	Scophthalmus maximus	Actinopteri	Pleuronectiformes	Scophthalmidae	Scophthalmus	Turbot
Scophthalmus rhombus	accepted name	529	Scophthalmus rhombus	Actinopteri	Pleuronectiformes	Scophthalmidae	Scophthalmus	Brill
Pleuronectes laevis	synonym	529	Scophthalmus rhombus	Actinopteri	Pleuronectiformes	Scophthalmidae	Scophthalmus	Brill
Pleuronectes rhombus	synonym	529	Scophthalmus rhombus	Actinopteri	Pleuronectiformes	Scophthalmidae	Scophthalmus	Brill
Rhombus laevis	synonym	529	Scophthalmus rhombus	Actinopteri	Pleuronectiformes	Scophthalmidae	Scophthalmus	Brill
Scophtalmus rhombus	synonym	529	Scophthalmus rhombus	Actinopteri	Pleuronectiformes	Scophthalmidae	Scophthalmus	Brill
Zeugopterus norvegicus	accepted name	2360	Zeugopterus norvegicus	Actinopteri	Pleuronectiformes	Scophthalmidae	Zeugopterus	Norwegian topknot
Phrynorhombus norvegicus	synonym	2360	Zeugopterus norvegicus	Actinopteri	Pleuronectiformes	Scophthalmidae	Zeugopterus	Norwegian topknot
Rhombus norvegicus	synonym	2360	Zeugopterus norvegicus	Actinopteri	Pleuronectiformes	Scophthalmidae	Zeugopterus	Norwegian topknot
Zeugopterus punctatus	accepted name	1369	Zeugopterus punctatus	Actinopteri	Pleuronectiformes	Scophthalmidae	Zeugopterus	Topknot
Pleuronectes punctatus	synonym	1369	Zeugopterus punctatus	Actinopteri	Pleuronectiformes	Scophthalmidae	Zeugopterus	Topknot
Buglossidium luteum	accepted name	53	Buglossidium luteum	Actinopteri	Pleuronectiformes	Soleidae	Buglossidium	Solenette
Boglossidium luteum	synonym	53	Buglossidium luteum	Actinopteri	Pleuronectiformes	Soleidae	Buglossidium	Solenette
Monochirus luteus	synonym	53	Buglossidium luteum	Actinopteri	Pleuronectiformes	Soleidae	Buglossidium	Solenette
Pleuronectes luteus	synonym	53	Buglossidium luteum	Actinopteri	Pleuronectiformes	Soleidae	Buglossidium	Solenette
Rhombus luteus	synonym	53	Buglossidium luteum	Actinopteri	Pleuronectiformes	Soleidae	Buglossidium	Solenette
Solea lutea	synonym	53	Buglossidium luteum	Actinopteri	Pleuronectiformes	Soleidae	Buglossidium	Solenette
Solea solea	accepted name	525	Solea solea	Actinopteri	Pleuronectiformes	Soleidae	Solea	Common sole
Pleuronectes solea	synonym	525	Solea solea	Actinopteri	Pleuronectiformes	Soleidae	Solea	Common sole
Solea vulgaris	synonym	525	Solea solea	Actinopteri	Pleuronectiformes	Soleidae	Solea	Common sole
Solea vulgaris vulgaris	synonym	525	Solea solea	Actinopteri	Pleuronectiformes	Soleidae	Solea	Common sole
Coregonus albula	accepted name	231	Coregonus albula	Actinopteri	Salmoniformes	Salmonidae	Coregonus	Vendace
Coregonus albula finnica	synonym	231	Coregonus albula	Actinopteri	Salmoniformes	Salmonidae	Coregonus	Vendace
Coregonus albula ladogensis	synonym	231	Coregonus albula	Actinopteri	Salmoniformes	Salmonidae	Coregonus	Vendace
Coregonus albula olonensis	synonym	231	Coregonus albula	Actinopteri	Salmoniformes	Salmonidae	Coregonus	Vendace
Coregonus albula perejaslawica	synonym	231	Coregonus albula	Actinopteri	Salmoniformes	Salmonidae	Coregonus	Vendace
Coregonus albula pereslavicus	synonym	231	Coregonus albula	Actinopteri	Salmoniformes	Salmonidae	Coregonus	Vendace
Coregonus albula pereslawicus	synonym	231	Coregonus albula	Actinopteri	Salmoniformes	Salmonidae	Coregonus	Vendace
Coregonus albula topozeri	synonym	231	Coregonus albula	Actinopteri	Salmoniformes	Salmonidae	Coregonus	Vendace
Coregonus albula vodlosericus	synonym	231	Coregonus albula	Actinopteri	Salmoniformes	Salmonidae	Coregonus	Vendace
Coregonus brevis	synonym	231	Coregonus albula	Actinopteri	Salmoniformes	Salmonidae	Coregonus	Vendace
Coregonus sardinella marisalbi	synonym	231	Coregonus albula	Actinopteri	Salmoniformes	Salmonidae	Coregonus	Vendace
Cyprinus muraenula	synonym	231	Coregonus albula	Actinopteri	Salmoniformes	Salmonidae	Coregonus	Vendace
Salmo albula	synonym	231	Coregonus albula	Actinopteri	Salmoniformes	Salmonidae	Coregonus	Vendace
Salmo maraenula	synonym	231	Coregonus albula	Actinopteri	Salmoniformes	Salmonidae	Coregonus	Vendace
Salmo vimba	synonym	231	Coregonus albula	Actinopteri	Salmoniformes	Salmonidae	Coregonus	Vendace
Coregonus lavaretus	accepted name	232	Coregonus lavaretus	Actinopteri	Salmoniformes	Salmonidae	Coregonus	European whitefish
Coregonus dispersus cognatus	synonym	232	Coregonus lavaretus	Actinopteri	Salmoniformes	Salmonidae	Coregonus	European whitefish
Coregonus lavaretus lavaretus	synonym	232	Coregonus lavaretus	Actinopteri	Salmoniformes	Salmonidae	Coregonus	European whitefish
Coregonus polcur brachymystax	synonym	232	Coregonus lavaretus	Actinopteri	Salmoniformes	Salmonidae	Coregonus	European whitefish
Coregonus rondeletii	synonym	232	Coregonus lavaretus	Actinopteri	Salmoniformes	Salmonidae	Coregonus	European whitefish
Salmo lavaretus	synonym	232	Coregonus lavaretus	Actinopteri	Salmoniformes	Salmonidae	Coregonus	European whitefish
Coregonus maraena	accepted name	48236	Coregonus maraena	Actinopteri	Salmoniformes	Salmonidae	Coregonus	Maraena whitefish
Coregonus amnipetens	synonym	48236	Coregonus maraena	Actinopteri	Salmoniformes	Salmonidae	Coregonus	Maraena whitefish
Coregonus holsatus vigrensis	synonym	48236	Coregonus maraena	Actinopteri	Salmoniformes	Salmonidae	Coregonus	Maraena whitefish
Coregonus lapponicus	synonym	48236	Coregonus maraena	Actinopteri	Salmoniformes	Salmonidae	Coregonus	Maraena whitefish
Coregonus lavaretus bergi	synonym	48236	Coregonus maraena	Actinopteri	Salmoniformes	Salmonidae	Coregonus	Maraena whitefish
Coregonus lavaretus maraena	synonym	48236	Coregonus maraena	Actinopteri	Salmoniformes	Salmonidae	Coregonus	Maraena whitefish
Coregonus lavaretus mediospinatus	synonym	48236	Coregonus maraena	Actinopteri	Salmoniformes	Salmonidae	Coregonus	Maraena whitefish
Coregonus lavaretus vaetterensis	synonym	48236	Coregonus maraena	Actinopteri	Salmoniformes	Salmonidae	Coregonus	Maraena whitefish
Coregonus lavaretus vygensis	synonym	48236	Coregonus maraena	Actinopteri	Salmoniformes	Salmonidae	Coregonus	Maraena whitefish
Coregonus lavaretus vygensis telekinae	synonym	48236	Coregonus maraena	Actinopteri	Salmoniformes	Salmonidae	Coregonus	Maraena whitefish
Coregonus lloydii	synonym	48236	Coregonus maraena	Actinopteri	Salmoniformes	Salmonidae	Coregonus	Maraena whitefish
Coregonus maraena pommerana	synonym	48236	Coregonus maraena	Actinopteri	Salmoniformes	Salmonidae	Coregonus	Maraena whitefish
Salmo maraena	synonym	48236	Coregonus maraena	Actinopteri	Salmoniformes	Salmonidae	Coregonus	Maraena whitefish
Coregonus nasus	accepted name	2674	Coregonus nasus	Actinopteri	Salmoniformes	Salmonidae	Coregonus	Broad whitefish
Coregonus kennicotti	synonym	2674	Coregonus nasus	Actinopteri	Salmoniformes	Salmonidae	Coregonus	Broad whitefish
Coregonus nasus kennicotti	synonym	2674	Coregonus nasus	Actinopteri	Salmoniformes	Salmonidae	Coregonus	Broad whitefish
Salmo nasus	synonym	2674	Coregonus nasus	Actinopteri	Salmoniformes	Salmonidae	Coregonus	Broad whitefish
Salmo nasutus	synonym	2674	Coregonus nasus	Actinopteri	Salmoniformes	Salmonidae	Coregonus	Broad whitefish
Salmo schokur	synonym	2674	Coregonus nasus	Actinopteri	Salmoniformes	Salmonidae	Coregonus	Broad whitefish
Coregonus oxyrinchus	accepted name	233	Coregonus oxyrinchus	Actinopteri	Salmoniformes	Salmonidae	Coregonus	Houting
Coregonus lavaretus oxyrhynchus	synonym	233	Coregonus oxyrinchus	Actinopteri	Salmoniformes	Salmonidae	Coregonus	Houting
Coregonus lavaretus oxyrinchus	synonym	233	Coregonus oxyrinchus	Actinopteri	Salmoniformes	Salmonidae	Coregonus	Houting
Coregonus lavaretus oxyrynchus	synonym	233	Coregonus oxyrinchus	Actinopteri	Salmoniformes	Salmonidae	Coregonus	Houting
Coregonus oxyrhynchus	synonym	233	Coregonus oxyrinchus	Actinopteri	Salmoniformes	Salmonidae	Coregonus	Houting
Salmo oxyrinchus	synonym	233	Coregonus oxyrinchus	Actinopteri	Salmoniformes	Salmonidae	Coregonus	Houting
Salmo rostratus	synonym	233	Coregonus oxyrinchus	Actinopteri	Salmoniformes	Salmonidae	Coregonus	Houting
Tripteronotus hautin	synonym	233	Coregonus oxyrinchus	Actinopteri	Salmoniformes	Salmonidae	Coregonus	Houting
Coregonus pallasii	accepted name	48240	Coregonus pallasii	Actinopteri	Salmoniformes	Salmonidae	Coregonus	NA
Coregonus aspius	synonym	48240	Coregonus pallasii	Actinopteri	Salmoniformes	Salmonidae	Coregonus	NA
Coregonus lavaretus exiguus	synonym	48240	Coregonus pallasii	Actinopteri	Salmoniformes	Salmonidae	Coregonus	NA
Coregonus lavaretus multispinatus	synonym	48240	Coregonus pallasii	Actinopteri	Salmoniformes	Salmonidae	Coregonus	NA
Coregonus lavaretus pallasii	synonym	48240	Coregonus pallasii	Actinopteri	Salmoniformes	Salmonidae	Coregonus	NA
Coregonus nasutus	synonym	48240	Coregonus pallasii	Actinopteri	Salmoniformes	Salmonidae	Coregonus	NA
Coregonus peled	accepted name	4687	Coregonus peled	Actinopteri	Salmoniformes	Salmonidae	Coregonus	Peled
Coregonus rudolphianus	synonym	4687	Coregonus peled	Actinopteri	Salmoniformes	Salmonidae	Coregonus	Peled
Coregonus syrok	synonym	4687	Coregonus peled	Actinopteri	Salmoniformes	Salmonidae	Coregonus	Peled
Salmo cyprinoides	synonym	4687	Coregonus peled	Actinopteri	Salmoniformes	Salmonidae	Coregonus	Peled
Salmo peled	synonym	4687	Coregonus peled	Actinopteri	Salmoniformes	Salmonidae	Coregonus	Peled
Salmo pelet	synonym	4687	Coregonus peled	Actinopteri	Salmoniformes	Salmonidae	Coregonus	Peled
Oncorhynchus gorbuscha	accepted name	240	Oncorhynchus gorbuscha	Actinopteri	Salmoniformes	Salmonidae	Oncorhynchus	Pink salmon
Oncorhynchus scouleri	synonym	240	Oncorhynchus gorbuscha	Actinopteri	Salmoniformes	Salmonidae	Oncorhynchus	Pink salmon
Salmo gorbuscha	synonym	240	Oncorhynchus gorbuscha	Actinopteri	Salmoniformes	Salmonidae	Oncorhynchus	Pink salmon
Salmo scouleri	synonym	240	Oncorhynchus gorbuscha	Actinopteri	Salmoniformes	Salmonidae	Oncorhynchus	Pink salmon
Oncorhynchus keta	accepted name	241	Oncorhynchus keta	Actinopteri	Salmoniformes	Salmonidae	Oncorhynchus	Chum salmon
Oncorhynchus canis	synonym	241	Oncorhynchus keta	Actinopteri	Salmoniformes	Salmonidae	Oncorhynchus	Chum salmon
Oncorhynchus consuetus	synonym	241	Oncorhynchus keta	Actinopteri	Salmoniformes	Salmonidae	Oncorhynchus	Chum salmon
Oncorhynchus dermatinus	synonym	241	Oncorhynchus keta	Actinopteri	Salmoniformes	Salmonidae	Oncorhynchus	Chum salmon
Oncorhynchus lagocephalus	synonym	241	Oncorhynchus keta	Actinopteri	Salmoniformes	Salmonidae	Oncorhynchus	Chum salmon
Salmo canis	synonym	241	Oncorhynchus keta	Actinopteri	Salmoniformes	Salmonidae	Oncorhynchus	Chum salmon
Salmo consuetus	synonym	241	Oncorhynchus keta	Actinopteri	Salmoniformes	Salmonidae	Oncorhynchus	Chum salmon
Salmo dermatinus	synonym	241	Oncorhynchus keta	Actinopteri	Salmoniformes	Salmonidae	Oncorhynchus	Chum salmon
Salmo keta	synonym	241	Oncorhynchus keta	Actinopteri	Salmoniformes	Salmonidae	Oncorhynchus	Chum salmon
Salmo lagocephalus	synonym	241	Oncorhynchus keta	Actinopteri	Salmoniformes	Salmonidae	Oncorhynchus	Chum salmon
Oncorhynchus kisutch	accepted name	245	Oncorhynchus kisutch	Actinopteri	Salmoniformes	Salmonidae	Oncorhynchus	Coho salmon
Oncorhynchus kisatch	synonym	245	Oncorhynchus kisutch	Actinopteri	Salmoniformes	Salmonidae	Oncorhynchus	Coho salmon
Oncorhynchus kisutsh	synonym	245	Oncorhynchus kisutch	Actinopteri	Salmoniformes	Salmonidae	Oncorhynchus	Coho salmon
Oncorhynchus milktschutsch	synonym	245	Oncorhynchus kisutch	Actinopteri	Salmoniformes	Salmonidae	Oncorhynchus	Coho salmon
Salmo hisatch	synonym	245	Oncorhynchus kisutch	Actinopteri	Salmoniformes	Salmonidae	Oncorhynchus	Coho salmon
Salmo hisutch	synonym	245	Oncorhynchus kisutch	Actinopteri	Salmoniformes	Salmonidae	Oncorhynchus	Coho salmon
Salmo kisatch	synonym	245	Oncorhynchus kisutch	Actinopteri	Salmoniformes	Salmonidae	Oncorhynchus	Coho salmon
Salmo kisutch	synonym	245	Oncorhynchus kisutch	Actinopteri	Salmoniformes	Salmonidae	Oncorhynchus	Coho salmon
Salmo milktschutsch	synonym	245	Oncorhynchus kisutch	Actinopteri	Salmoniformes	Salmonidae	Oncorhynchus	Coho salmon
Salmo tsuppitch	synonym	245	Oncorhynchus kisutch	Actinopteri	Salmoniformes	Salmonidae	Oncorhynchus	Coho salmon
Oncorhynchus mykiss	accepted name	239	Oncorhynchus mykiss	Actinopteri	Salmoniformes	Salmonidae	Oncorhynchus	Rainbow trout
Fario gairdneri	synonym	239	Oncorhynchus mykiss	Actinopteri	Salmoniformes	Salmonidae	Oncorhynchus	Rainbow trout
Onchorhynchus mykiss	synonym	239	Oncorhynchus mykiss	Actinopteri	Salmoniformes	Salmonidae	Oncorhynchus	Rainbow trout
Onchorrhychus mykiss	synonym	239	Oncorhynchus mykiss	Actinopteri	Salmoniformes	Salmonidae	Oncorhynchus	Rainbow trout
Onchorynchus mykiss	synonym	239	Oncorhynchus mykiss	Actinopteri	Salmoniformes	Salmonidae	Oncorhynchus	Rainbow trout
Oncorhynchus gairdnerii	synonym	239	Oncorhynchus mykiss	Actinopteri	Salmoniformes	Salmonidae	Oncorhynchus	Rainbow trout
Oncorhynchus kamloops	synonym	239	Oncorhynchus mykiss	Actinopteri	Salmoniformes	Salmonidae	Oncorhynchus	Rainbow trout
Oncorhynchus mykiss nelsoni	synonym	239	Oncorhynchus mykiss	Actinopteri	Salmoniformes	Salmonidae	Oncorhynchus	Rainbow trout
Oncorhynchus myskis	synonym	239	Oncorhynchus mykiss	Actinopteri	Salmoniformes	Salmonidae	Oncorhynchus	Rainbow trout
Parasalmo mykiss	synonym	239	Oncorhynchus mykiss	Actinopteri	Salmoniformes	Salmonidae	Oncorhynchus	Rainbow trout
Parasalmo penshinensis	synonym	239	Oncorhynchus mykiss	Actinopteri	Salmoniformes	Salmonidae	Oncorhynchus	Rainbow trout
Salmo gairdneri	synonym	239	Oncorhynchus mykiss	Actinopteri	Salmoniformes	Salmonidae	Oncorhynchus	Rainbow trout
Salmo gairdneri gairdneri	synonym	239	Oncorhynchus mykiss	Actinopteri	Salmoniformes	Salmonidae	Oncorhynchus	Rainbow trout
Salmo gairdneri irideus	synonym	239	Oncorhynchus mykiss	Actinopteri	Salmoniformes	Salmonidae	Oncorhynchus	Rainbow trout
Salmo gairdneri kamloops	synonym	239	Oncorhynchus mykiss	Actinopteri	Salmoniformes	Salmonidae	Oncorhynchus	Rainbow trout
Salmo gairdneri shasta	synonym	239	Oncorhynchus mykiss	Actinopteri	Salmoniformes	Salmonidae	Oncorhynchus	Rainbow trout
Salmo gairdnerii	synonym	239	Oncorhynchus mykiss	Actinopteri	Salmoniformes	Salmonidae	Oncorhynchus	Rainbow trout
Salmo gairdnerii gairdnerii	synonym	239	Oncorhynchus mykiss	Actinopteri	Salmoniformes	Salmonidae	Oncorhynchus	Rainbow trout
Salmo gairdnerii irideus	synonym	239	Oncorhynchus mykiss	Actinopteri	Salmoniformes	Salmonidae	Oncorhynchus	Rainbow trout
Salmo gilberti	synonym	239	Oncorhynchus mykiss	Actinopteri	Salmoniformes	Salmonidae	Oncorhynchus	Rainbow trout
Salmo iridea	synonym	239	Oncorhynchus mykiss	Actinopteri	Salmoniformes	Salmonidae	Oncorhynchus	Rainbow trout
Salmo irideus	synonym	239	Oncorhynchus mykiss	Actinopteri	Salmoniformes	Salmonidae	Oncorhynchus	Rainbow trout
Salmo irideus argentatus	synonym	239	Oncorhynchus mykiss	Actinopteri	Salmoniformes	Salmonidae	Oncorhynchus	Rainbow trout
Salmo irideux	synonym	239	Oncorhynchus mykiss	Actinopteri	Salmoniformes	Salmonidae	Oncorhynchus	Rainbow trout
Salmo kamloops	synonym	239	Oncorhynchus mykiss	Actinopteri	Salmoniformes	Salmonidae	Oncorhynchus	Rainbow trout
Salmo kamloops whitehousei	synonym	239	Oncorhynchus mykiss	Actinopteri	Salmoniformes	Salmonidae	Oncorhynchus	Rainbow trout
Salmo masoni	synonym	239	Oncorhynchus mykiss	Actinopteri	Salmoniformes	Salmonidae	Oncorhynchus	Rainbow trout
Salmo mykiss	synonym	239	Oncorhynchus mykiss	Actinopteri	Salmoniformes	Salmonidae	Oncorhynchus	Rainbow trout
Salmo nelsoni	synonym	239	Oncorhynchus mykiss	Actinopteri	Salmoniformes	Salmonidae	Oncorhynchus	Rainbow trout
Salmo penshinensis	synonym	239	Oncorhynchus mykiss	Actinopteri	Salmoniformes	Salmonidae	Oncorhynchus	Rainbow trout
Salmo purpuratus	synonym	239	Oncorhynchus mykiss	Actinopteri	Salmoniformes	Salmonidae	Oncorhynchus	Rainbow trout
Salmo rivularis	synonym	239	Oncorhynchus mykiss	Actinopteri	Salmoniformes	Salmonidae	Oncorhynchus	Rainbow trout
Salmo rivularis kamloops	synonym	239	Oncorhynchus mykiss	Actinopteri	Salmoniformes	Salmonidae	Oncorhynchus	Rainbow trout
Salmo truncatus	synonym	239	Oncorhynchus mykiss	Actinopteri	Salmoniformes	Salmonidae	Oncorhynchus	Rainbow trout
Salmono gairdneri	synonym	239	Oncorhynchus mykiss	Actinopteri	Salmoniformes	Salmonidae	Oncorhynchus	Rainbow trout
Trutta iridea	synonym	239	Oncorhynchus mykiss	Actinopteri	Salmoniformes	Salmonidae	Oncorhynchus	Rainbow trout
Oncorhynchus tshawytscha	accepted name	244	Oncorhynchus tshawytscha	Actinopteri	Salmoniformes	Salmonidae	Oncorhynchus	Chinook salmon
Oncorhynchus chouicha	synonym	244	Oncorhynchus tshawytscha	Actinopteri	Salmoniformes	Salmonidae	Oncorhynchus	Chinook salmon
Oncorhynchus cooperi	synonym	244	Oncorhynchus tshawytscha	Actinopteri	Salmoniformes	Salmonidae	Oncorhynchus	Chinook salmon
Oncorhynchus tschawytscha	synonym	244	Oncorhynchus tshawytscha	Actinopteri	Salmoniformes	Salmonidae	Oncorhynchus	Chinook salmon
Oncorhynchus tshawytsha	synonym	244	Oncorhynchus tshawytscha	Actinopteri	Salmoniformes	Salmonidae	Oncorhynchus	Chinook salmon
Salmo cooperi	synonym	244	Oncorhynchus tshawytscha	Actinopteri	Salmoniformes	Salmonidae	Oncorhynchus	Chinook salmon
Salmo quinnat	synonym	244	Oncorhynchus tshawytscha	Actinopteri	Salmoniformes	Salmonidae	Oncorhynchus	Chinook salmon
Salmo richardi	synonym	244	Oncorhynchus tshawytscha	Actinopteri	Salmoniformes	Salmonidae	Oncorhynchus	Chinook salmon
Salmo richardii	synonym	244	Oncorhynchus tshawytscha	Actinopteri	Salmoniformes	Salmonidae	Oncorhynchus	Chinook salmon
Salmo tschawytscha	synonym	244	Oncorhynchus tshawytscha	Actinopteri	Salmoniformes	Salmonidae	Oncorhynchus	Chinook salmon
Salmo tshawytscha	synonym	244	Oncorhynchus tshawytscha	Actinopteri	Salmoniformes	Salmonidae	Oncorhynchus	Chinook salmon
Salmo warreni	synonym	244	Oncorhynchus tshawytscha	Actinopteri	Salmoniformes	Salmonidae	Oncorhynchus	Chinook salmon
Salmo salar	accepted name	236	Salmo salar	Actinopteri	Salmoniformes	Salmonidae	Salmo	Atlantic salmon
Salmo brevipes	synonym	236	Salmo salar	Actinopteri	Salmoniformes	Salmonidae	Salmo	Atlantic salmon
Salmo caerulescens	synonym	236	Salmo salar	Actinopteri	Salmoniformes	Salmonidae	Salmo	Atlantic salmon
Salmo gloverii	synonym	236	Salmo salar	Actinopteri	Salmoniformes	Salmonidae	Salmo	Atlantic salmon
Salmo goedenii	synonym	236	Salmo salar	Actinopteri	Salmoniformes	Salmonidae	Salmo	Atlantic salmon
Salmo gracilis	synonym	236	Salmo salar	Actinopteri	Salmoniformes	Salmonidae	Salmo	Atlantic salmon
Salmo hamatus	synonym	236	Salmo salar	Actinopteri	Salmoniformes	Salmonidae	Salmo	Atlantic salmon
Salmo hardinii	synonym	236	Salmo salar	Actinopteri	Salmoniformes	Salmonidae	Salmo	Atlantic salmon
Salmo nobilis	synonym	236	Salmo salar	Actinopteri	Salmoniformes	Salmonidae	Salmo	Atlantic salmon
Salmo ocla	synonym	236	Salmo salar	Actinopteri	Salmoniformes	Salmonidae	Salmo	Atlantic salmon
Salmo renatus	synonym	236	Salmo salar	Actinopteri	Salmoniformes	Salmonidae	Salmo	Atlantic salmon
Salmo rilla	synonym	236	Salmo salar	Actinopteri	Salmoniformes	Salmonidae	Salmo	Atlantic salmon
Salmo salar biennis	synonym	236	Salmo salar	Actinopteri	Salmoniformes	Salmonidae	Salmo	Atlantic salmon
Salmo salar brevipes	synonym	236	Salmo salar	Actinopteri	Salmoniformes	Salmonidae	Salmo	Atlantic salmon
Salmo salar europaeus	synonym	236	Salmo salar	Actinopteri	Salmoniformes	Salmonidae	Salmo	Atlantic salmon
Salmo salar lacustris	synonym	236	Salmo salar	Actinopteri	Salmoniformes	Salmonidae	Salmo	Atlantic salmon
Salmo salar ouananiche	synonym	236	Salmo salar	Actinopteri	Salmoniformes	Salmonidae	Salmo	Atlantic salmon
Salmo salar saimensis	synonym	236	Salmo salar	Actinopteri	Salmoniformes	Salmonidae	Salmo	Atlantic salmon
Salmo salar sebago	synonym	236	Salmo salar	Actinopteri	Salmoniformes	Salmonidae	Salmo	Atlantic salmon
Salmo salar tasmanicus	synonym	236	Salmo salar	Actinopteri	Salmoniformes	Salmonidae	Salmo	Atlantic salmon
Salmo salmo	synonym	236	Salmo salar	Actinopteri	Salmoniformes	Salmonidae	Salmo	Atlantic salmon
Salmo salmulus	synonym	236	Salmo salar	Actinopteri	Salmoniformes	Salmonidae	Salmo	Atlantic salmon
Salmo sebago	synonym	236	Salmo salar	Actinopteri	Salmoniformes	Salmonidae	Salmo	Atlantic salmon
Salmo strom	synonym	236	Salmo salar	Actinopteri	Salmoniformes	Salmonidae	Salmo	Atlantic salmon
Trutta relicta	synonym	236	Salmo salar	Actinopteri	Salmoniformes	Salmonidae	Salmo	Atlantic salmon
Trutta salar	synonym	236	Salmo salar	Actinopteri	Salmoniformes	Salmonidae	Salmo	Atlantic salmon
Trutta salar relicta	synonym	236	Salmo salar	Actinopteri	Salmoniformes	Salmonidae	Salmo	Atlantic salmon
Salmo trutta	accepted name	238	Salmo trutta	Actinopteri	Salmoniformes	Salmonidae	Salmo	Sea trout
Fario argenteus	synonym	238	Salmo trutta	Actinopteri	Salmoniformes	Salmonidae	Salmo	Sea trout
Fario lacustris	synonym	238	Salmo trutta	Actinopteri	Salmoniformes	Salmonidae	Salmo	Sea trout
Fario trutta	synonym	238	Salmo trutta	Actinopteri	Salmoniformes	Salmonidae	Salmo	Sea trout
Salar ausonii	synonym	238	Salmo trutta	Actinopteri	Salmoniformes	Salmonidae	Salmo	Sea trout
Salar bailloni	synonym	238	Salmo trutta	Actinopteri	Salmoniformes	Salmonidae	Salmo	Sea trout
Salar gaimardi	synonym	238	Salmo trutta	Actinopteri	Salmoniformes	Salmonidae	Salmo	Sea trout
Salar spectabilis	synonym	238	Salmo trutta	Actinopteri	Salmoniformes	Salmonidae	Salmo	Sea trout
Salmo albus	synonym	238	Salmo trutta	Actinopteri	Salmoniformes	Salmonidae	Salmo	Sea trout
Salmo brachypoma	synonym	238	Salmo trutta	Actinopteri	Salmoniformes	Salmonidae	Salmo	Sea trout
Salmo caecifer	synonym	238	Salmo trutta	Actinopteri	Salmoniformes	Salmonidae	Salmo	Sea trout
Salmo cambricus	synonym	238	Salmo trutta	Actinopteri	Salmoniformes	Salmonidae	Salmo	Sea trout
Salmo cornubiensis	synonym	238	Salmo trutta	Actinopteri	Salmoniformes	Salmonidae	Salmo	Sea trout
Salmo cumberland	synonym	238	Salmo trutta	Actinopteri	Salmoniformes	Salmonidae	Salmo	Sea trout
Salmo eriox	synonym	238	Salmo trutta	Actinopteri	Salmoniformes	Salmonidae	Salmo	Sea trout
Salmo estuarius	synonym	238	Salmo trutta	Actinopteri	Salmoniformes	Salmonidae	Salmo	Sea trout
Salmo fario	synonym	238	Salmo trutta	Actinopteri	Salmoniformes	Salmonidae	Salmo	Sea trout
Salmo fario loensis	synonym	238	Salmo trutta	Actinopteri	Salmoniformes	Salmonidae	Salmo	Sea trout
Salmo fario major	synonym	238	Salmo trutta	Actinopteri	Salmoniformes	Salmonidae	Salmo	Sea trout
Salmo gadoides	synonym	238	Salmo trutta	Actinopteri	Salmoniformes	Salmonidae	Salmo	Sea trout
Salmo gallivensis	synonym	238	Salmo trutta	Actinopteri	Salmoniformes	Salmonidae	Salmo	Sea trout
Salmo illanca	synonym	238	Salmo trutta	Actinopteri	Salmoniformes	Salmonidae	Salmo	Sea trout
Salmo islayensis	synonym	238	Salmo trutta	Actinopteri	Salmoniformes	Salmonidae	Salmo	Sea trout
Salmo lacustris	synonym	238	Salmo trutta	Actinopteri	Salmoniformes	Salmonidae	Salmo	Sea trout
Salmo lacustris rhenana	synonym	238	Salmo trutta	Actinopteri	Salmoniformes	Salmonidae	Salmo	Sea trout
Salmo lacustris romanovi	synonym	238	Salmo trutta	Actinopteri	Salmoniformes	Salmonidae	Salmo	Sea trout
Salmo lacustris septentrionalis	synonym	238	Salmo trutta	Actinopteri	Salmoniformes	Salmonidae	Salmo	Sea trout
Salmo lemanus	synonym	238	Salmo trutta	Actinopteri	Salmoniformes	Salmonidae	Salmo	Sea trout
Salmo levenensis	synonym	238	Salmo trutta	Actinopteri	Salmoniformes	Salmonidae	Salmo	Sea trout
Salmo mistops	synonym	238	Salmo trutta	Actinopteri	Salmoniformes	Salmonidae	Salmo	Sea trout
Salmo montana	synonym	238	Salmo trutta	Actinopteri	Salmoniformes	Salmonidae	Salmo	Sea trout
Salmo orcadensis	synonym	238	Salmo trutta	Actinopteri	Salmoniformes	Salmonidae	Salmo	Sea trout
Salmo orientalis	synonym	238	Salmo trutta	Actinopteri	Salmoniformes	Salmonidae	Salmo	Sea trout
Salmo oxianus	synonym	238	Salmo trutta	Actinopteri	Salmoniformes	Salmonidae	Salmo	Sea trout
Salmo phinoc	synonym	238	Salmo trutta	Actinopteri	Salmoniformes	Salmonidae	Salmo	Sea trout
Salmo polyosteus	synonym	238	Salmo trutta	Actinopteri	Salmoniformes	Salmonidae	Salmo	Sea trout
Salmo rappii	synonym	238	Salmo trutta	Actinopteri	Salmoniformes	Salmonidae	Salmo	Sea trout
Salmo saxatilis	synonym	238	Salmo trutta	Actinopteri	Salmoniformes	Salmonidae	Salmo	Sea trout
Salmo spurius	synonym	238	Salmo trutta	Actinopteri	Salmoniformes	Salmonidae	Salmo	Sea trout
Salmo stroemii	synonym	238	Salmo trutta	Actinopteri	Salmoniformes	Salmonidae	Salmo	Sea trout
Salmo sylvaticus	synonym	238	Salmo trutta	Actinopteri	Salmoniformes	Salmonidae	Salmo	Sea trout
Salmo taurinus	synonym	238	Salmo trutta	Actinopteri	Salmoniformes	Salmonidae	Salmo	Sea trout
Salmo trutta aralensis	synonym	238	Salmo trutta	Actinopteri	Salmoniformes	Salmonidae	Salmo	Sea trout
Salmo trutta fario	synonym	238	Salmo trutta	Actinopteri	Salmoniformes	Salmonidae	Salmo	Sea trout
Salmo trutta lacustris	synonym	238	Salmo trutta	Actinopteri	Salmoniformes	Salmonidae	Salmo	Sea trout
Salmo trutta oxianus	synonym	238	Salmo trutta	Actinopteri	Salmoniformes	Salmonidae	Salmo	Sea trout
Salmo trutta trutta	synonym	238	Salmo trutta	Actinopteri	Salmoniformes	Salmonidae	Salmo	Sea trout
Salmo truttula	synonym	238	Salmo trutta	Actinopteri	Salmoniformes	Salmonidae	Salmo	Sea trout
Salmo venernensis	synonym	238	Salmo trutta	Actinopteri	Salmoniformes	Salmonidae	Salmo	Sea trout
Trutta fario	synonym	238	Salmo trutta	Actinopteri	Salmoniformes	Salmonidae	Salmo	Sea trout
Trutta fluviatilis	synonym	238	Salmo trutta	Actinopteri	Salmoniformes	Salmonidae	Salmo	Sea trout
Trutta lacustris	synonym	238	Salmo trutta	Actinopteri	Salmoniformes	Salmonidae	Salmo	Sea trout
Trutta marina	synonym	238	Salmo trutta	Actinopteri	Salmoniformes	Salmonidae	Salmo	Sea trout
Trutta salmanata	synonym	238	Salmo trutta	Actinopteri	Salmoniformes	Salmonidae	Salmo	Sea trout
Trutta salmonata	synonym	238	Salmo trutta	Actinopteri	Salmoniformes	Salmonidae	Salmo	Sea trout
Trutta trutta	synonym	238	Salmo trutta	Actinopteri	Salmoniformes	Salmonidae	Salmo	Sea trout
Trutta variabilis	synonym	238	Salmo trutta	Actinopteri	Salmoniformes	Salmonidae	Salmo	Sea trout
Salvelinus alpinus	accepted name	247	Salvelinus alpinus	Actinopteri	Salmoniformes	Salmonidae	Salvelinus	Arctic char
Salmo alpinostagnalis	synonym	247	Salvelinus alpinus	Actinopteri	Salmoniformes	Salmonidae	Salvelinus	Arctic char
Salmo alpinus	synonym	247	Salvelinus alpinus	Actinopteri	Salmoniformes	Salmonidae	Salvelinus	Arctic char
Salmo ascanii	synonym	247	Salvelinus alpinus	Actinopteri	Salmoniformes	Salmonidae	Salvelinus	Arctic char
Salmo carbonarius	synonym	247	Salvelinus alpinus	Actinopteri	Salmoniformes	Salmonidae	Salvelinus	Arctic char
Salmo erythrinus	synonym	247	Salvelinus alpinus	Actinopteri	Salmoniformes	Salmonidae	Salvelinus	Arctic char
Salmo hybridus	synonym	247	Salvelinus alpinus	Actinopteri	Salmoniformes	Salmonidae	Salvelinus	Arctic char
Salmo laevis	synonym	247	Salvelinus alpinus	Actinopteri	Salmoniformes	Salmonidae	Salvelinus	Arctic char
Salmo levis	synonym	247	Salvelinus alpinus	Actinopteri	Salmoniformes	Salmonidae	Salvelinus	Arctic char
Salmo marstoni	synonym	247	Salvelinus alpinus	Actinopteri	Salmoniformes	Salmonidae	Salvelinus	Arctic char
Salmo nivalis	synonym	247	Salvelinus alpinus	Actinopteri	Salmoniformes	Salmonidae	Salvelinus	Arctic char
Salmo oquassa	synonym	247	Salvelinus alpinus	Actinopteri	Salmoniformes	Salmonidae	Salvelinus	Arctic char
Salmo palja	synonym	247	Salvelinus alpinus	Actinopteri	Salmoniformes	Salmonidae	Salvelinus	Arctic char
Salmo punctatus	synonym	247	Salvelinus alpinus	Actinopteri	Salmoniformes	Salmonidae	Salvelinus	Arctic char
Salmo rutilus	synonym	247	Salvelinus alpinus	Actinopteri	Salmoniformes	Salmonidae	Salvelinus	Arctic char
Salmo salvelinostagnalis	synonym	247	Salvelinus alpinus	Actinopteri	Salmoniformes	Salmonidae	Salvelinus	Arctic char
Salmo trutta laevis	synonym	247	Salvelinus alpinus	Actinopteri	Salmoniformes	Salmonidae	Salvelinus	Arctic char
Salmo ventricosus	synonym	247	Salvelinus alpinus	Actinopteri	Salmoniformes	Salmonidae	Salvelinus	Arctic char
Salvelinus alpinostagnalis	synonym	247	Salvelinus alpinus	Actinopteri	Salmoniformes	Salmonidae	Salvelinus	Arctic char
Salvelinus alpinus alpinus	synonym	247	Salvelinus alpinus	Actinopteri	Salmoniformes	Salmonidae	Salvelinus	Arctic char
Salvelinus alpinus erythrinus	synonym	247	Salvelinus alpinus	Actinopteri	Salmoniformes	Salmonidae	Salvelinus	Arctic char
Salvelinus aureolus	synonym	247	Salvelinus alpinus	Actinopteri	Salmoniformes	Salmonidae	Salvelinus	Arctic char
Salvelinus lepechini melanostomus	synonym	247	Salvelinus alpinus	Actinopteri	Salmoniformes	Salmonidae	Salvelinus	Arctic char
Salvelinus lepechini profundicola	synonym	247	Salvelinus alpinus	Actinopteri	Salmoniformes	Salmonidae	Salvelinus	Arctic char
Salvelinus marstoni	synonym	247	Salvelinus alpinus	Actinopteri	Salmoniformes	Salmonidae	Salvelinus	Arctic char
Salvelinus fontinalis	accepted name	246	Salvelinus fontinalis	Actinopteri	Salmoniformes	Salmonidae	Salvelinus	Brook trout
Baione fontinalis	synonym	246	Salvelinus fontinalis	Actinopteri	Salmoniformes	Salmonidae	Salvelinus	Brook trout
Salmo canadensis	synonym	246	Salvelinus fontinalis	Actinopteri	Salmoniformes	Salmonidae	Salvelinus	Brook trout
Salmo fontinalis	synonym	246	Salvelinus fontinalis	Actinopteri	Salmoniformes	Salmonidae	Salvelinus	Brook trout
Salmo hudsonicus	synonym	246	Salvelinus fontinalis	Actinopteri	Salmoniformes	Salmonidae	Salvelinus	Brook trout
Salvelinus fontinalis timagamiensis	synonym	246	Salvelinus fontinalis	Actinopteri	Salmoniformes	Salmonidae	Salvelinus	Brook trout
Salvelinus timagamiensis	synonym	246	Salvelinus fontinalis	Actinopteri	Salmoniformes	Salmonidae	Salvelinus	Brook trout
Salvelinus namaycush	accepted name	248	Salvelinus namaycush	Actinopteri	Salmoniformes	Salmonidae	Salvelinus	Lake trout
Cristivomer namaycush	synonym	248	Salvelinus namaycush	Actinopteri	Salmoniformes	Salmonidae	Salvelinus	Lake trout
Cristovomer namayacush	synonym	248	Salvelinus namaycush	Actinopteri	Salmoniformes	Salmonidae	Salvelinus	Lake trout
Oncorhynchus namaycush	synonym	248	Salvelinus namaycush	Actinopteri	Salmoniformes	Salmonidae	Salvelinus	Lake trout
Salmo amethystinus	synonym	248	Salvelinus namaycush	Actinopteri	Salmoniformes	Salmonidae	Salvelinus	Lake trout
Salmo amethystus	synonym	248	Salvelinus namaycush	Actinopteri	Salmoniformes	Salmonidae	Salvelinus	Lake trout
Salmo confinis	synonym	248	Salvelinus namaycush	Actinopteri	Salmoniformes	Salmonidae	Salvelinus	Lake trout
Salmo ferox	synonym	248	Salvelinus namaycush	Actinopteri	Salmoniformes	Salmonidae	Salvelinus	Lake trout
Salmo namaycush	synonym	248	Salvelinus namaycush	Actinopteri	Salmoniformes	Salmonidae	Salvelinus	Lake trout
Salmo pallidus	synonym	248	Salvelinus namaycush	Actinopteri	Salmoniformes	Salmonidae	Salvelinus	Lake trout
Thymallus thymallus	accepted name	4605	Thymallus thymallus	Actinopteri	Salmoniformes	Salmonidae	Thymallus	Grayling
Salmo striatus	synonym	4605	Thymallus thymallus	Actinopteri	Salmoniformes	Salmonidae	Thymallus	Grayling
Salmo thymallus	synonym	4605	Thymallus thymallus	Actinopteri	Salmoniformes	Salmonidae	Thymallus	Grayling
Salmo thymus	synonym	4605	Thymallus thymallus	Actinopteri	Salmoniformes	Salmonidae	Thymallus	Grayling
Thymallus aeliani	synonym	4605	Thymallus thymallus	Actinopteri	Salmoniformes	Salmonidae	Thymallus	Grayling
Thymallus decorus	synonym	4605	Thymallus thymallus	Actinopteri	Salmoniformes	Salmonidae	Thymallus	Grayling
Thymallus gymnogaster	synonym	4605	Thymallus thymallus	Actinopteri	Salmoniformes	Salmonidae	Thymallus	Grayling
Thymallus gymnothorax	synonym	4605	Thymallus thymallus	Actinopteri	Salmoniformes	Salmonidae	Thymallus	Grayling
Thymallus thymallus kamensis	synonym	4605	Thymallus thymallus	Actinopteri	Salmoniformes	Salmonidae	Thymallus	Grayling
Thymallus thymallus lacustris	synonym	4605	Thymallus thymallus	Actinopteri	Salmoniformes	Salmonidae	Thymallus	Grayling
Thymallus umbrosa	synonym	4605	Thymallus thymallus	Actinopteri	Salmoniformes	Salmonidae	Thymallus	Grayling
Thymallus vexillifer	synonym	4605	Thymallus thymallus	Actinopteri	Salmoniformes	Salmonidae	Thymallus	Grayling
Thymallus vulgaris	synonym	4605	Thymallus thymallus	Actinopteri	Salmoniformes	Salmonidae	Thymallus	Grayling
Thymalus gymnogaster	synonym	4605	Thymallus thymallus	Actinopteri	Salmoniformes	Salmonidae	Thymallus	Grayling
Thymalus gymnothorax	synonym	4605	Thymallus thymallus	Actinopteri	Salmoniformes	Salmonidae	Thymallus	Grayling
Brama brama	accepted name	391	Brama brama	Actinopteri	Scombriformes	Bramidae	Brama	Atlantic pomfret
Brama chilensis	synonym	391	Brama brama	Actinopteri	Scombriformes	Bramidae	Brama	Atlantic pomfret
Brama marina	synonym	391	Brama brama	Actinopteri	Scombriformes	Bramidae	Brama	Atlantic pomfret
Brama pinnasquamata	synonym	391	Brama brama	Actinopteri	Scombriformes	Bramidae	Brama	Atlantic pomfret
Brama raii	synonym	391	Brama brama	Actinopteri	Scombriformes	Bramidae	Brama	Atlantic pomfret
Brama raji	synonym	391	Brama brama	Actinopteri	Scombriformes	Bramidae	Brama	Atlantic pomfret
Brama rayi	synonym	391	Brama brama	Actinopteri	Scombriformes	Bramidae	Brama	Atlantic pomfret
Brama squamosa	synonym	391	Brama brama	Actinopteri	Scombriformes	Bramidae	Brama	Atlantic pomfret
Chaetodon umbratus	synonym	391	Brama brama	Actinopteri	Scombriformes	Bramidae	Brama	Atlantic pomfret
Lepidotus catalonicus	synonym	391	Brama brama	Actinopteri	Scombriformes	Bramidae	Brama	Atlantic pomfret
Lepidotus chilensis	synonym	391	Brama brama	Actinopteri	Scombriformes	Bramidae	Brama	Atlantic pomfret
Lepodus saragus	synonym	391	Brama brama	Actinopteri	Scombriformes	Bramidae	Brama	Atlantic pomfret
Lepodus squamosus	synonym	391	Brama brama	Actinopteri	Scombriformes	Bramidae	Brama	Atlantic pomfret
Sparus brama	synonym	391	Brama brama	Actinopteri	Scombriformes	Bramidae	Brama	Atlantic pomfret
Sparus castaneola	synonym	391	Brama brama	Actinopteri	Scombriformes	Bramidae	Brama	Atlantic pomfret
Sparus dentatus	synonym	391	Brama brama	Actinopteri	Scombriformes	Bramidae	Brama	Atlantic pomfret
Sparus niger	synonym	391	Brama brama	Actinopteri	Scombriformes	Bramidae	Brama	Atlantic pomfret
Sparus raji	synonym	391	Brama brama	Actinopteri	Scombriformes	Bramidae	Brama	Atlantic pomfret
Toxotes squamosus	synonym	391	Brama brama	Actinopteri	Scombriformes	Bramidae	Brama	Atlantic pomfret
Pterycombus brama	accepted name	3558	Pterycombus brama	Actinopteri	Scombriformes	Bramidae	Pterycombus	Atlantic fanfish
Centropholis goodei	synonym	3558	Pterycombus brama	Actinopteri	Scombriformes	Bramidae	Pterycombus	Atlantic fanfish
Centropholis ledanoisi	synonym	3558	Pterycombus brama	Actinopteri	Scombriformes	Bramidae	Pterycombus	Atlantic fanfish
Pterycombus brama thynniculina	synonym	3558	Pterycombus brama	Actinopteri	Scombriformes	Bramidae	Pterycombus	Atlantic fanfish
Taractes asper	accepted name	3559	Taractes asper	Actinopteri	Scombriformes	Bramidae	Taractes	Rough pomfret
Brama raschii	synonym	3559	Taractes asper	Actinopteri	Scombriformes	Bramidae	Taractes	Rough pomfret
Taractes platycephalus	synonym	3559	Taractes asper	Actinopteri	Scombriformes	Bramidae	Taractes	Rough pomfret
Taractes raschii	synonym	3559	Taractes asper	Actinopteri	Scombriformes	Bramidae	Taractes	Rough pomfret
Trachyberyx barretoi	synonym	3559	Taractes asper	Actinopteri	Scombriformes	Bramidae	Taractes	Rough pomfret
Taractichthys longipinnis	accepted name	3560	Taractichthys longipinnis	Actinopteri	Scombriformes	Bramidae	Taractichthys	Big-scale pomfret
Brama longipinnis	synonym	3560	Taractichthys longipinnis	Actinopteri	Scombriformes	Bramidae	Taractichthys	Big-scale pomfret
Brama princeps	synonym	3560	Taractichthys longipinnis	Actinopteri	Scombriformes	Bramidae	Taractichthys	Big-scale pomfret
Lepidotus princeps	synonym	3560	Taractichthys longipinnis	Actinopteri	Scombriformes	Bramidae	Taractichthys	Big-scale pomfret
Taractes longipinnis	synonym	3560	Taractichthys longipinnis	Actinopteri	Scombriformes	Bramidae	Taractichthys	Big-scale pomfret
Taractes princeps	synonym	3560	Taractichthys longipinnis	Actinopteri	Scombriformes	Bramidae	Taractichthys	Big-scale pomfret
Centrolophus niger	accepted name	249	Centrolophus niger	Actinopteri	Scombriformes	Centrolophidae	Centrolophus	Rudderfish
Acentrolophus maculosus	synonym	249	Centrolophus niger	Actinopteri	Scombriformes	Centrolophidae	Centrolophus	Rudderfish
Centrolophodes irvini	synonym	249	Centrolophus niger	Actinopteri	Scombriformes	Centrolophidae	Centrolophus	Rudderfish
Centrolophodes irwini	synonym	249	Centrolophus niger	Actinopteri	Scombriformes	Centrolophidae	Centrolophus	Rudderfish
Centrolophus liparis	synonym	249	Centrolophus niger	Actinopteri	Scombriformes	Centrolophidae	Centrolophus	Rudderfish
Centrolophus maoricus	synonym	249	Centrolophus niger	Actinopteri	Scombriformes	Centrolophidae	Centrolophus	Rudderfish
Centrolophus morio	synonym	249	Centrolophus niger	Actinopteri	Scombriformes	Centrolophidae	Centrolophus	Rudderfish
Centrolophus pompilus	synonym	249	Centrolophus niger	Actinopteri	Scombriformes	Centrolophidae	Centrolophus	Rudderfish
Centrolophus valenciennesi	synonym	249	Centrolophus niger	Actinopteri	Scombriformes	Centrolophidae	Centrolophus	Rudderfish
Coryphaena pompilus	synonym	249	Centrolophus niger	Actinopteri	Scombriformes	Centrolophidae	Centrolophus	Rudderfish
Gymnocephalus messanensis	synonym	249	Centrolophus niger	Actinopteri	Scombriformes	Centrolophidae	Centrolophus	Rudderfish
Gymnocephalus messinensis	synonym	249	Centrolophus niger	Actinopteri	Scombriformes	Centrolophidae	Centrolophus	Rudderfish
Mupus bifasciatus	synonym	249	Centrolophus niger	Actinopteri	Scombriformes	Centrolophidae	Centrolophus	Rudderfish
Perca nigra	synonym	249	Centrolophus niger	Actinopteri	Scombriformes	Centrolophidae	Centrolophus	Rudderfish
Schedophilus elongatus	synonym	249	Centrolophus niger	Actinopteri	Scombriformes	Centrolophidae	Centrolophus	Rudderfish
Schedophilus medusophagus	accepted name	1721	Schedophilus medusophagus	Actinopteri	Scombriformes	Centrolophidae	Schedophilus	Cornish blackfish
Centrolophus britannicus	synonym	1721	Schedophilus medusophagus	Actinopteri	Scombriformes	Centrolophidae	Schedophilus	Cornish blackfish
Centrolophus medusophagus	synonym	1721	Schedophilus medusophagus	Actinopteri	Scombriformes	Centrolophidae	Schedophilus	Cornish blackfish
Lirus medusophagus	synonym	1721	Schedophilus medusophagus	Actinopteri	Scombriformes	Centrolophidae	Schedophilus	Cornish blackfish
Mupus medusophagus	synonym	1721	Schedophilus medusophagus	Actinopteri	Scombriformes	Centrolophidae	Schedophilus	Cornish blackfish
Nesiarchus nasutus	accepted name	7573	Nesiarchus nasutus	Actinopteri	Scombriformes	Gempylidae	Nesiarchus	Black gemfish
Bipinnula violacea	synonym	7573	Nesiarchus nasutus	Actinopteri	Scombriformes	Gempylidae	Nesiarchus	Black gemfish
Escolar violaceus	synonym	7573	Nesiarchus nasutus	Actinopteri	Scombriformes	Gempylidae	Nesiarchus	Black gemfish
Prometheus paradoxus	synonym	7573	Nesiarchus nasutus	Actinopteri	Scombriformes	Gempylidae	Nesiarchus	Black gemfish
Thyrsitops violaceus	synonym	7573	Nesiarchus nasutus	Actinopteri	Scombriformes	Gempylidae	Nesiarchus	Black gemfish
Euthynnus alletteratus	accepted name	97	Euthynnus alletteratus	Actinopteri	Scombriformes	Scombridae	Euthynnus	Little tunny
Euthinnus alletteratus	synonym	97	Euthynnus alletteratus	Actinopteri	Scombriformes	Scombridae	Euthynnus	Little tunny
Euthynnus alleteratus	synonym	97	Euthynnus alletteratus	Actinopteri	Scombriformes	Scombridae	Euthynnus	Little tunny
Euthynnus alletteratus alletteratus	synonym	97	Euthynnus alletteratus	Actinopteri	Scombriformes	Scombridae	Euthynnus	Little tunny
Euthynnus alletteratus aurolitoralis	synonym	97	Euthynnus alletteratus	Actinopteri	Scombriformes	Scombridae	Euthynnus	Little tunny
Euthynnus alliteratus	synonym	97	Euthynnus alletteratus	Actinopteri	Scombriformes	Scombridae	Euthynnus	Little tunny
Euthynnus allitteratus	synonym	97	Euthynnus alletteratus	Actinopteri	Scombriformes	Scombridae	Euthynnus	Little tunny
Euthynnus quadripunctatus	synonym	97	Euthynnus alletteratus	Actinopteri	Scombriformes	Scombridae	Euthynnus	Little tunny
Euthynnus thunina	synonym	97	Euthynnus alletteratus	Actinopteri	Scombriformes	Scombridae	Euthynnus	Little tunny
Gymnosarda alleterata	synonym	97	Euthynnus alletteratus	Actinopteri	Scombriformes	Scombridae	Euthynnus	Little tunny
Gymnosarda alletterata	synonym	97	Euthynnus alletteratus	Actinopteri	Scombriformes	Scombridae	Euthynnus	Little tunny
Gymnosarda alliterata	synonym	97	Euthynnus alletteratus	Actinopteri	Scombriformes	Scombridae	Euthynnus	Little tunny
Orcynus thunnina	synonym	97	Euthynnus alletteratus	Actinopteri	Scombriformes	Scombridae	Euthynnus	Little tunny
Pelamys alleterata	synonym	97	Euthynnus alletteratus	Actinopteri	Scombriformes	Scombridae	Euthynnus	Little tunny
Scomber alletteratus	synonym	97	Euthynnus alletteratus	Actinopteri	Scombriformes	Scombridae	Euthynnus	Little tunny
Scomber quadripunctatus	synonym	97	Euthynnus alletteratus	Actinopteri	Scombriformes	Scombridae	Euthynnus	Little tunny
Thynnichthys brevipinnis	synonym	97	Euthynnus alletteratus	Actinopteri	Scombriformes	Scombridae	Euthynnus	Little tunny
Thynnichthys thunnina	synonym	97	Euthynnus alletteratus	Actinopteri	Scombriformes	Scombridae	Euthynnus	Little tunny
Thynnus brasiliensis	synonym	97	Euthynnus alletteratus	Actinopteri	Scombriformes	Scombridae	Euthynnus	Little tunny
Thynnus brevipinnis	synonym	97	Euthynnus alletteratus	Actinopteri	Scombriformes	Scombridae	Euthynnus	Little tunny
Thynnus leachianus	synonym	97	Euthynnus alletteratus	Actinopteri	Scombriformes	Scombridae	Euthynnus	Little tunny
Thynnus thunina	synonym	97	Euthynnus alletteratus	Actinopteri	Scombriformes	Scombridae	Euthynnus	Little tunny
Katsuwonus pelamis	accepted name	107	Katsuwonus pelamis	Actinopteri	Scombriformes	Scombridae	Katsuwonus	Skipjack tuna
Euthynnus pelamis	synonym	107	Katsuwonus pelamis	Actinopteri	Scombriformes	Scombridae	Katsuwonus	Skipjack tuna
Euthynnus pelamys	synonym	107	Katsuwonus pelamis	Actinopteri	Scombriformes	Scombridae	Katsuwonus	Skipjack tuna
Gymnosarda pelamis	synonym	107	Katsuwonus pelamis	Actinopteri	Scombriformes	Scombridae	Katsuwonus	Skipjack tuna
Gymnosarda pelamys	synonym	107	Katsuwonus pelamis	Actinopteri	Scombriformes	Scombridae	Katsuwonus	Skipjack tuna
Katsowonus pelamis	synonym	107	Katsuwonus pelamis	Actinopteri	Scombriformes	Scombridae	Katsuwonus	Skipjack tuna
Katsuwinus pelamis	synonym	107	Katsuwonus pelamis	Actinopteri	Scombriformes	Scombridae	Katsuwonus	Skipjack tuna
Katsuwonis pelamis	synonym	107	Katsuwonus pelamis	Actinopteri	Scombriformes	Scombridae	Katsuwonus	Skipjack tuna
Katsuwonnus pelamis	synonym	107	Katsuwonus pelamis	Actinopteri	Scombriformes	Scombridae	Katsuwonus	Skipjack tuna
Katsuwonus pelamsi	synonym	107	Katsuwonus pelamis	Actinopteri	Scombriformes	Scombridae	Katsuwonus	Skipjack tuna
Katsuwonus pelamys	synonym	107	Katsuwonus pelamis	Actinopteri	Scombriformes	Scombridae	Katsuwonus	Skipjack tuna
Katuswonis pelamis	synonym	107	Katsuwonus pelamis	Actinopteri	Scombriformes	Scombridae	Katsuwonus	Skipjack tuna
Orcynus pelamis	synonym	107	Katsuwonus pelamis	Actinopteri	Scombriformes	Scombridae	Katsuwonus	Skipjack tuna
Orcynus pelamys	synonym	107	Katsuwonus pelamis	Actinopteri	Scombriformes	Scombridae	Katsuwonus	Skipjack tuna
Scomber pelamides	synonym	107	Katsuwonus pelamis	Actinopteri	Scombriformes	Scombridae	Katsuwonus	Skipjack tuna
Scomber pelamis	synonym	107	Katsuwonus pelamis	Actinopteri	Scombriformes	Scombridae	Katsuwonus	Skipjack tuna
Scomber pelamys	synonym	107	Katsuwonus pelamis	Actinopteri	Scombriformes	Scombridae	Katsuwonus	Skipjack tuna
Thinnus pelamis	synonym	107	Katsuwonus pelamis	Actinopteri	Scombriformes	Scombridae	Katsuwonus	Skipjack tuna
Thynnus pelamis	synonym	107	Katsuwonus pelamis	Actinopteri	Scombriformes	Scombridae	Katsuwonus	Skipjack tuna
Thynnus pelamys	synonym	107	Katsuwonus pelamis	Actinopteri	Scombriformes	Scombridae	Katsuwonus	Skipjack tuna
Thynnus vagans	synonym	107	Katsuwonus pelamis	Actinopteri	Scombriformes	Scombridae	Katsuwonus	Skipjack tuna
Orcynopsis unicolor	accepted name	108	Orcynopsis unicolor	Actinopteri	Scombriformes	Scombridae	Orcynopsis	Plain bonito
Cybium altipinne	synonym	108	Orcynopsis unicolor	Actinopteri	Scombriformes	Scombridae	Orcynopsis	Plain bonito
Cybium bonapartii	synonym	108	Orcynopsis unicolor	Actinopteri	Scombriformes	Scombridae	Orcynopsis	Plain bonito
Pelamichthys unicolor	synonym	108	Orcynopsis unicolor	Actinopteri	Scombriformes	Scombridae	Orcynopsis	Plain bonito
Pelamys unicolor	synonym	108	Orcynopsis unicolor	Actinopteri	Scombriformes	Scombridae	Orcynopsis	Plain bonito
Sarda unicolor	synonym	108	Orcynopsis unicolor	Actinopteri	Scombriformes	Scombridae	Orcynopsis	Plain bonito
Scomber unicolor	synonym	108	Orcynopsis unicolor	Actinopteri	Scombriformes	Scombridae	Orcynopsis	Plain bonito
Thynnus peregrinus	synonym	108	Orcynopsis unicolor	Actinopteri	Scombriformes	Scombridae	Orcynopsis	Plain bonito
Sarda sarda	accepted name	115	Sarda sarda	Actinopteri	Scombriformes	Scombridae	Sarda	Atlantic bonito
Palamita sarda	synonym	115	Sarda sarda	Actinopteri	Scombriformes	Scombridae	Sarda	Atlantic bonito
Pelamis sarda	synonym	115	Sarda sarda	Actinopteri	Scombriformes	Scombridae	Sarda	Atlantic bonito
Pelamys sarda	synonym	115	Sarda sarda	Actinopteri	Scombriformes	Scombridae	Sarda	Atlantic bonito
Sarda mediterranea	synonym	115	Sarda sarda	Actinopteri	Scombriformes	Scombridae	Sarda	Atlantic bonito
Sarda pelamis	synonym	115	Sarda sarda	Actinopteri	Scombriformes	Scombridae	Sarda	Atlantic bonito
Scomber mediterraneus	synonym	115	Sarda sarda	Actinopteri	Scombriformes	Scombridae	Sarda	Atlantic bonito
Scomber palamitus	synonym	115	Sarda sarda	Actinopteri	Scombriformes	Scombridae	Sarda	Atlantic bonito
Scomber ponticus	synonym	115	Sarda sarda	Actinopteri	Scombriformes	Scombridae	Sarda	Atlantic bonito
Scomber sarda	synonym	115	Sarda sarda	Actinopteri	Scombriformes	Scombridae	Sarda	Atlantic bonito
Thynnus brachypterus	synonym	115	Sarda sarda	Actinopteri	Scombriformes	Scombridae	Sarda	Atlantic bonito
Thynnus sardus	synonym	115	Sarda sarda	Actinopteri	Scombriformes	Scombridae	Sarda	Atlantic bonito
Scomber japonicus	accepted name	117	Scomber japonicus	Actinopteri	Scombriformes	Scombridae	Scomber	Chub mackerel
Pneumatophorus diego	synonym	117	Scomber japonicus	Actinopteri	Scombriformes	Scombridae	Scomber	Chub mackerel
Pneumatophorus japonicus	synonym	117	Scomber japonicus	Actinopteri	Scombriformes	Scombridae	Scomber	Chub mackerel
Pneumatophorus japonicus diego	synonym	117	Scomber japonicus	Actinopteri	Scombriformes	Scombridae	Scomber	Chub mackerel
Pneumatophorus japonicus japonicus	synonym	117	Scomber japonicus	Actinopteri	Scombriformes	Scombridae	Scomber	Chub mackerel
Pneumatophorus japonicus marplatensis	synonym	117	Scomber japonicus	Actinopteri	Scombriformes	Scombridae	Scomber	Chub mackerel
Pneumatophorus peruanus	synonym	117	Scomber japonicus	Actinopteri	Scombriformes	Scombridae	Scomber	Chub mackerel
Scomber capensis	synonym	117	Scomber japonicus	Actinopteri	Scombriformes	Scombridae	Scomber	Chub mackerel
Scomber diego	synonym	117	Scomber japonicus	Actinopteri	Scombriformes	Scombridae	Scomber	Chub mackerel
Scomber gigas	synonym	117	Scomber japonicus	Actinopteri	Scombriformes	Scombridae	Scomber	Chub mackerel
Scomber janesaba	synonym	117	Scomber japonicus	Actinopteri	Scombriformes	Scombridae	Scomber	Chub mackerel
Scomber japonicus japonicus	synonym	117	Scomber japonicus	Actinopteri	Scombriformes	Scombridae	Scomber	Chub mackerel
Scomber japonicus peruanus	synonym	117	Scomber japonicus	Actinopteri	Scombriformes	Scombridae	Scomber	Chub mackerel
Scomber joanesaba	synonym	117	Scomber japonicus	Actinopteri	Scombriformes	Scombridae	Scomber	Chub mackerel
Scomber peruanus	synonym	117	Scomber japonicus	Actinopteri	Scombriformes	Scombridae	Scomber	Chub mackerel
Scomber saba	synonym	117	Scomber japonicus	Actinopteri	Scombriformes	Scombridae	Scomber	Chub mackerel
Scomber scombrus japonicus	synonym	117	Scomber japonicus	Actinopteri	Scombriformes	Scombridae	Scomber	Chub mackerel
Scomber scombrus	accepted name	118	Scomber scombrus	Actinopteri	Scombriformes	Scombridae	Scomber	Atlantic mackerel
Scomber glauciscus	synonym	118	Scomber scombrus	Actinopteri	Scombriformes	Scombridae	Scomber	Atlantic mackerel
Scomber punctatus	synonym	118	Scomber scombrus	Actinopteri	Scombriformes	Scombridae	Scomber	Atlantic mackerel
Scomber scomber	synonym	118	Scomber scombrus	Actinopteri	Scombriformes	Scombridae	Scomber	Atlantic mackerel
Scomber scriptus	synonym	118	Scomber scombrus	Actinopteri	Scombriformes	Scombridae	Scomber	Atlantic mackerel
Scomber vernalis	synonym	118	Scomber scombrus	Actinopteri	Scombriformes	Scombridae	Scomber	Atlantic mackerel
Scomber vulgaris	synonym	118	Scomber scombrus	Actinopteri	Scombriformes	Scombridae	Scomber	Atlantic mackerel
Thunnus thynnus	accepted name	147	Thunnus thynnus	Actinopteri	Scombriformes	Scombridae	Thunnus	Atlantic bluefin tuna
Albacora thynnus	synonym	147	Thunnus thynnus	Actinopteri	Scombriformes	Scombridae	Thunnus	Atlantic bluefin tuna
Orcynus secondidorsalis	synonym	147	Thunnus thynnus	Actinopteri	Scombriformes	Scombridae	Thunnus	Atlantic bluefin tuna
Orcynus thynnus	synonym	147	Thunnus thynnus	Actinopteri	Scombriformes	Scombridae	Thunnus	Atlantic bluefin tuna
Scomber thynnus	synonym	147	Thunnus thynnus	Actinopteri	Scombriformes	Scombridae	Thunnus	Atlantic bluefin tuna
Thunnus secundodorsalis	synonym	147	Thunnus thynnus	Actinopteri	Scombriformes	Scombridae	Thunnus	Atlantic bluefin tuna
Thunnus thynnus thynnus	synonym	147	Thunnus thynnus	Actinopteri	Scombriformes	Scombridae	Thunnus	Atlantic bluefin tuna
Thunnus thynus	synonym	147	Thunnus thynnus	Actinopteri	Scombriformes	Scombridae	Thunnus	Atlantic bluefin tuna
Thunnus vulgaris	synonym	147	Thunnus thynnus	Actinopteri	Scombriformes	Scombridae	Thunnus	Atlantic bluefin tuna
Thunus secundodorsalis	synonym	147	Thunnus thynnus	Actinopteri	Scombriformes	Scombridae	Thunnus	Atlantic bluefin tuna
Thynnus linnei	synonym	147	Thunnus thynnus	Actinopteri	Scombriformes	Scombridae	Thunnus	Atlantic bluefin tuna
Thynnus mediterraneus	synonym	147	Thunnus thynnus	Actinopteri	Scombriformes	Scombridae	Thunnus	Atlantic bluefin tuna
Thynnus secundodorsalis	synonym	147	Thunnus thynnus	Actinopteri	Scombriformes	Scombridae	Thunnus	Atlantic bluefin tuna
Thynnus thynnus	synonym	147	Thunnus thynnus	Actinopteri	Scombriformes	Scombridae	Thunnus	Atlantic bluefin tuna
Thynnus vulgaris	synonym	147	Thunnus thynnus	Actinopteri	Scombriformes	Scombridae	Thunnus	Atlantic bluefin tuna
Ameiurus nebulosus	accepted name	3022	Ameiurus nebulosus	Actinopteri	Siluriformes	Ictaluridae	Ameiurus	Brown bullhead
Ameirus nebulosus	synonym	3022	Ameiurus nebulosus	Actinopteri	Siluriformes	Ictaluridae	Ameiurus	Brown bullhead
Ameiurus lacustris	synonym	3022	Ameiurus nebulosus	Actinopteri	Siluriformes	Ictaluridae	Ameiurus	Brown bullhead
Ameiurus nebulosus marmoratus	synonym	3022	Ameiurus nebulosus	Actinopteri	Siluriformes	Ictaluridae	Ameiurus	Brown bullhead
Amiurus nebulosus	synonym	3022	Ameiurus nebulosus	Actinopteri	Siluriformes	Ictaluridae	Ameiurus	Brown bullhead
Amiurus vulgaris	synonym	3022	Ameiurus nebulosus	Actinopteri	Siluriformes	Ictaluridae	Ameiurus	Brown bullhead
Ictalurus nebucosus	synonym	3022	Ameiurus nebulosus	Actinopteri	Siluriformes	Ictaluridae	Ameiurus	Brown bullhead
Ictalurus nebulosus	synonym	3022	Ameiurus nebulosus	Actinopteri	Siluriformes	Ictaluridae	Ameiurus	Brown bullhead
Ictalurus nebulosus marmoratus	synonym	3022	Ameiurus nebulosus	Actinopteri	Siluriformes	Ictaluridae	Ameiurus	Brown bullhead
Ictalurus nebulosus nebulosus	synonym	3022	Ameiurus nebulosus	Actinopteri	Siluriformes	Ictaluridae	Ameiurus	Brown bullhead
Ictalurus nebulosus pannonicus	synonym	3022	Ameiurus nebulosus	Actinopteri	Siluriformes	Ictaluridae	Ameiurus	Brown bullhead
Pimelodus atrarius	synonym	3022	Ameiurus nebulosus	Actinopteri	Siluriformes	Ictaluridae	Ameiurus	Brown bullhead
Pimelodus felis	synonym	3022	Ameiurus nebulosus	Actinopteri	Siluriformes	Ictaluridae	Ameiurus	Brown bullhead
Pimelodus marmoratus	synonym	3022	Ameiurus nebulosus	Actinopteri	Siluriformes	Ictaluridae	Ameiurus	Brown bullhead
Pimelodus nebulosus	synonym	3022	Ameiurus nebulosus	Actinopteri	Siluriformes	Ictaluridae	Ameiurus	Brown bullhead
Pimelodus vulgaris	synonym	3022	Ameiurus nebulosus	Actinopteri	Siluriformes	Ictaluridae	Ameiurus	Brown bullhead
Silurus coenosus	synonym	3022	Ameiurus nebulosus	Actinopteri	Siluriformes	Ictaluridae	Ameiurus	Brown bullhead
Silurus glanis	accepted name	289	Silurus glanis	Actinopteri	Siluriformes	Siluridae	Silurus	Wels catfish
Siluris glanis	synonym	289	Silurus glanis	Actinopteri	Siluriformes	Siluridae	Silurus	Wels catfish
Silurus glanis aralensis	synonym	289	Silurus glanis	Actinopteri	Siluriformes	Siluridae	Silurus	Wels catfish
Silurus silurus	synonym	289	Silurus glanis	Actinopteri	Siluriformes	Siluridae	Silurus	Wels catfish
Maurolicus muelleri	accepted name	754	Maurolicus muelleri	Actinopteri	Stomiiformes	Sternoptychidae	Maurolicus	Silvery lightfish
Argentina pennanti	synonym	754	Maurolicus muelleri	Actinopteri	Stomiiformes	Sternoptychidae	Maurolicus	Silvery lightfish
Maurolicus pennanti	synonym	754	Maurolicus muelleri	Actinopteri	Stomiiformes	Sternoptychidae	Maurolicus	Silvery lightfish
Mauroluccius mulleri	synonym	754	Maurolicus muelleri	Actinopteri	Stomiiformes	Sternoptychidae	Maurolicus	Silvery lightfish
Salmo muelleri	synonym	754	Maurolicus muelleri	Actinopteri	Stomiiformes	Sternoptychidae	Maurolicus	Silvery lightfish
Scopelus borealis	synonym	754	Maurolicus muelleri	Actinopteri	Stomiiformes	Sternoptychidae	Maurolicus	Silvery lightfish
Scopelus humboldtii	synonym	754	Maurolicus muelleri	Actinopteri	Stomiiformes	Sternoptychidae	Maurolicus	Silvery lightfish
Scopelus maurolici	synonym	754	Maurolicus muelleri	Actinopteri	Stomiiformes	Sternoptychidae	Maurolicus	Silvery lightfish
Macroramphosus scolopax	accepted name	333	Macroramphosus scolopax	Actinopteri	Syngnathiformes	Centriscidae	Macroramphosus	Longspine snipefish
Balistes scolopax	synonym	333	Macroramphosus scolopax	Actinopteri	Syngnathiformes	Centriscidae	Macroramphosus	Longspine snipefish
Centriscus scolopax	synonym	333	Macroramphosus scolopax	Actinopteri	Syngnathiformes	Centriscidae	Macroramphosus	Longspine snipefish
Centriscus squamosus	synonym	333	Macroramphosus scolopax	Actinopteri	Syngnathiformes	Centriscidae	Macroramphosus	Longspine snipefish
Macrorhamphosus scolopax	synonym	333	Macroramphosus scolopax	Actinopteri	Syngnathiformes	Centriscidae	Macroramphosus	Longspine snipefish
Silurus cornutus	synonym	333	Macroramphosus scolopax	Actinopteri	Syngnathiformes	Centriscidae	Macroramphosus	Longspine snipefish
Solenostomus scolopax	synonym	333	Macroramphosus scolopax	Actinopteri	Syngnathiformes	Centriscidae	Macroramphosus	Longspine snipefish
Entelurus aequoreus	accepted name	67	Entelurus aequoreus	Actinopteri	Syngnathiformes	Syngnathidae	Entelurus	Snake pipefish
Entelurus aequoraeus	synonym	67	Entelurus aequoreus	Actinopteri	Syngnathiformes	Syngnathidae	Entelurus	Snake pipefish
Syngnathus aequoreus	synonym	67	Entelurus aequoreus	Actinopteri	Syngnathiformes	Syngnathidae	Entelurus	Snake pipefish
Hippocampus hippocampus	accepted name	1801	Hippocampus hippocampus	Actinopteri	Syngnathiformes	Syngnathidae	Hippocampus	Short snouted seahorse
Gasterosteus equus	synonym	1801	Hippocampus hippocampus	Actinopteri	Syngnathiformes	Syngnathidae	Hippocampus	Short snouted seahorse
Hippocampus antiquorum	synonym	1801	Hippocampus hippocampus	Actinopteri	Syngnathiformes	Syngnathidae	Hippocampus	Short snouted seahorse
Hippocampus antiquus	synonym	1801	Hippocampus hippocampus	Actinopteri	Syngnathiformes	Syngnathidae	Hippocampus	Short snouted seahorse
Hippocampus brevirostris	synonym	1801	Hippocampus hippocampus	Actinopteri	Syngnathiformes	Syngnathidae	Hippocampus	Short snouted seahorse
Hippocampus europaeus	synonym	1801	Hippocampus hippocampus	Actinopteri	Syngnathiformes	Syngnathidae	Hippocampus	Short snouted seahorse
Hippocampus heptagonus	synonym	1801	Hippocampus hippocampus	Actinopteri	Syngnathiformes	Syngnathidae	Hippocampus	Short snouted seahorse
Hippocampus pentagonus	synonym	1801	Hippocampus hippocampus	Actinopteri	Syngnathiformes	Syngnathidae	Hippocampus	Short snouted seahorse
Hippocampus vulgaris	synonym	1801	Hippocampus hippocampus	Actinopteri	Syngnathiformes	Syngnathidae	Hippocampus	Short snouted seahorse
Syngnathus hippocampus	synonym	1801	Hippocampus hippocampus	Actinopteri	Syngnathiformes	Syngnathidae	Hippocampus	Short snouted seahorse
Nerophis lumbriciformis	accepted name	7629	Nerophis lumbriciformis	Actinopteri	Syngnathiformes	Syngnathidae	Nerophis	Worm pipefish
Syngnathus lumbriciformis	synonym	7629	Nerophis lumbriciformis	Actinopteri	Syngnathiformes	Syngnathidae	Nerophis	Worm pipefish
Nerophis ophidion	accepted name	1331	Nerophis ophidion	Actinopteri	Syngnathiformes	Syngnathidae	Nerophis	Straightnose pipefish
Scyphicus teres	synonym	1331	Nerophis ophidion	Actinopteri	Syngnathiformes	Syngnathidae	Nerophis	Straightnose pipefish
Scyphius littoralis	synonym	1331	Nerophis ophidion	Actinopteri	Syngnathiformes	Syngnathidae	Nerophis	Straightnose pipefish
Scyphius violaceus	synonym	1331	Nerophis ophidion	Actinopteri	Syngnathiformes	Syngnathidae	Nerophis	Straightnose pipefish
Syngnathus ophidion	synonym	1331	Nerophis ophidion	Actinopteri	Syngnathiformes	Syngnathidae	Nerophis	Straightnose pipefish
Syngnathus acus	accepted name	1770	Syngnathus acus	Actinopteri	Syngnathiformes	Syngnathidae	Syngnathus	Greater pipefish
Dermatostethus punctipinnis	synonym	1770	Syngnathus acus	Actinopteri	Syngnathiformes	Syngnathidae	Syngnathus	Greater pipefish
Sygnathus acus	synonym	1770	Syngnathus acus	Actinopteri	Syngnathiformes	Syngnathidae	Syngnathus	Greater pipefish
Syngnathus alternans	synonym	1770	Syngnathus acus	Actinopteri	Syngnathiformes	Syngnathidae	Syngnathus	Greater pipefish
Syngnathus brachyrhynchus	synonym	1770	Syngnathus acus	Actinopteri	Syngnathiformes	Syngnathidae	Syngnathus	Greater pipefish
Syngnathus delalandi	synonym	1770	Syngnathus acus	Actinopteri	Syngnathiformes	Syngnathidae	Syngnathus	Greater pipefish
Syngnathus rubescens	synonym	1770	Syngnathus acus	Actinopteri	Syngnathiformes	Syngnathidae	Syngnathus	Greater pipefish
Typhle heptagonus	synonym	1770	Syngnathus acus	Actinopteri	Syngnathiformes	Syngnathidae	Syngnathus	Greater pipefish
Syngnathus rostellatus	accepted name	1359	Syngnathus rostellatus	Actinopteri	Syngnathiformes	Syngnathidae	Syngnathus	Nilsson's pipefish
Sygnatus rostellatus	synonym	1359	Syngnathus rostellatus	Actinopteri	Syngnathiformes	Syngnathidae	Syngnathus	Nilsson's pipefish
Syngnathus dumerilii	synonym	1359	Syngnathus rostellatus	Actinopteri	Syngnathiformes	Syngnathidae	Syngnathus	Nilsson's pipefish
Syngnathus typhle	accepted name	1360	Syngnathus typhle	Actinopteri	Syngnathiformes	Syngnathidae	Syngnathus	Broadnosed pipefish
Siphonostoma rondeletii	synonym	1360	Syngnathus typhle	Actinopteri	Syngnathiformes	Syngnathidae	Syngnathus	Broadnosed pipefish
Siphonostoma typhle	synonym	1360	Syngnathus typhle	Actinopteri	Syngnathiformes	Syngnathidae	Syngnathus	Broadnosed pipefish
Siphostoma typhle	synonym	1360	Syngnathus typhle	Actinopteri	Syngnathiformes	Syngnathidae	Syngnathus	Broadnosed pipefish
Syngnathus argentatus	synonym	1360	Syngnathus typhle	Actinopteri	Syngnathiformes	Syngnathidae	Syngnathus	Broadnosed pipefish
Syngnathus pelagicus	synonym	1360	Syngnathus typhle	Actinopteri	Syngnathiformes	Syngnathidae	Syngnathus	Broadnosed pipefish
Syngnathus ponticus	synonym	1360	Syngnathus typhle	Actinopteri	Syngnathiformes	Syngnathidae	Syngnathus	Broadnosed pipefish
Syngnathus pyrois	synonym	1360	Syngnathus typhle	Actinopteri	Syngnathiformes	Syngnathidae	Syngnathus	Broadnosed pipefish
Syngnathus rondeletii	synonym	1360	Syngnathus typhle	Actinopteri	Syngnathiformes	Syngnathidae	Syngnathus	Broadnosed pipefish
Syngnathus rotundatus	synonym	1360	Syngnathus typhle	Actinopteri	Syngnathiformes	Syngnathidae	Syngnathus	Broadnosed pipefish
Syngnathus thyphle	synonym	1360	Syngnathus typhle	Actinopteri	Syngnathiformes	Syngnathidae	Syngnathus	Broadnosed pipefish
Syngnathus typhle argentatus	synonym	1360	Syngnathus typhle	Actinopteri	Syngnathiformes	Syngnathidae	Syngnathus	Broadnosed pipefish
Syngnathus typhle rondeleti	synonym	1360	Syngnathus typhle	Actinopteri	Syngnathiformes	Syngnathidae	Syngnathus	Broadnosed pipefish
Syngnathus typhle rotundatus	synonym	1360	Syngnathus typhle	Actinopteri	Syngnathiformes	Syngnathidae	Syngnathus	Broadnosed pipefish
Syngnathus typhle typhle	synonym	1360	Syngnathus typhle	Actinopteri	Syngnathiformes	Syngnathidae	Syngnathus	Broadnosed pipefish
Syngnathus viridis	synonym	1360	Syngnathus typhle	Actinopteri	Syngnathiformes	Syngnathidae	Syngnathus	Broadnosed pipefish
Syphonostoma typhle	synonym	1360	Syngnathus typhle	Actinopteri	Syngnathiformes	Syngnathidae	Syngnathus	Broadnosed pipefish
Tiphle hexagonus	synonym	1360	Syngnathus typhle	Actinopteri	Syngnathiformes	Syngnathidae	Syngnathus	Broadnosed pipefish
Balistes capriscus	accepted name	7327	Balistes capriscus	Actinopteri	Tetraodontiformes	Balistidae	Balistes	Grey triggerfish
Balistes buniva	synonym	7327	Balistes capriscus	Actinopteri	Tetraodontiformes	Balistidae	Balistes	Grey triggerfish
Balistes caprinus	synonym	7327	Balistes capriscus	Actinopteri	Tetraodontiformes	Balistidae	Balistes	Grey triggerfish
Balistes capriscus	synonym	7327	Balistes capriscus	Actinopteri	Tetraodontiformes	Balistidae	Balistes	Grey triggerfish
Balistes carolinensis	synonym	7327	Balistes capriscus	Actinopteri	Tetraodontiformes	Balistidae	Balistes	Grey triggerfish
Balistes caroliniensis	synonym	7327	Balistes capriscus	Actinopteri	Tetraodontiformes	Balistidae	Balistes	Grey triggerfish
Balistes forcipatus	synonym	7327	Balistes capriscus	Actinopteri	Tetraodontiformes	Balistidae	Balistes	Grey triggerfish
Balistes fuliginosus	synonym	7327	Balistes capriscus	Actinopteri	Tetraodontiformes	Balistidae	Balistes	Grey triggerfish
Balistes moribundus	synonym	7327	Balistes capriscus	Actinopteri	Tetraodontiformes	Balistidae	Balistes	Grey triggerfish
Balistes powellii	synonym	7327	Balistes capriscus	Actinopteri	Tetraodontiformes	Balistidae	Balistes	Grey triggerfish
Balistes spilotopterygius	synonym	7327	Balistes capriscus	Actinopteri	Tetraodontiformes	Balistidae	Balistes	Grey triggerfish
Balistes taeniopterus	synonym	7327	Balistes capriscus	Actinopteri	Tetraodontiformes	Balistidae	Balistes	Grey triggerfish
Balististes carolinensis	synonym	7327	Balistes capriscus	Actinopteri	Tetraodontiformes	Balistidae	Balistes	Grey triggerfish
Nematobalistes forcipatus	synonym	7327	Balistes capriscus	Actinopteri	Tetraodontiformes	Balistidae	Balistes	Grey triggerfish
Mola mola	accepted name	1732	Mola mola	Actinopteri	Tetraodontiformes	Molidae	Mola	Ocean sunfish
Aledon capensis	synonym	1732	Mola mola	Actinopteri	Tetraodontiformes	Molidae	Mola	Ocean sunfish
Aledon storeri	synonym	1732	Mola mola	Actinopteri	Tetraodontiformes	Molidae	Mola	Ocean sunfish
Cephalus brevis	synonym	1732	Mola mola	Actinopteri	Tetraodontiformes	Molidae	Mola	Ocean sunfish
Cephalus ortagoriscus	synonym	1732	Mola mola	Actinopteri	Tetraodontiformes	Molidae	Mola	Ocean sunfish
Cephalus pallasianus	synonym	1732	Mola mola	Actinopteri	Tetraodontiformes	Molidae	Mola	Ocean sunfish
Diodon carinatus	synonym	1732	Mola mola	Actinopteri	Tetraodontiformes	Molidae	Mola	Ocean sunfish
Diodon mola	synonym	1732	Mola mola	Actinopteri	Tetraodontiformes	Molidae	Mola	Ocean sunfish
Diodon nummularis	synonym	1732	Mola mola	Actinopteri	Tetraodontiformes	Molidae	Mola	Ocean sunfish
Diplanchias nasus	synonym	1732	Mola mola	Actinopteri	Tetraodontiformes	Molidae	Mola	Ocean sunfish
Mola aculeata	synonym	1732	Mola mola	Actinopteri	Tetraodontiformes	Molidae	Mola	Ocean sunfish
Mola aspera	synonym	1732	Mola mola	Actinopteri	Tetraodontiformes	Molidae	Mola	Ocean sunfish
Mola hispida	synonym	1732	Mola mola	Actinopteri	Tetraodontiformes	Molidae	Mola	Ocean sunfish
Mola rotunda	synonym	1732	Mola mola	Actinopteri	Tetraodontiformes	Molidae	Mola	Ocean sunfish
Molacanthus pallasii	synonym	1732	Mola mola	Actinopteri	Tetraodontiformes	Molidae	Mola	Ocean sunfish
Orthagoriscus analis	synonym	1732	Mola mola	Actinopteri	Tetraodontiformes	Molidae	Mola	Ocean sunfish
Orthragoriscus analis	synonym	1732	Mola mola	Actinopteri	Tetraodontiformes	Molidae	Mola	Ocean sunfish
Orthragoriscus blochii	synonym	1732	Mola mola	Actinopteri	Tetraodontiformes	Molidae	Mola	Ocean sunfish
Orthragoriscus elegans	synonym	1732	Mola mola	Actinopteri	Tetraodontiformes	Molidae	Mola	Ocean sunfish
Orthragoriscus fasciatus	synonym	1732	Mola mola	Actinopteri	Tetraodontiformes	Molidae	Mola	Ocean sunfish
Orthragoriscus ghini	synonym	1732	Mola mola	Actinopteri	Tetraodontiformes	Molidae	Mola	Ocean sunfish
Orthragoriscus hispidus	synonym	1732	Mola mola	Actinopteri	Tetraodontiformes	Molidae	Mola	Ocean sunfish
Orthragoriscus lunaris	synonym	1732	Mola mola	Actinopteri	Tetraodontiformes	Molidae	Mola	Ocean sunfish
Orthragoriscus mola	synonym	1732	Mola mola	Actinopteri	Tetraodontiformes	Molidae	Mola	Ocean sunfish
Orthragoriscus redi	synonym	1732	Mola mola	Actinopteri	Tetraodontiformes	Molidae	Mola	Ocean sunfish
Orthragoriscus retzii	synonym	1732	Mola mola	Actinopteri	Tetraodontiformes	Molidae	Mola	Ocean sunfish
Orthragoriscus rondeletii	synonym	1732	Mola mola	Actinopteri	Tetraodontiformes	Molidae	Mola	Ocean sunfish
Orthragus luna	synonym	1732	Mola mola	Actinopteri	Tetraodontiformes	Molidae	Mola	Ocean sunfish
Ozodura orsini	synonym	1732	Mola mola	Actinopteri	Tetraodontiformes	Molidae	Mola	Ocean sunfish
Pedalion gigas	synonym	1732	Mola mola	Actinopteri	Tetraodontiformes	Molidae	Mola	Ocean sunfish
Tetraodon mola	synonym	1732	Mola mola	Actinopteri	Tetraodontiformes	Molidae	Mola	Ocean sunfish
Trematopsis willugbei	synonym	1732	Mola mola	Actinopteri	Tetraodontiformes	Molidae	Mola	Ocean sunfish
Tympanomium planci	synonym	1732	Mola mola	Actinopteri	Tetraodontiformes	Molidae	Mola	Ocean sunfish
Zeus faber	accepted name	1370	Zeus faber	Actinopteri	Zeiformes	Zeidae	Zeus	John dory
Zeus australis	synonym	1370	Zeus faber	Actinopteri	Zeiformes	Zeidae	Zeus	John dory
Zeus faber mauritanicus	synonym	1370	Zeus faber	Actinopteri	Zeiformes	Zeidae	Zeus	John dory
Zeus japonicus	synonym	1370	Zeus faber	Actinopteri	Zeiformes	Zeidae	Zeus	John dory
Zeus pungio	synonym	1370	Zeus faber	Actinopteri	Zeiformes	Zeidae	Zeus	John dory
Zeuss japonicus	synonym	1370	Zeus faber	Actinopteri	Zeiformes	Zeidae	Zeus	John dory
Prionace glauca	accepted name	898	Prionace glauca	Elasmobranchii	Carcharhiniformes	Carcharhinidae	Prionace	Blue shark
Carcharhinus macki	synonym	898	Prionace glauca	Elasmobranchii	Carcharhiniformes	Carcharhinidae	Prionace	Blue shark
Carcharias aethiops	synonym	898	Prionace glauca	Elasmobranchii	Carcharhiniformes	Carcharhinidae	Prionace	Blue shark
Carcharias glaucus	synonym	898	Prionace glauca	Elasmobranchii	Carcharhiniformes	Carcharhinidae	Prionace	Blue shark
Carcharias gracilis	synonym	898	Prionace glauca	Elasmobranchii	Carcharhiniformes	Carcharhinidae	Prionace	Blue shark
Carcharias hirundinaceus	synonym	898	Prionace glauca	Elasmobranchii	Carcharhiniformes	Carcharhinidae	Prionace	Blue shark
Carcharias pugae	synonym	898	Prionace glauca	Elasmobranchii	Carcharhiniformes	Carcharhinidae	Prionace	Blue shark
Carcharias rondeletii	synonym	898	Prionace glauca	Elasmobranchii	Carcharhiniformes	Carcharhinidae	Prionace	Blue shark
Carcharias rondeletti	synonym	898	Prionace glauca	Elasmobranchii	Carcharhiniformes	Carcharhinidae	Prionace	Blue shark
Carcharinus glaucus	synonym	898	Prionace glauca	Elasmobranchii	Carcharhiniformes	Carcharhinidae	Prionace	Blue shark
Galeus thalassinus	synonym	898	Prionace glauca	Elasmobranchii	Carcharhiniformes	Carcharhinidae	Prionace	Blue shark
Glyphis glaucus	synonym	898	Prionace glauca	Elasmobranchii	Carcharhiniformes	Carcharhinidae	Prionace	Blue shark
Hypoprion isodus	synonym	898	Prionace glauca	Elasmobranchii	Carcharhiniformes	Carcharhinidae	Prionace	Blue shark
Prionace mackiei	synonym	898	Prionace glauca	Elasmobranchii	Carcharhiniformes	Carcharhinidae	Prionace	Blue shark
Prionacea glauca	synonym	898	Prionace glauca	Elasmobranchii	Carcharhiniformes	Carcharhinidae	Prionace	Blue shark
Squalus adscensionis	synonym	898	Prionace glauca	Elasmobranchii	Carcharhiniformes	Carcharhinidae	Prionace	Blue shark
Squalus caeruleus	synonym	898	Prionace glauca	Elasmobranchii	Carcharhiniformes	Carcharhinidae	Prionace	Blue shark
Squalus glaucus	synonym	898	Prionace glauca	Elasmobranchii	Carcharhiniformes	Carcharhinidae	Prionace	Blue shark
Squalus rondeletii	synonym	898	Prionace glauca	Elasmobranchii	Carcharhiniformes	Carcharhinidae	Prionace	Blue shark
Thalassinus rondeletii	synonym	898	Prionace glauca	Elasmobranchii	Carcharhiniformes	Carcharhinidae	Prionace	Blue shark
Thalassinus rondelettii	synonym	898	Prionace glauca	Elasmobranchii	Carcharhiniformes	Carcharhinidae	Prionace	Blue shark
Thalassorhinus vulpecula	synonym	898	Prionace glauca	Elasmobranchii	Carcharhiniformes	Carcharhinidae	Prionace	Blue shark
Galeus melastomus	accepted name	807	Galeus melastomus	Elasmobranchii	Carcharhiniformes	Pentanchidae	Galeus	Blackmouth catshark
Galeus melanostomus	synonym	807	Galeus melastomus	Elasmobranchii	Carcharhiniformes	Pentanchidae	Galeus	Blackmouth catshark
Pristiurus melanostomus	synonym	807	Galeus melastomus	Elasmobranchii	Carcharhiniformes	Pentanchidae	Galeus	Blackmouth catshark
Pristiurus melastomus	synonym	807	Galeus melastomus	Elasmobranchii	Carcharhiniformes	Pentanchidae	Galeus	Blackmouth catshark
Pristiurus souverbiei	synonym	807	Galeus melastomus	Elasmobranchii	Carcharhiniformes	Pentanchidae	Galeus	Blackmouth catshark
Scyllium artedi	synonym	807	Galeus melastomus	Elasmobranchii	Carcharhiniformes	Pentanchidae	Galeus	Blackmouth catshark
Scyllium artedii	synonym	807	Galeus melastomus	Elasmobranchii	Carcharhiniformes	Pentanchidae	Galeus	Blackmouth catshark
Scyllium melanostomum	synonym	807	Galeus melastomus	Elasmobranchii	Carcharhiniformes	Pentanchidae	Galeus	Blackmouth catshark
Squalus annulatus	synonym	807	Galeus melastomus	Elasmobranchii	Carcharhiniformes	Pentanchidae	Galeus	Blackmouth catshark
Squalus delarochianus	synonym	807	Galeus melastomus	Elasmobranchii	Carcharhiniformes	Pentanchidae	Galeus	Blackmouth catshark
Squalus prionurus	synonym	807	Galeus melastomus	Elasmobranchii	Carcharhiniformes	Pentanchidae	Galeus	Blackmouth catshark
Scyliorhinus canicula	accepted name	845	Scyliorhinus canicula	Elasmobranchii	Carcharhiniformes	Scyliorhinidae	Scyliorhinus	Lesser spotted dogfish
Catulus caniculus	synonym	845	Scyliorhinus canicula	Elasmobranchii	Carcharhiniformes	Scyliorhinidae	Scyliorhinus	Lesser spotted dogfish
Haploblepharus caniculus	synonym	845	Scyliorhinus canicula	Elasmobranchii	Carcharhiniformes	Scyliorhinidae	Scyliorhinus	Lesser spotted dogfish
Sciliorhinus caniculus	synonym	845	Scyliorhinus canicula	Elasmobranchii	Carcharhiniformes	Scyliorhinidae	Scyliorhinus	Lesser spotted dogfish
Scyliorhinus canicula albomaculata	synonym	845	Scyliorhinus canicula	Elasmobranchii	Carcharhiniformes	Scyliorhinidae	Scyliorhinus	Lesser spotted dogfish
Scyliorhinus caniculus	synonym	845	Scyliorhinus canicula	Elasmobranchii	Carcharhiniformes	Scyliorhinidae	Scyliorhinus	Lesser spotted dogfish
Scyliorhinus cannicula	synonym	845	Scyliorhinus canicula	Elasmobranchii	Carcharhiniformes	Scyliorhinidae	Scyliorhinus	Lesser spotted dogfish
Scyllium acutidens	synonym	845	Scyliorhinus canicula	Elasmobranchii	Carcharhiniformes	Scyliorhinidae	Scyliorhinus	Lesser spotted dogfish
Scyllium canicula	synonym	845	Scyliorhinus canicula	Elasmobranchii	Carcharhiniformes	Scyliorhinidae	Scyliorhinus	Lesser spotted dogfish
Scyllium caniculus	synonym	845	Scyliorhinus canicula	Elasmobranchii	Carcharhiniformes	Scyliorhinidae	Scyliorhinus	Lesser spotted dogfish
Scyllium catulus	synonym	845	Scyliorhinus canicula	Elasmobranchii	Carcharhiniformes	Scyliorhinidae	Scyliorhinus	Lesser spotted dogfish
Scyllium spinacipellitum	synonym	845	Scyliorhinus canicula	Elasmobranchii	Carcharhiniformes	Scyliorhinidae	Scyliorhinus	Lesser spotted dogfish
Squalus canicula	synonym	845	Scyliorhinus canicula	Elasmobranchii	Carcharhiniformes	Scyliorhinidae	Scyliorhinus	Lesser spotted dogfish
Squalus catulus	synonym	845	Scyliorhinus canicula	Elasmobranchii	Carcharhiniformes	Scyliorhinidae	Scyliorhinus	Lesser spotted dogfish
Squalus elegans	synonym	845	Scyliorhinus canicula	Elasmobranchii	Carcharhiniformes	Scyliorhinidae	Scyliorhinus	Lesser spotted dogfish
Scyliorhinus stellaris	accepted name	854	Scyliorhinus stellaris	Elasmobranchii	Carcharhiniformes	Scyliorhinidae	Scyliorhinus	Nursehound
Scyllium acanthonotum	synonym	854	Scyliorhinus stellaris	Elasmobranchii	Carcharhiniformes	Scyliorhinidae	Scyliorhinus	Nursehound
Squalus stellaris	synonym	854	Scyliorhinus stellaris	Elasmobranchii	Carcharhiniformes	Scyliorhinidae	Scyliorhinus	Nursehound
Galeorhinus galeus	accepted name	4642	Galeorhinus galeus	Elasmobranchii	Carcharhiniformes	Triakidae	Galeorhinus	Tope shark
Carcharhinus cyrano	synonym	4642	Galeorhinus galeus	Elasmobranchii	Carcharhiniformes	Triakidae	Galeorhinus	Tope shark
Eugaleus galeus	synonym	4642	Galeorhinus galeus	Elasmobranchii	Carcharhiniformes	Triakidae	Galeorhinus	Tope shark
Galeorhinus australis	synonym	4642	Galeorhinus galeus	Elasmobranchii	Carcharhiniformes	Triakidae	Galeorhinus	Tope shark
Galeorhinus chilensis	synonym	4642	Galeorhinus galeus	Elasmobranchii	Carcharhiniformes	Triakidae	Galeorhinus	Tope shark
Galeorhinus galeo	synonym	4642	Galeorhinus galeus	Elasmobranchii	Carcharhiniformes	Triakidae	Galeorhinus	Tope shark
Galeorhinus vitaminicus	synonym	4642	Galeorhinus galeus	Elasmobranchii	Carcharhiniformes	Triakidae	Galeorhinus	Tope shark
Galeorhinus zyopterus	synonym	4642	Galeorhinus galeus	Elasmobranchii	Carcharhiniformes	Triakidae	Galeorhinus	Tope shark
Galeus australis	synonym	4642	Galeorhinus galeus	Elasmobranchii	Carcharhiniformes	Triakidae	Galeorhinus	Tope shark
Galeus canis	synonym	4642	Galeorhinus galeus	Elasmobranchii	Carcharhiniformes	Triakidae	Galeorhinus	Tope shark
Galeus chilensis	synonym	4642	Galeorhinus galeus	Elasmobranchii	Carcharhiniformes	Triakidae	Galeorhinus	Tope shark
Galeus communis	synonym	4642	Galeorhinus galeus	Elasmobranchii	Carcharhiniformes	Triakidae	Galeorhinus	Tope shark
Galeus linnei	synonym	4642	Galeorhinus galeus	Elasmobranchii	Carcharhiniformes	Triakidae	Galeorhinus	Tope shark
Galeus molinae	synonym	4642	Galeorhinus galeus	Elasmobranchii	Carcharhiniformes	Triakidae	Galeorhinus	Tope shark
Galeus nilssoni	synonym	4642	Galeorhinus galeus	Elasmobranchii	Carcharhiniformes	Triakidae	Galeorhinus	Tope shark
Galeus vulgaris	synonym	4642	Galeorhinus galeus	Elasmobranchii	Carcharhiniformes	Triakidae	Galeorhinus	Tope shark
Galeus zyopterus	synonym	4642	Galeorhinus galeus	Elasmobranchii	Carcharhiniformes	Triakidae	Galeorhinus	Tope shark
Notogaleus australis	synonym	4642	Galeorhinus galeus	Elasmobranchii	Carcharhiniformes	Triakidae	Galeorhinus	Tope shark
Notogaleus rhinophanes	synonym	4642	Galeorhinus galeus	Elasmobranchii	Carcharhiniformes	Triakidae	Galeorhinus	Tope shark
Squalus galeus	synonym	4642	Galeorhinus galeus	Elasmobranchii	Carcharhiniformes	Triakidae	Galeorhinus	Tope shark
Squalus rhinophanes	synonym	4642	Galeorhinus galeus	Elasmobranchii	Carcharhiniformes	Triakidae	Galeorhinus	Tope shark
Mustelus asterias	accepted name	5938	Mustelus asterias	Elasmobranchii	Carcharhiniformes	Triakidae	Mustelus	Starry smooth-hound
Mustelus plebejus	synonym	5938	Mustelus asterias	Elasmobranchii	Carcharhiniformes	Triakidae	Mustelus	Starry smooth-hound
Mustelus stellatus	synonym	5938	Mustelus asterias	Elasmobranchii	Carcharhiniformes	Triakidae	Mustelus	Starry smooth-hound
Squalus albomaculatus	synonym	5938	Mustelus asterias	Elasmobranchii	Carcharhiniformes	Triakidae	Mustelus	Starry smooth-hound
Squalus edentulus	synonym	5938	Mustelus asterias	Elasmobranchii	Carcharhiniformes	Triakidae	Mustelus	Starry smooth-hound
Squalus hinnulus	synonym	5938	Mustelus asterias	Elasmobranchii	Carcharhiniformes	Triakidae	Mustelus	Starry smooth-hound
Mustelus mustelus	accepted name	4996	Mustelus mustelus	Elasmobranchii	Carcharhiniformes	Triakidae	Mustelus	Smooth-hound
Galeus laevis	synonym	4996	Mustelus mustelus	Elasmobranchii	Carcharhiniformes	Triakidae	Mustelus	Smooth-hound
Mustellus levis	synonym	4996	Mustelus mustelus	Elasmobranchii	Carcharhiniformes	Triakidae	Mustelus	Smooth-hound
Mustelus equestris	synonym	4996	Mustelus mustelus	Elasmobranchii	Carcharhiniformes	Triakidae	Mustelus	Smooth-hound
Mustelus laevis	synonym	4996	Mustelus mustelus	Elasmobranchii	Carcharhiniformes	Triakidae	Mustelus	Smooth-hound
Mustelus vulgaris	synonym	4996	Mustelus mustelus	Elasmobranchii	Carcharhiniformes	Triakidae	Mustelus	Smooth-hound
Squalus mustelus	synonym	4996	Mustelus mustelus	Elasmobranchii	Carcharhiniformes	Triakidae	Mustelus	Smooth-hound
Hexanchus griseus	accepted name	637	Hexanchus griseus	Elasmobranchii	Hexanchiformes	Hexanchidae	Hexanchus	Bluntnose sixgill shark
Hexanchus corinum	synonym	637	Hexanchus griseus	Elasmobranchii	Hexanchiformes	Hexanchidae	Hexanchus	Bluntnose sixgill shark
Hexanchus corinus	synonym	637	Hexanchus griseus	Elasmobranchii	Hexanchiformes	Hexanchidae	Hexanchus	Bluntnose sixgill shark
Hexanchus griseus australis	synonym	637	Hexanchus griseus	Elasmobranchii	Hexanchiformes	Hexanchidae	Hexanchus	Bluntnose sixgill shark
Monopterinus griseus	synonym	637	Hexanchus griseus	Elasmobranchii	Hexanchiformes	Hexanchidae	Hexanchus	Bluntnose sixgill shark
Notidanus griseus	synonym	637	Hexanchus griseus	Elasmobranchii	Hexanchiformes	Hexanchidae	Hexanchus	Bluntnose sixgill shark
Notidanus monge	synonym	637	Hexanchus griseus	Elasmobranchii	Hexanchiformes	Hexanchidae	Hexanchus	Bluntnose sixgill shark
Notidanus vulgaris	synonym	637	Hexanchus griseus	Elasmobranchii	Hexanchiformes	Hexanchidae	Hexanchus	Bluntnose sixgill shark
Squalus griseus	synonym	637	Hexanchus griseus	Elasmobranchii	Hexanchiformes	Hexanchidae	Hexanchus	Bluntnose sixgill shark
Squalus vacca	synonym	637	Hexanchus griseus	Elasmobranchii	Hexanchiformes	Hexanchidae	Hexanchus	Bluntnose sixgill shark
Alopias vulpinus	accepted name	2535	Alopias vulpinus	Elasmobranchii	Lamniformes	Alopiidae	Alopias	Thresher
Alopecias barrae	synonym	2535	Alopias vulpinus	Elasmobranchii	Lamniformes	Alopiidae	Alopias	Thresher
Alopecias chilensis	synonym	2535	Alopias vulpinus	Elasmobranchii	Lamniformes	Alopiidae	Alopias	Thresher
Alopecias longimana	synonym	2535	Alopias vulpinus	Elasmobranchii	Lamniformes	Alopiidae	Alopias	Thresher
Alopecias vulpes	synonym	2535	Alopias vulpinus	Elasmobranchii	Lamniformes	Alopiidae	Alopias	Thresher
Alopias caudatus	synonym	2535	Alopias vulpinus	Elasmobranchii	Lamniformes	Alopiidae	Alopias	Thresher
Alopias greyi	synonym	2535	Alopias vulpinus	Elasmobranchii	Lamniformes	Alopiidae	Alopias	Thresher
Alopias macrourus	synonym	2535	Alopias vulpinus	Elasmobranchii	Lamniformes	Alopiidae	Alopias	Thresher
Alopias vulpes	synonym	2535	Alopias vulpinus	Elasmobranchii	Lamniformes	Alopiidae	Alopias	Thresher
Carcharias vulpes	synonym	2535	Alopias vulpinus	Elasmobranchii	Lamniformes	Alopiidae	Alopias	Thresher
Galeus vulpecula	synonym	2535	Alopias vulpinus	Elasmobranchii	Lamniformes	Alopiidae	Alopias	Thresher
Squalus alopecias	synonym	2535	Alopias vulpinus	Elasmobranchii	Lamniformes	Alopiidae	Alopias	Thresher
Squalus vulpes	synonym	2535	Alopias vulpinus	Elasmobranchii	Lamniformes	Alopiidae	Alopias	Thresher
Squalus vulpinus	synonym	2535	Alopias vulpinus	Elasmobranchii	Lamniformes	Alopiidae	Alopias	Thresher
Vulpecula marina	synonym	2535	Alopias vulpinus	Elasmobranchii	Lamniformes	Alopiidae	Alopias	Thresher
Cetorhinus maximus	accepted name	90	Cetorhinus maximus	Elasmobranchii	Lamniformes	Cetorhinidae	Cetorhinus	Basking shark
Cetorhinus blainvillei	synonym	90	Cetorhinus maximus	Elasmobranchii	Lamniformes	Cetorhinidae	Cetorhinus	Basking shark
Cetorhinus maccoyi	synonym	90	Cetorhinus maximus	Elasmobranchii	Lamniformes	Cetorhinidae	Cetorhinus	Basking shark
Cetorhinus maximus infanuncula	synonym	90	Cetorhinus maximus	Elasmobranchii	Lamniformes	Cetorhinidae	Cetorhinus	Basking shark
Cetorhinus maximus normani	synonym	90	Cetorhinus maximus	Elasmobranchii	Lamniformes	Cetorhinidae	Cetorhinus	Basking shark
Cetorhinus normani	synonym	90	Cetorhinus maximus	Elasmobranchii	Lamniformes	Cetorhinidae	Cetorhinus	Basking shark
Cetorhinus rostratus	synonym	90	Cetorhinus maximus	Elasmobranchii	Lamniformes	Cetorhinidae	Cetorhinus	Basking shark
Halsydrus maccoyi	synonym	90	Cetorhinus maximus	Elasmobranchii	Lamniformes	Cetorhinidae	Cetorhinus	Basking shark
Halsydrus maximus	synonym	90	Cetorhinus maximus	Elasmobranchii	Lamniformes	Cetorhinidae	Cetorhinus	Basking shark
Halsydrus pontoppidiani	synonym	90	Cetorhinus maximus	Elasmobranchii	Lamniformes	Cetorhinidae	Cetorhinus	Basking shark
Hannovera aurata	synonym	90	Cetorhinus maximus	Elasmobranchii	Lamniformes	Cetorhinidae	Cetorhinus	Basking shark
Polyprosopus macer	synonym	90	Cetorhinus maximus	Elasmobranchii	Lamniformes	Cetorhinidae	Cetorhinus	Basking shark
Scoliophis atlanticus	synonym	90	Cetorhinus maximus	Elasmobranchii	Lamniformes	Cetorhinidae	Cetorhinus	Basking shark
Selache elephas	synonym	90	Cetorhinus maximus	Elasmobranchii	Lamniformes	Cetorhinidae	Cetorhinus	Basking shark
Selache maxima	synonym	90	Cetorhinus maximus	Elasmobranchii	Lamniformes	Cetorhinidae	Cetorhinus	Basking shark
Selache maximum	synonym	90	Cetorhinus maximus	Elasmobranchii	Lamniformes	Cetorhinidae	Cetorhinus	Basking shark
Selache maximus	synonym	90	Cetorhinus maximus	Elasmobranchii	Lamniformes	Cetorhinidae	Cetorhinus	Basking shark
Selachus pennantii	synonym	90	Cetorhinus maximus	Elasmobranchii	Lamniformes	Cetorhinidae	Cetorhinus	Basking shark
Squalis gunneri	synonym	90	Cetorhinus maximus	Elasmobranchii	Lamniformes	Cetorhinidae	Cetorhinus	Basking shark
Squalis shavianus	synonym	90	Cetorhinus maximus	Elasmobranchii	Lamniformes	Cetorhinidae	Cetorhinus	Basking shark
Squalus cetaceus	synonym	90	Cetorhinus maximus	Elasmobranchii	Lamniformes	Cetorhinidae	Cetorhinus	Basking shark
Squalus elephas	synonym	90	Cetorhinus maximus	Elasmobranchii	Lamniformes	Cetorhinidae	Cetorhinus	Basking shark
Squalus gunnerianus	synonym	90	Cetorhinus maximus	Elasmobranchii	Lamniformes	Cetorhinidae	Cetorhinus	Basking shark
Squalus homianus	synonym	90	Cetorhinus maximus	Elasmobranchii	Lamniformes	Cetorhinidae	Cetorhinus	Basking shark
Squalus isodus	synonym	90	Cetorhinus maximus	Elasmobranchii	Lamniformes	Cetorhinidae	Cetorhinus	Basking shark
Squalus maximus	synonym	90	Cetorhinus maximus	Elasmobranchii	Lamniformes	Cetorhinidae	Cetorhinus	Basking shark
Squalus pelegrinus	synonym	90	Cetorhinus maximus	Elasmobranchii	Lamniformes	Cetorhinidae	Cetorhinus	Basking shark
Squalus peregrinus	synonym	90	Cetorhinus maximus	Elasmobranchii	Lamniformes	Cetorhinidae	Cetorhinus	Basking shark
Squalus rashleighanus	synonym	90	Cetorhinus maximus	Elasmobranchii	Lamniformes	Cetorhinidae	Cetorhinus	Basking shark
Squalus rhinoceros	synonym	90	Cetorhinus maximus	Elasmobranchii	Lamniformes	Cetorhinidae	Cetorhinus	Basking shark
Squalus rostratus	synonym	90	Cetorhinus maximus	Elasmobranchii	Lamniformes	Cetorhinidae	Cetorhinus	Basking shark
Tetraoras angiova	synonym	90	Cetorhinus maximus	Elasmobranchii	Lamniformes	Cetorhinidae	Cetorhinus	Basking shark
Tetroras angiova	synonym	90	Cetorhinus maximus	Elasmobranchii	Lamniformes	Cetorhinidae	Cetorhinus	Basking shark
Tetroras maccoyi	synonym	90	Cetorhinus maximus	Elasmobranchii	Lamniformes	Cetorhinidae	Cetorhinus	Basking shark
Lamna nasus	accepted name	88	Lamna nasus	Elasmobranchii	Lamniformes	Lamnidae	Lamna	Porbeagle
Lamna cornubica	synonym	88	Lamna nasus	Elasmobranchii	Lamniformes	Lamnidae	Lamna	Porbeagle
Lamna pennanti	synonym	88	Lamna nasus	Elasmobranchii	Lamniformes	Lamnidae	Lamna	Porbeagle
Lamna philippii	synonym	88	Lamna nasus	Elasmobranchii	Lamniformes	Lamnidae	Lamna	Porbeagle
Lamna punctata	synonym	88	Lamna nasus	Elasmobranchii	Lamniformes	Lamnidae	Lamna	Porbeagle
Lamna whitleyi	synonym	88	Lamna nasus	Elasmobranchii	Lamniformes	Lamnidae	Lamna	Porbeagle
Lanna nasus	synonym	88	Lamna nasus	Elasmobranchii	Lamniformes	Lamnidae	Lamna	Porbeagle
Oxyrhina daekayi	synonym	88	Lamna nasus	Elasmobranchii	Lamniformes	Lamnidae	Lamna	Porbeagle
Selanonius walkeri	synonym	88	Lamna nasus	Elasmobranchii	Lamniformes	Lamnidae	Lamna	Porbeagle
Squalus cornubicus	synonym	88	Lamna nasus	Elasmobranchii	Lamniformes	Lamnidae	Lamna	Porbeagle
Squalus cornubiensis	synonym	88	Lamna nasus	Elasmobranchii	Lamniformes	Lamnidae	Lamna	Porbeagle
Squalus monensis	synonym	88	Lamna nasus	Elasmobranchii	Lamniformes	Lamnidae	Lamna	Porbeagle
Squalus nasus	synonym	88	Lamna nasus	Elasmobranchii	Lamniformes	Lamnidae	Lamna	Porbeagle
Squalus pennanti	synonym	88	Lamna nasus	Elasmobranchii	Lamniformes	Lamnidae	Lamna	Porbeagle
Squalus selanonus	synonym	88	Lamna nasus	Elasmobranchii	Lamniformes	Lamnidae	Lamna	Porbeagle
Dasyatis pastinaca	accepted name	2060	Dasyatis pastinaca	Elasmobranchii	Myliobatiformes	Dasyatidae	Dasyatis	Common stingray
Dasyatis pastinacus	synonym	2060	Dasyatis pastinaca	Elasmobranchii	Myliobatiformes	Dasyatidae	Dasyatis	Common stingray
Dasyatis pestinaca	synonym	2060	Dasyatis pastinaca	Elasmobranchii	Myliobatiformes	Dasyatidae	Dasyatis	Common stingray
Dasyatis ujo	synonym	2060	Dasyatis pastinaca	Elasmobranchii	Myliobatiformes	Dasyatidae	Dasyatis	Common stingray
Dasybatus pastinaca	synonym	2060	Dasyatis pastinaca	Elasmobranchii	Myliobatiformes	Dasyatidae	Dasyatis	Common stingray
Pastinaca laevis	synonym	2060	Dasyatis pastinaca	Elasmobranchii	Myliobatiformes	Dasyatidae	Dasyatis	Common stingray
Pastinaca olivacea	synonym	2060	Dasyatis pastinaca	Elasmobranchii	Myliobatiformes	Dasyatidae	Dasyatis	Common stingray
Raja pastinaca	synonym	2060	Dasyatis pastinaca	Elasmobranchii	Myliobatiformes	Dasyatidae	Dasyatis	Common stingray
Trygon pastinaca	synonym	2060	Dasyatis pastinaca	Elasmobranchii	Myliobatiformes	Dasyatidae	Dasyatis	Common stingray
Trygon vulgaris	synonym	2060	Dasyatis pastinaca	Elasmobranchii	Myliobatiformes	Dasyatidae	Dasyatis	Common stingray
Trygon vulgaris pastinaca	synonym	2060	Dasyatis pastinaca	Elasmobranchii	Myliobatiformes	Dasyatidae	Dasyatis	Common stingray
Myliobatis aquila	accepted name	4330	Myliobatis aquila	Elasmobranchii	Myliobatiformes	Myliobatidae	Myliobatis	Common eagle ray
Leiobatus aquila	synonym	4330	Myliobatis aquila	Elasmobranchii	Myliobatiformes	Myliobatidae	Myliobatis	Common eagle ray
Myliobatis cervus	synonym	4330	Myliobatis aquila	Elasmobranchii	Myliobatiformes	Myliobatidae	Myliobatis	Common eagle ray
Myliobatis equila	synonym	4330	Myliobatis aquila	Elasmobranchii	Myliobatiformes	Myliobatidae	Myliobatis	Common eagle ray
Myliobatis noctula	synonym	4330	Myliobatis aquila	Elasmobranchii	Myliobatiformes	Myliobatidae	Myliobatis	Common eagle ray
Myliobatus aquila	synonym	4330	Myliobatis aquila	Elasmobranchii	Myliobatiformes	Myliobatidae	Myliobatis	Common eagle ray
Raia rhombus	synonym	4330	Myliobatis aquila	Elasmobranchii	Myliobatiformes	Myliobatidae	Myliobatis	Common eagle ray
Raja aquila	synonym	4330	Myliobatis aquila	Elasmobranchii	Myliobatiformes	Myliobatidae	Myliobatis	Common eagle ray
Amblyraja radiata	accepted name	2565	Amblyraja radiata	Elasmobranchii	Rajiformes	Rajidae	Amblyraja	Starry ray
Raia americana	synonym	2565	Amblyraja radiata	Elasmobranchii	Rajiformes	Rajidae	Amblyraja	Starry ray
Raia scabrata	synonym	2565	Amblyraja radiata	Elasmobranchii	Rajiformes	Rajidae	Amblyraja	Starry ray
Raja radiata	synonym	2565	Amblyraja radiata	Elasmobranchii	Rajiformes	Rajidae	Amblyraja	Starry ray
Dipturus batis	accepted name	2058	Dipturus batis	Elasmobranchii	Rajiformes	Rajidae	Dipturus	Blue skate
Batis vulgaris	synonym	2058	Dipturus batis	Elasmobranchii	Rajiformes	Rajidae	Dipturus	Blue skate
Propterygia hyposticta	synonym	2058	Dipturus batis	Elasmobranchii	Rajiformes	Rajidae	Dipturus	Blue skate
Raia flossada	synonym	2058	Dipturus batis	Elasmobranchii	Rajiformes	Rajidae	Dipturus	Blue skate
Raia gaimardi	synonym	2058	Dipturus batis	Elasmobranchii	Rajiformes	Rajidae	Dipturus	Blue skate
Raja batis	synonym	2058	Dipturus batis	Elasmobranchii	Rajiformes	Rajidae	Dipturus	Blue skate
Raja flossada	synonym	2058	Dipturus batis	Elasmobranchii	Rajiformes	Rajidae	Dipturus	Blue skate
Raja macrorhynchus	synonym	2058	Dipturus batis	Elasmobranchii	Rajiformes	Rajidae	Dipturus	Blue skate
Raja macrorynchus	synonym	2058	Dipturus batis	Elasmobranchii	Rajiformes	Rajidae	Dipturus	Blue skate
Dipturus nidarosiensis	accepted name	8900	Dipturus nidarosiensis	Elasmobranchii	Rajiformes	Rajidae	Dipturus	Norwegian skate
Dipturus nidrosiensis	synonym	8900	Dipturus nidarosiensis	Elasmobranchii	Rajiformes	Rajidae	Dipturus	Norwegian skate
Raia nidrosiensis	synonym	8900	Dipturus nidarosiensis	Elasmobranchii	Rajiformes	Rajidae	Dipturus	Norwegian skate
Raja nidarosiensis	synonym	8900	Dipturus nidarosiensis	Elasmobranchii	Rajiformes	Rajidae	Dipturus	Norwegian skate
Raja nidrosiensis	synonym	8900	Dipturus nidarosiensis	Elasmobranchii	Rajiformes	Rajidae	Dipturus	Norwegian skate
Leucoraja fullonica	accepted name	7619	Leucoraja fullonica	Elasmobranchii	Rajiformes	Rajidae	Leucoraja	Shagreen ray
Raja chagrinea	synonym	7619	Leucoraja fullonica	Elasmobranchii	Rajiformes	Rajidae	Leucoraja	Shagreen ray
Raja fullonica	synonym	7619	Leucoraja fullonica	Elasmobranchii	Rajiformes	Rajidae	Leucoraja	Shagreen ray
Raja gallica	synonym	7619	Leucoraja fullonica	Elasmobranchii	Rajiformes	Rajidae	Leucoraja	Shagreen ray
Leucoraja naevus	accepted name	4326	Leucoraja naevus	Elasmobranchii	Rajiformes	Rajidae	Leucoraja	Cuckoo ray
Raja naevus	synonym	4326	Leucoraja naevus	Elasmobranchii	Rajiformes	Rajidae	Leucoraja	Cuckoo ray
Raja clavata	accepted name	2059	Raja clavata	Elasmobranchii	Rajiformes	Rajidae	Raja	Thornback ray
Cephaleutherus maculatus	synonym	2059	Raja clavata	Elasmobranchii	Rajiformes	Rajidae	Raja	Thornback ray
Hieroptera abredonensis	synonym	2059	Raja clavata	Elasmobranchii	Rajiformes	Rajidae	Raja	Thornback ray
Malacoraja clavata	synonym	2059	Raja clavata	Elasmobranchii	Rajiformes	Rajidae	Raja	Thornback ray
Raia aspera	synonym	2059	Raja clavata	Elasmobranchii	Rajiformes	Rajidae	Raja	Thornback ray
Raia rhizacanthus	synonym	2059	Raja clavata	Elasmobranchii	Rajiformes	Rajidae	Raja	Thornback ray
Raia rubus	synonym	2059	Raja clavata	Elasmobranchii	Rajiformes	Rajidae	Raja	Thornback ray
Raja aspera	synonym	2059	Raja clavata	Elasmobranchii	Rajiformes	Rajidae	Raja	Thornback ray
Raja bonaespeiensis	synonym	2059	Raja clavata	Elasmobranchii	Rajiformes	Rajidae	Raja	Thornback ray
Raja capensis	synonym	2059	Raja clavata	Elasmobranchii	Rajiformes	Rajidae	Raja	Thornback ray
Raja leiobatos	synonym	2059	Raja clavata	Elasmobranchii	Rajiformes	Rajidae	Raja	Thornback ray
Raja pontica	synonym	2059	Raja clavata	Elasmobranchii	Rajiformes	Rajidae	Raja	Thornback ray
Raja rubus	synonym	2059	Raja clavata	Elasmobranchii	Rajiformes	Rajidae	Raja	Thornback ray
Raja montagui	accepted name	4329	Raja montagui	Elasmobranchii	Rajiformes	Rajidae	Raja	Spotted ray
Pristis pectinata	accepted name	2057	Pristis pectinata	Elasmobranchii	Rhinopristiformes	Pristidae	Pristis	Smalltooth sawfish
Pristis acutirostris	synonym	2057	Pristis pectinata	Elasmobranchii	Rhinopristiformes	Pristidae	Pristis	Smalltooth sawfish
Pristis annandalei	synonym	2057	Pristis pectinata	Elasmobranchii	Rhinopristiformes	Pristidae	Pristis	Smalltooth sawfish
Pristis evermanni	synonym	2057	Pristis pectinata	Elasmobranchii	Rhinopristiformes	Pristidae	Pristis	Smalltooth sawfish
Pristis granulosa	synonym	2057	Pristis pectinata	Elasmobranchii	Rhinopristiformes	Pristidae	Pristis	Smalltooth sawfish
Pristis leptodon	synonym	2057	Pristis pectinata	Elasmobranchii	Rhinopristiformes	Pristidae	Pristis	Smalltooth sawfish
Pristis megalodon	synonym	2057	Pristis pectinata	Elasmobranchii	Rhinopristiformes	Pristidae	Pristis	Smalltooth sawfish
Pristis occa	synonym	2057	Pristis pectinata	Elasmobranchii	Rhinopristiformes	Pristidae	Pristis	Smalltooth sawfish
Pristis pectinatus	synonym	2057	Pristis pectinata	Elasmobranchii	Rhinopristiformes	Pristidae	Pristis	Smalltooth sawfish
Pristis serra	synonym	2057	Pristis pectinata	Elasmobranchii	Rhinopristiformes	Pristidae	Pristis	Smalltooth sawfish
Pristis woermanni	synonym	2057	Pristis pectinata	Elasmobranchii	Rhinopristiformes	Pristidae	Pristis	Smalltooth sawfish
Pristobatus occa	synonym	2057	Pristis pectinata	Elasmobranchii	Rhinopristiformes	Pristidae	Pristis	Smalltooth sawfish
Etmopterus spinax	accepted name	687	Etmopterus spinax	Elasmobranchii	Squaliformes	Etmopteridae	Etmopterus	Velvet belly
Etmopterus aculeatus	synonym	687	Etmopterus spinax	Elasmobranchii	Squaliformes	Etmopteridae	Etmopterus	Velvet belly
Spinax gunneri	synonym	687	Etmopterus spinax	Elasmobranchii	Squaliformes	Etmopteridae	Etmopterus	Velvet belly
Spinax linnei	synonym	687	Etmopterus spinax	Elasmobranchii	Squaliformes	Etmopteridae	Etmopterus	Velvet belly
Spinax niger	synonym	687	Etmopterus spinax	Elasmobranchii	Squaliformes	Etmopteridae	Etmopterus	Velvet belly
Spinax vitulinus	synonym	687	Etmopterus spinax	Elasmobranchii	Squaliformes	Etmopteridae	Etmopterus	Velvet belly
Squalus niger	synonym	687	Etmopterus spinax	Elasmobranchii	Squaliformes	Etmopteridae	Etmopterus	Velvet belly
Squalus spinax	synonym	687	Etmopterus spinax	Elasmobranchii	Squaliformes	Etmopteridae	Etmopterus	Velvet belly
Oxynotus centrina	accepted name	718	Oxynotus centrina	Elasmobranchii	Squaliformes	Oxynotidae	Oxynotus	Angular roughshark
Centrina oxynotus	synonym	718	Oxynotus centrina	Elasmobranchii	Squaliformes	Oxynotidae	Oxynotus	Angular roughshark
Centrina salviani	synonym	718	Oxynotus centrina	Elasmobranchii	Squaliformes	Oxynotidae	Oxynotus	Angular roughshark
Centrina vulpecula	synonym	718	Oxynotus centrina	Elasmobranchii	Squaliformes	Oxynotidae	Oxynotus	Angular roughshark
Oxinotus centrina	synonym	718	Oxynotus centrina	Elasmobranchii	Squaliformes	Oxynotidae	Oxynotus	Angular roughshark
Oxynotus shubnikovi	synonym	718	Oxynotus centrina	Elasmobranchii	Squaliformes	Oxynotidae	Oxynotus	Angular roughshark
Squalus centrina	synonym	718	Oxynotus centrina	Elasmobranchii	Squaliformes	Oxynotidae	Oxynotus	Angular roughshark
Somniosus microcephalus	accepted name	138	Somniosus microcephalus	Elasmobranchii	Squaliformes	Somniosidae	Somniosus	Greenland shark
Leiodon echinatum	synonym	138	Somniosus microcephalus	Elasmobranchii	Squaliformes	Somniosidae	Somniosus	Greenland shark
Scymnus glacialis	synonym	138	Somniosus microcephalus	Elasmobranchii	Squaliformes	Somniosidae	Somniosus	Greenland shark
Scymnus gunneri	synonym	138	Somniosus microcephalus	Elasmobranchii	Squaliformes	Somniosidae	Somniosus	Greenland shark
Scymnus micropterus	synonym	138	Somniosus microcephalus	Elasmobranchii	Squaliformes	Somniosidae	Somniosus	Greenland shark
Somniosus brevipinna	synonym	138	Somniosus microcephalus	Elasmobranchii	Squaliformes	Somniosidae	Somniosus	Greenland shark
Squalus borealis	synonym	138	Somniosus microcephalus	Elasmobranchii	Squaliformes	Somniosidae	Somniosus	Greenland shark
Squalus microcephalus	synonym	138	Somniosus microcephalus	Elasmobranchii	Squaliformes	Somniosidae	Somniosus	Greenland shark
Squalus norvegianus	synonym	138	Somniosus microcephalus	Elasmobranchii	Squaliformes	Somniosidae	Somniosus	Greenland shark
Squalus acanthias	accepted name	139	Squalus acanthias	Elasmobranchii	Squaliformes	Squalidae	Squalus	Picked dogfish
Acanthias americanus	synonym	139	Squalus acanthias	Elasmobranchii	Squaliformes	Squalidae	Squalus	Picked dogfish
Acanthias antiguorum	synonym	139	Squalus acanthias	Elasmobranchii	Squaliformes	Squalidae	Squalus	Picked dogfish
Acanthias commun	synonym	139	Squalus acanthias	Elasmobranchii	Squaliformes	Squalidae	Squalus	Picked dogfish
Acanthias lebruni	synonym	139	Squalus acanthias	Elasmobranchii	Squaliformes	Squalidae	Squalus	Picked dogfish
Acanthias linnei	synonym	139	Squalus acanthias	Elasmobranchii	Squaliformes	Squalidae	Squalus	Picked dogfish
Acanthias vulgaris	synonym	139	Squalus acanthias	Elasmobranchii	Squaliformes	Squalidae	Squalus	Picked dogfish
Spinax mediterraneus	synonym	139	Squalus acanthias	Elasmobranchii	Squaliformes	Squalidae	Squalus	Picked dogfish
Squalus acanthias acanthias	synonym	139	Squalus acanthias	Elasmobranchii	Squaliformes	Squalidae	Squalus	Picked dogfish
Squalus acanthias africana	synonym	139	Squalus acanthias	Elasmobranchii	Squaliformes	Squalidae	Squalus	Picked dogfish
Squalus acanthias chilensis	synonym	139	Squalus acanthias	Elasmobranchii	Squaliformes	Squalidae	Squalus	Picked dogfish
Squalus acanthias ponticus	synonym	139	Squalus acanthias	Elasmobranchii	Squaliformes	Squalidae	Squalus	Picked dogfish
Squalus acanthis	synonym	139	Squalus acanthias	Elasmobranchii	Squaliformes	Squalidae	Squalus	Picked dogfish
Squalus achantias	synonym	139	Squalus acanthias	Elasmobranchii	Squaliformes	Squalidae	Squalus	Picked dogfish
Squalus antiquorum	synonym	139	Squalus acanthias	Elasmobranchii	Squaliformes	Squalidae	Squalus	Picked dogfish
Squalus barbouri	synonym	139	Squalus acanthias	Elasmobranchii	Squaliformes	Squalidae	Squalus	Picked dogfish
Squalus canis	synonym	139	Squalus acanthias	Elasmobranchii	Squaliformes	Squalidae	Squalus	Picked dogfish
Squalus fernandinus	synonym	139	Squalus acanthias	Elasmobranchii	Squaliformes	Squalidae	Squalus	Picked dogfish
Squalus kirki	synonym	139	Squalus acanthias	Elasmobranchii	Squaliformes	Squalidae	Squalus	Picked dogfish
Squalus suckleyi acanthias	synonym	139	Squalus acanthias	Elasmobranchii	Squaliformes	Squalidae	Squalus	Picked dogfish
Squalus tasmaniensis	synonym	139	Squalus acanthias	Elasmobranchii	Squaliformes	Squalidae	Squalus	Picked dogfish
Squalus wakiyae	synonym	139	Squalus acanthias	Elasmobranchii	Squaliformes	Squalidae	Squalus	Picked dogfish
Squalus whitleyi	synonym	139	Squalus acanthias	Elasmobranchii	Squaliformes	Squalidae	Squalus	Picked dogfish
Squatina squatina	accepted name	736	Squatina squatina	Elasmobranchii	Squatiniformes	Squatinidae	Squatina	Angelshark
Squalraia acephala	synonym	736	Squatina squatina	Elasmobranchii	Squatiniformes	Squatinidae	Squatina	Angelshark
Squalraia cervicata	synonym	736	Squatina squatina	Elasmobranchii	Squatiniformes	Squatinidae	Squatina	Angelshark
Squalus squatina	synonym	736	Squatina squatina	Elasmobranchii	Squatiniformes	Squatinidae	Squatina	Angelshark
Squatina angelus	synonym	736	Squatina squatina	Elasmobranchii	Squatiniformes	Squatinidae	Squatina	Angelshark
Squatina europaea	synonym	736	Squatina squatina	Elasmobranchii	Squatiniformes	Squatinidae	Squatina	Angelshark
Squatina laevis	synonym	736	Squatina squatina	Elasmobranchii	Squatiniformes	Squatinidae	Squatina	Angelshark
Squatina lewis	synonym	736	Squatina squatina	Elasmobranchii	Squatiniformes	Squatinidae	Squatina	Angelshark
Squatina squatini	synonym	736	Squatina squatina	Elasmobranchii	Squatiniformes	Squatinidae	Squatina	Angelshark
Squatina vulgaris	synonym	736	Squatina squatina	Elasmobranchii	Squatiniformes	Squatinidae	Squatina	Angelshark
Tetronarce nobiliana	accepted name	2553	Tetronarce nobiliana	Elasmobranchii	Torpediniformes	Torpedinidae	Tetronarce	Electric ray
Narcacion nobilianus	synonym	2553	Tetronarce nobiliana	Elasmobranchii	Torpediniformes	Torpedinidae	Tetronarce	Electric ray
Narcobatus nobilianus	synonym	2553	Tetronarce nobiliana	Elasmobranchii	Torpediniformes	Torpedinidae	Tetronarce	Electric ray
Torpedo emarginata	synonym	2553	Tetronarce nobiliana	Elasmobranchii	Torpediniformes	Torpedinidae	Tetronarce	Electric ray
Torpedo hebetans	synonym	2553	Tetronarce nobiliana	Elasmobranchii	Torpediniformes	Torpedinidae	Tetronarce	Electric ray
Torpedo nigra	synonym	2553	Tetronarce nobiliana	Elasmobranchii	Torpediniformes	Torpedinidae	Tetronarce	Electric ray
Torpedo nobiliana	synonym	2553	Tetronarce nobiliana	Elasmobranchii	Torpediniformes	Torpedinidae	Tetronarce	Electric ray
Torpedo nobilianus	synonym	2553	Tetronarce nobiliana	Elasmobranchii	Torpediniformes	Torpedinidae	Tetronarce	Electric ray
Torpedo nobililana	synonym	2553	Tetronarce nobiliana	Elasmobranchii	Torpediniformes	Torpedinidae	Tetronarce	Electric ray
Torpedo walshii	synonym	2553	Tetronarce nobiliana	Elasmobranchii	Torpediniformes	Torpedinidae	Tetronarce	Electric ray
Torpedo marmorata	accepted name	5132	Torpedo marmorata	Elasmobranchii	Torpediniformes	Torpedinidae	Torpedo	Marbled electric ray
Narcacion marmoratus	synonym	5132	Torpedo marmorata	Elasmobranchii	Torpediniformes	Torpedinidae	Torpedo	Marbled electric ray
Narcobatus marmoratus	synonym	5132	Torpedo marmorata	Elasmobranchii	Torpediniformes	Torpedinidae	Torpedo	Marbled electric ray
Torpedo diversicolor	synonym	5132	Torpedo marmorata	Elasmobranchii	Torpediniformes	Torpedinidae	Torpedo	Marbled electric ray
Torpedo galvani	synonym	5132	Torpedo marmorata	Elasmobranchii	Torpediniformes	Torpedinidae	Torpedo	Marbled electric ray
Torpedo immaculata	synonym	5132	Torpedo marmorata	Elasmobranchii	Torpediniformes	Torpedinidae	Torpedo	Marbled electric ray
Torpedo picta	synonym	5132	Torpedo marmorata	Elasmobranchii	Torpediniformes	Torpedinidae	Torpedo	Marbled electric ray
Torpedo punctata	synonym	5132	Torpedo marmorata	Elasmobranchii	Torpediniformes	Torpedinidae	Torpedo	Marbled electric ray
Torpedo trepidans	synonym	5132	Torpedo marmorata	Elasmobranchii	Torpediniformes	Torpedinidae	Torpedo	Marbled electric ray
Torpedo vulgaris	synonym	5132	Torpedo marmorata	Elasmobranchii	Torpediniformes	Torpedinidae	Torpedo	Marbled electric ray
Chimaera monstrosa	accepted name	2503	Chimaera monstrosa	Holocephali	Chimaeriformes	Chimaeridae	Chimaera	Rabbit fish
Chimaera arctica	synonym	2503	Chimaera monstrosa	Holocephali	Chimaeriformes	Chimaeridae	Chimaera	Rabbit fish
Chimaera argentea	synonym	2503	Chimaera monstrosa	Holocephali	Chimaeriformes	Chimaeridae	Chimaera	Rabbit fish
Chimaera borealis	synonym	2503	Chimaera monstrosa	Holocephali	Chimaeriformes	Chimaeridae	Chimaera	Rabbit fish
Chimaera cristata	synonym	2503	Chimaera monstrosa	Holocephali	Chimaeriformes	Chimaeridae	Chimaera	Rabbit fish
Chimaera dubia	synonym	2503	Chimaera monstrosa	Holocephali	Chimaeriformes	Chimaeridae	Chimaera	Rabbit fish
Chimaera mediterranea	synonym	2503	Chimaera monstrosa	Holocephali	Chimaeriformes	Chimaeridae	Chimaera	Rabbit fish
Myxine glutinosa	accepted name	2513	Myxine glutinosa	Myxini	Myxiniformes	Myxinidae	Myxine	Atlantic hagfish
Gasterobranchus glutinosus	synonym	2513	Myxine glutinosa	Myxini	Myxiniformes	Myxinidae	Myxine	Atlantic hagfish
Gastrobranchus coecus	synonym	2513	Myxine glutinosa	Myxini	Myxiniformes	Myxinidae	Myxine	Atlantic hagfish
Myxine glutinosa australis	synonym	2513	Myxine glutinosa	Myxini	Myxiniformes	Myxinidae	Myxine	Atlantic hagfish
Myxine glutinosa limosa	synonym	2513	Myxine glutinosa	Myxini	Myxiniformes	Myxinidae	Myxine	Atlantic hagfish
Myxine glutinosa septentrionalis	synonym	2513	Myxine glutinosa	Myxini	Myxiniformes	Myxinidae	Myxine	Atlantic hagfish
Lampetra fluviatilis	accepted name	4480	Lampetra fluviatilis	Petromyzonti	Petromyzontiformes	Petromyzontidae	Lampetra	River lamprey
Ammocoetes communis	synonym	4480	Lampetra fluviatilis	Petromyzonti	Petromyzontiformes	Petromyzontidae	Lampetra	River lamprey
Lampetra fluviatilis typica	synonym	4480	Lampetra fluviatilis	Petromyzonti	Petromyzontiformes	Petromyzontidae	Lampetra	River lamprey
Lampetra opisthodon	synonym	4480	Lampetra fluviatilis	Petromyzonti	Petromyzontiformes	Petromyzontidae	Lampetra	River lamprey
Petromyzon branchialis	synonym	4480	Lampetra fluviatilis	Petromyzonti	Petromyzontiformes	Petromyzontidae	Lampetra	River lamprey
Petromyzon fluviatilis	synonym	4480	Lampetra fluviatilis	Petromyzonti	Petromyzontiformes	Petromyzontidae	Lampetra	River lamprey
Petromyzon jurae	synonym	4480	Lampetra fluviatilis	Petromyzonti	Petromyzontiformes	Petromyzontidae	Lampetra	River lamprey
Petromyzon macrops	synonym	4480	Lampetra fluviatilis	Petromyzonti	Petromyzontiformes	Petromyzontidae	Lampetra	River lamprey
Petromyzon omalii	synonym	4480	Lampetra fluviatilis	Petromyzonti	Petromyzontiformes	Petromyzontidae	Lampetra	River lamprey
Petromyzon pricka	synonym	4480	Lampetra fluviatilis	Petromyzonti	Petromyzontiformes	Petromyzontidae	Lampetra	River lamprey
Petromyzon sanguisuga	synonym	4480	Lampetra fluviatilis	Petromyzonti	Petromyzontiformes	Petromyzontidae	Lampetra	River lamprey
Lampetra planeri	accepted name	4481	Lampetra planeri	Petromyzonti	Petromyzontiformes	Petromyzontidae	Lampetra	European brook lamprey
Petromyzon anomalum	synonym	4481	Lampetra planeri	Petromyzonti	Petromyzontiformes	Petromyzontidae	Lampetra	European brook lamprey
Petromyzon bicolor	synonym	4481	Lampetra planeri	Petromyzonti	Petromyzontiformes	Petromyzontidae	Lampetra	European brook lamprey
Petromyzon caecus	synonym	4481	Lampetra planeri	Petromyzonti	Petromyzontiformes	Petromyzontidae	Lampetra	European brook lamprey
Petromyzon fluviatilis larvalis	synonym	4481	Lampetra planeri	Petromyzonti	Petromyzontiformes	Petromyzontidae	Lampetra	European brook lamprey
Petromyzon fluviatilis minor	synonym	4481	Lampetra planeri	Petromyzonti	Petromyzontiformes	Petromyzontidae	Lampetra	European brook lamprey
Petromyzon niger	synonym	4481	Lampetra planeri	Petromyzonti	Petromyzontiformes	Petromyzontidae	Lampetra	European brook lamprey
Petromyzon planeri	synonym	4481	Lampetra planeri	Petromyzonti	Petromyzontiformes	Petromyzontidae	Lampetra	European brook lamprey
Petromyzon septoeuil	synonym	4481	Lampetra planeri	Petromyzonti	Petromyzontiformes	Petromyzontidae	Lampetra	European brook lamprey
Petromyzon marinus	accepted name	2530	Petromyzon marinus	Petromyzonti	Petromyzontiformes	Petromyzontidae	Petromyzon	Sea lamprey
Ammocoetes bicolor	synonym	2530	Petromyzon marinus	Petromyzonti	Petromyzontiformes	Petromyzontidae	Petromyzon	Sea lamprey
Batymyzon bairdii	synonym	2530	Petromyzon marinus	Petromyzonti	Petromyzontiformes	Petromyzontidae	Petromyzon	Sea lamprey
Lampetra marina	synonym	2530	Petromyzon marinus	Petromyzonti	Petromyzontiformes	Petromyzontidae	Petromyzon	Sea lamprey
Oceanomyzon wilsoni	synonym	2530	Petromyzon marinus	Petromyzonti	Petromyzontiformes	Petromyzontidae	Petromyzon	Sea lamprey
Petromyzon adriaticus	synonym	2530	Petromyzon marinus	Petromyzonti	Petromyzontiformes	Petromyzontidae	Petromyzon	Sea lamprey
Petromyzon americanus	synonym	2530	Petromyzon marinus	Petromyzonti	Petromyzontiformes	Petromyzontidae	Petromyzon	Sea lamprey
Petromyzon bairdii	synonym	2530	Petromyzon marinus	Petromyzonti	Petromyzontiformes	Petromyzontidae	Petromyzon	Sea lamprey
Petromyzon lampetra	synonym	2530	Petromyzon marinus	Petromyzonti	Petromyzontiformes	Petromyzontidae	Petromyzon	Sea lamprey
Petromyzon maculosus	synonym	2530	Petromyzon marinus	Petromyzonti	Petromyzontiformes	Petromyzontidae	Petromyzon	Sea lamprey
Petromyzon marinus dorsatus	synonym	2530	Petromyzon marinus	Petromyzonti	Petromyzontiformes	Petromyzontidae	Petromyzon	Sea lamprey
Petromyzon marinus unicolor	synonym	2530	Petromyzon marinus	Petromyzonti	Petromyzontiformes	Petromyzontidae	Petromyzon	Sea lamprey
Petromyzon maximus	synonym	2530	Petromyzon marinus	Petromyzonti	Petromyzontiformes	Petromyzontidae	Petromyzon	Sea lamprey
Petromyzon nigricans	synonym	2530	Petromyzon marinus	Petromyzonti	Petromyzontiformes	Petromyzontidae	Petromyzon	Sea lamprey
Petromyzon ruber	synonym	2530	Petromyzon marinus	Petromyzonti	Petromyzontiformes	Petromyzontidae	Petromyzon	Sea lamprey
